type,tickOffset,tickLength,valueRaw,valuePretty,canonical,density,interval,tempo,timeSignature,keySignature
ticksPerQuarter,0,0,384,384,,,,,,
keySignature,0,0,0:0,C Major,,,,,,
timeSignature,0,0,4:4,4/4,,,,,,
tempo,0,0,500000,120,,,,,,
note,628,77,57:53,A3,A3,0.3062,m2,120,4/4,C Major
note,737,93,58:54,A#3,Bb3,0.3572,d5,120,4/4,C Major
note,840,75,52:57,E3,E3,0.3572,M6,120,4/4,C Major
note,940,123,61:58,C#4,Db4,0.4082,M3,120,4/4,C Major
note,999,195,33:43,A1,A1,0.3572,P1,120,4/4,C Major
note,1002,177,45:45,A2,A2,0.3572,P5,120,4/4,C Major
note,1022,88,64:56,E4,E4,0.3062,M6,120,4/4,C Major
note,1115,56,55:54,G3,G3,0.4082,M2,120,4/4,C Major
note,1198,37,57:57,A3,A3,0.4082,m2,120,4/4,C Major
note,1255,29,58:65,A#3,Bb3,0.4082,P4,120,4/4,C Major
note,1315,57,53:58,F3,F3,0.4082,M6,120,4/4,C Major
note,1385,95,62:71,D4,D4,0.4082,m3,120,4/4,C Major
note,1446,130,65:69,F4,F4,0.4082,m3,120,4/4,C Major
note,1448,49,50:52,D3,D3,0.3572,P1,120,4/4,C Major
note,1457,54,38:48,D2,D2,0.3062,P5,120,4/4,C Major
note,1518,66,57:70,A3,A3,0.4082,m3,120,4/4,C Major
note,1587,78,60:64,C4,C4,0.4082,m2,120,4/4,C Major
note,1649,59,61:79,C#4,Db4,0.4082,d5,120,4/4,C Major
note,1731,48,55:69,G3,G3,0.4082,M6,120,4/4,C Major
note,1790,202,64:70,E4,E4,0.4082,P1,120,4/4,C Major
note,1847,32,40:59,E2,E2,0.4082,P1,120,4/4,C Major
note,1847,33,52:66,E3,E3,0.4082,m3,120,4/4,C Major
note,1852,110,67:78,G4,G4,0.3572,M6,120,4/4,C Major
note,1946,62,58:65,A#3,Bb3,0.4593,M3,120,4/4,C Major
note,2007,59,62:73,D4,D4,0.4082,m2,120,4/4,C Major
note,2057,52,63:83,D#4,Eb4,0.4082,d5,120,4/4,C Major
note,2126,33,57:72,A3,A3,0.4082,P1,120,4/4,C Major
note,2192,84,69:77,A4,A4,0.4082,m3,120,4/4,C Major
note,2233,24,54:66,F#3,Gb3,0.4082,P1,120,4/4,C Major
note,2238,22,42:65,F#2,Gb2,0.3572,d5,120,4/4,C Major
note,2256,48,72:89,C5,C5,0.3062,P1,120,4/4,C Major
note,2324,71,60:76,C4,C4,0.4082,M2,120,4/4,C Major
note,2406,62,62:85,D4,D4,0.4082,m2,120,4/4,C Major
note,2468,33,63:75,D#4,Eb4,0.4082,P4,120,4/4,C Major
note,2526,85,58:79,A#3,Bb3,0.4082,M6,120,4/4,C Major
note,2593,104,67:65,G4,G4,0.4082,P1,120,4/4,C Major
note,2645,23,55:84,G3,G3,0.4082,P1,120,4/4,C Major
note,2652,29,43:62,G2,G2,0.3572,m3,120,4/4,C Major
note,2660,104,70:88,A#4,Bb4,0.3062,m6,120,4/4,C Major
note,2741,54,62:70,D4,D4,0.4593,M2,120,4/4,C Major
note,2805,56,64:76,E4,E4,0.4593,m2,120,4/4,C Major
note,2855,58,65:84,F4,F4,0.4593,d5,120,4/4,C Major
note,2920,28,59:74,B3,B3,0.4082,P1,120,4/4,C Major
note,2980,92,71:89,B4,B4,0.4082,m3,120,4/4,C Major
note,3045,21,56:80,G#3,Ab3,0.4082,d5,120,4/4,C Major
note,3046,91,74:98,D5,D5,0.3572,d5,120,4/4,C Major
note,3049,25,44:73,G#2,Ab2,0.3062,M6,120,4/4,C Major
note,3116,65,65:78,F4,F4,0.4082,M2,120,4/4,C Major
note,3181,71,67:77,G4,G4,0.4082,m2,120,4/4,C Major
note,3238,47,68:85,G#4,Ab4,0.4082,d5,120,4/4,C Major
note,3305,42,62:81,D4,D4,0.4082,P1,120,4/4,C Major
note,3385,90,74:85,D5,D5,0.4082,P4,120,4/4,C Major
note,3434,621,57:86,A3,A3,0.3572,P1,120,4/4,C Major
note,3439,618,45:73,A2,A2,0.3062,m6,120,4/4,C Major
note,3449,76,77:94,F5,F5,0.3062,P1,120,4/4,C Major
note,3535,83,65:74,F4,F4,0.3062,m3,120,4/4,C Major
note,3618,67,68:78,G#4,Ab4,0.3062,m2,120,4/4,C Major
note,3682,55,69:75,A4,A4,0.3062,P4,120,4/4,C Major
note,3759,46,64:72,E4,E4,0.3062,M6,120,4/4,C Major
note,3824,90,73:79,C#5,Db5,0.3062,m3,120,4/4,C Major
note,3884,94,76:79,E5,E5,0.3062,M6,120,4/4,C Major
note,3953,59,67:61,G4,G4,0.4593,M2,120,4/4,C Major
note,4017,60,69:66,A4,A4,0.4593,m2,120,4/4,C Major
note,4084,32,70:67,A#4,Bb4,0.4593,d5,120,4/4,C Major
note,4158,37,64:59,E4,E4,0.4593,M6,120,4/4,C Major
note,4222,85,73:68,C#5,Db5,0.4593,M3,120,4/4,C Major
note,4275,91,45:47,A2,A2,0.4593,M3,120,4/4,C Major
note,4277,112,49:50,C#3,Db3,0.4593,m6,120,4/4,C Major
note,4281,117,57:50,A3,A3,0.4082,P5,120,4/4,C Major
note,4296,75,76:71,E5,E5,0.5103,M6,120,4/4,C Major
note,4360,58,67:63,G4,G4,0.5103,M2,120,4/4,C Major
note,4437,48,69:57,A4,A4,0.5103,m2,120,4/4,C Major
note,4489,48,70:75,A#4,Bb4,0.5103,P4,120,4/4,C Major
note,4560,39,65:67,F4,F4,0.4593,M6,120,4/4,C Major
note,4614,90,74:76,D5,D5,0.4593,P1,120,4/4,C Major
note,4660,165,62:74,D4,D4,0.4593,P1,120,4/4,C Major
note,4671,114,50:58,D3,D3,0.5103,m3,120,4/4,C Major
note,4671,165,53:61,F3,F3,0.5103,P1,120,4/4,C Major
note,4678,115,77:83,F5,F5,0.5103,m6,120,4/4,C Major
note,4744,68,69:73,A4,A4,0.4593,m3,120,4/4,C Major
note,4809,88,72:76,C5,C5,0.4593,m2,120,4/4,C Major
note,4871,71,73:86,C#5,Db5,0.4593,d5,120,4/4,C Major
note,4951,51,67:83,G4,G4,0.5103,M6,120,4/4,C Major
note,5006,92,76:80,E5,E5,0.4593,m3,120,4/4,C Major
note,5053,198,61:91,C#4,Db4,0.4593,d5,120,4/4,C Major
note,5054,141,55:82,G3,G3,0.4082,m3,120,4/4,C Major
note,5060,129,52:72,E3,E3,0.3572,m3,120,4/4,C Major
note,5060,128,79:90,G5,G5,0.3572,M6,120,4/4,C Major
note,5145,55,70:78,A#4,Bb4,0.5613,M3,120,4/4,C Major
note,5210,72,74:82,D5,D5,0.5613,m2,120,4/4,C Major
note,5266,49,75:95,D#5,Eb5,0.5103,d5,120,4/4,C Major
note,5329,49,69:83,A4,A4,0.5103,P1,120,4/4,C Major
note,5394,83,81:88,A5,A5,0.5613,P1,120,4/4,C Major
note,5446,130,57:85,A3,A3,0.5103,P4,120,4/4,C Major
note,5447,151,62:90,D4,D4,0.4593,m6,120,4/4,C Major
note,5449,141,54:76,F#3,Gb3,0.4082,d5,120,4/4,C Major
note,5451,125,60:81,C4,C4,0.4082,P1,120,4/4,C Major
note,5455,52,84:95,C6,C6,0.4593,P1,120,4/4,C Major
note,5522,71,72:83,C5,C5,0.5103,M2,120,4/4,C Major
note,5593,74,74:87,D5,D5,0.5103,m2,120,4/4,C Major
note,5664,38,75:89,D#5,Eb5,0.5613,P4,120,4/4,C Major
note,5724,68,70:85,A#4,Bb4,0.5613,M6,120,4/4,C Major
note,5777,112,79:82,G5,G5,0.5103,P1,120,4/4,C Major
note,5834,125,67:95,G4,G4,0.5103,P1,120,4/4,C Major
note,5837,112,55:85,G3,G3,0.4593,m6,120,4/4,C Major
note,5838,199,63:87,D#4,Eb4,0.4082,P4,120,4/4,C Major
note,5840,162,58:78,A#3,Bb3,0.3572,P1,120,4/4,C Major
note,5849,85,82:93,A#5,Bb5,0.4593,m6,120,4/4,C Major
note,5925,49,74:76,D5,D5,0.6124,M2,120,4/4,C Major
note,5989,81,76:78,E5,E5,0.6124,m2,120,4/4,C Major
note,6042,55,77:89,F5,F5,0.6124,d5,120,4/4,C Major
note,6104,20,71:78,B4,B4,0.5613,m3,120,4/4,C Major
note,6173,80,86:93,D6,D6,0.5613,P1,120,4/4,C Major
note,6232,135,62:93,D4,D4,0.8165,m3,120,4/4,C Major
note,6232,168,65:95,F4,F4,0.8165,M6,120,4/4,C Major
note,6233,152,56:80,G#3,Ab3,0.7144,m3,120,4/4,C Major
note,6235,138,59:81,B3,B3,0.6634,d5,120,4/4,C Major
note,6235,83,89:94,F6,F6,0.6634,P1,120,4/4,C Major
note,6292,60,77:85,F5,F5,0.5613,M7,120,4/4,C Major
note,6308,26,88:43,E6,E6,0.5613,P4,120,4/4,C Major
note,6360,77,83:91,B5,B5,0.5103,M2,120,4/4,C Major
note,6417,84,85:93,C#6,Db6,0.5103,M6,120,4/4,C Major
note,6489,46,76:85,E5,E5,0.4593,P1,120,4/4,C Major
note,6563,73,88:87,E6,E6,0.6634,P5,120,4/4,C Major
note,6596,44,69:90,A4,A4,0.6124,m6,120,4/4,C Major
note,6599,47,61:79,C#4,Db4,0.5613,m3,120,4/4,C Major
note,6600,38,64:82,E4,E4,0.5103,P5,120,4/4,C Major
note,6604,25,57:73,A3,A3,0.4593,P1,120,4/4,C Major
note,6610,122,93:92,A6,A6,0.4082,P1,120,4/4,C Major
note,6692,21,81:86,A5,A5,0.3572,P4,120,4/4,C Major
note,6775,133,86:98,D6,D6,0.3062,P1,120,4/4,C Major
note,6887,39,98:111,D7,D7,0.2552,P1,120,4/4,C Major
note,6888,129,62:79,D4,D4,0.2041,P5,120,4/4,C Major
note,6888,115,69:87,A4,A4,0.2041,P4,120,4/4,C Major
note,6888,111,74:100,D5,D5,0.2041,M6,120,4/4,C Major
note,6890,123,65:81,F4,F4,0.051,m6,120,4/4,C Major
note,7298,161,57:80,A3,A3,0.2552,M2,120,4/4,C Major
note,7320,1,55:55,G3,G3,0.2041,m3,120,4/4,C Major
note,7431,208,58:91,A#3,Bb3,0.3062,d5,120,4/4,C Major
note,7568,144,52:78,E3,E3,0.3062,M6,120,4/4,C Major
note,7669,182,61:81,C#4,Db4,0.3062,M3,120,4/4,C Major
note,7765,251,45:80,A2,A2,0.3062,P1,120,4/4,C Major
note,7771,140,33:69,A1,A1,0.3062,P5,120,4/4,C Major
note,7782,134,64:87,E4,E4,0.2552,M6,120,4/4,C Major
note,7898,97,55:77,G3,G3,0.2552,M2,120,4/4,C Major
note,8000,82,57:82,A3,A3,0.4082,m2,120,4/4,C Major
note,8068,66,58:82,A#3,Bb3,0.3572,P4,120,4/4,C Major
note,8153,72,53:75,F3,F3,0.4082,M6,120,4/4,C Major
note,8222,108,62:77,D4,D4,0.4082,P1,120,4/4,C Major
note,8294,264,50:65,D3,D3,0.4082,P1,120,4/4,C Major
note,8297,195,38:57,D2,D2,0.3572,m3,120,4/4,C Major
note,8297,154,65:78,F4,F4,0.3572,m6,120,4/4,C Major
note,8380,81,57:71,A3,A3,0.4082,m3,120,4/4,C Major
note,8454,87,60:65,C4,C4,0.4082,m2,120,4/4,C Major
note,8516,68,61:80,C#4,Db4,0.4082,d5,120,4/4,C Major
note,8604,59,55:75,G3,G3,0.4082,M6,120,4/4,C Major
note,8661,124,64:69,E4,E4,0.4082,m3,120,4/4,C Major
note,8719,142,67:76,G4,G4,0.4082,m3,120,4/4,C Major
note,8738,177,52:68,E3,E3,0.3572,P1,120,4/4,C Major
note,8747,134,40:48,E2,E2,0.3572,d5,120,4/4,C Major
note,8813,70,58:67,A#3,Bb3,0.4082,M3,120,4/4,C Major
note,8884,71,62:75,D4,D4,0.4082,m2,120,4/4,C Major
note,8939,60,63:83,D#4,Eb4,0.4082,d5,120,4/4,C Major
note,9014,39,57:78,A3,A3,0.4082,P1,120,4/4,C Major
note,9085,89,69:78,A4,A4,0.4082,m3,120,4/4,C Major
note,9128,273,54:67,F#3,Gb3,0.4082,P1,120,4/4,C Major
note,9132,217,42:62,F#2,Gb2,0.3572,d5,120,4/4,C Major
note,9148,50,72:88,C5,C5,0.3062,P1,120,4/4,C Major
note,9227,64,60:73,C4,C4,0.4082,M2,120,4/4,C Major
note,9294,66,62:83,D4,D4,0.4082,m2,120,4/4,C Major
note,9353,51,63:81,D#4,Eb4,0.4082,P4,120,4/4,C Major
note,9418,72,58:76,A#3,Bb3,0.4082,M6,120,4/4,C Major
note,9476,123,67:77,G4,G4,0.4082,P1,120,4/4,C Major
note,9553,189,55:80,G3,G3,0.4082,m3,120,4/4,C Major
note,9558,95,70:85,A#4,Bb4,0.3572,m3,120,4/4,C Major
note,9561,141,43:65,G2,G2,0.3062,P5,120,4/4,C Major
note,9628,53,62:81,D4,D4,0.4082,M2,120,4/4,C Major
note,9700,61,64:78,E4,E4,0.4082,m2,120,4/4,C Major
note,9755,57,65:82,F4,F4,0.4082,d5,120,4/4,C Major
note,9832,31,59:80,B3,B3,0.4082,P1,120,4/4,C Major
note,9898,98,71:86,B4,B4,0.4082,m3,120,4/4,C Major
note,9965,98,74:97,D5,D5,0.4082,d5,120,4/4,C Major
note,9970,277,44:78,G#2,Ab2,0.3572,P1,120,4/4,C Major
note,9971,290,56:84,G#3,Ab3,0.3062,M6,120,4/4,C Major
note,10030,82,65:77,F4,F4,0.4082,M2,120,4/4,C Major
note,10105,74,67:80,G4,G4,0.4082,m2,120,4/4,C Major
note,10167,49,68:86,G#4,Ab4,0.3572,d5,120,4/4,C Major
note,10235,44,62:85,D4,D4,0.3572,P1,120,4/4,C Major
note,10316,98,74:87,D5,D5,0.3572,P4,120,4/4,C Major
note,10383,573,57:89,A3,A3,0.3572,P1,120,4/4,C Major
note,10387,567,45:74,A2,A2,0.3062,m6,120,4/4,C Major
note,10387,78,77:96,F5,F5,0.3062,P1,120,4/4,C Major
note,10478,96,65:75,F4,F4,0.3572,m3,120,4/4,C Major
note,10565,73,68:82,G#4,Ab4,0.3572,m2,120,4/4,C Major
note,10635,55,69:77,A4,A4,0.3572,P4,120,4/4,C Major
note,10708,52,64:77,E4,E4,0.3572,M6,120,4/4,C Major
note,10775,89,73:82,C#5,Db5,0.3572,m3,120,4/4,C Major
note,10846,76,76:72,E5,E5,0.3572,m2,120,4/4,C Major
note,10855,25,77:61,F5,F5,0.3062,m7,120,4/4,C Major
note,10901,64,67:69,G4,G4,0.4593,M2,120,4/4,C Major
note,10971,71,69:70,A4,A4,0.4593,m2,120,4/4,C Major
note,11048,47,70:76,A#4,Bb4,0.4593,d5,120,4/4,C Major
note,11118,44,64:55,E4,E4,0.4593,M6,120,4/4,C Major
note,11190,84,73:66,C#5,Db5,0.4593,M3,120,4/4,C Major
note,11240,34,45:56,A2,A2,0.4593,P1,120,4/4,C Major
note,11240,30,57:62,A3,A3,0.4593,m6,120,4/4,C Major
note,11243,36,49:57,C#3,Db3,0.3572,m3,120,4/4,C Major
note,11257,60,76:68,E5,E5,0.3062,M6,120,4/4,C Major
note,11325,51,67:64,G4,G4,0.4593,M2,120,4/4,C Major
note,11402,55,69:58,A4,A4,0.4593,m2,120,4/4,C Major
note,11457,52,70:72,A#4,Bb4,0.4593,P4,120,4/4,C Major
note,11540,47,65:66,F4,F4,0.4593,M6,120,4/4,C Major
note,11611,95,74:67,D5,D5,0.4593,P1,120,4/4,C Major
note,11650,53,62:70,D4,D4,0.4593,M6,120,4/4,C Major
note,11660,50,53:51,F3,F3,0.4082,m3,120,4/4,C Major
note,11667,39,50:44,D3,D3,0.4082,m3,120,4/4,C Major
note,11676,118,77:73,F5,F5,0.5103,m6,120,4/4,C Major
note,11741,71,69:71,A4,A4,0.4593,m3,120,4/4,C Major
note,11815,76,72:68,C5,C5,0.4593,m2,120,4/4,C Major
note,11865,69,73:82,C#5,Db5,0.4593,d5,120,4/4,C Major
note,11933,62,67:80,G4,G4,0.4593,M6,120,4/4,C Major
note,12005,182,76:71,E5,E5,0.4593,m3,120,4/4,C Major
note,12051,124,79:88,G5,G5,0.4593,d5,120,4/4,C Major
note,12053,63,61:82,C#4,Db4,0.4082,d5,120,4/4,C Major
note,12055,69,55:72,G3,G3,0.3572,m3,120,4/4,C Major
note,12059,65,52:70,E3,E3,0.3062,d5,120,4/4,C Major
note,12145,72,70:81,A#4,Bb4,0.5613,M3,120,4/4,C Major
note,12207,80,74:81,D5,D5,0.5103,m2,120,4/4,C Major
note,12264,57,75:96,D#5,Eb5,0.5103,d5,120,4/4,C Major
note,12328,45,69:80,A4,A4,0.5103,P1,120,4/4,C Major
note,12396,86,81:90,A5,A5,0.5103,m3,120,4/4,C Major
note,12455,98,54:78,F#3,Gb3,0.5103,m3,120,4/4,C Major
note,12455,127,57:78,A3,A3,0.5103,P4,120,4/4,C Major
note,12458,73,62:92,D4,D4,0.4082,m7,120,4/4,C Major
note,12459,48,84:95,C6,C6,0.3572,P1,120,4/4,C Major
note,12460,101,60:81,C4,C4,0.3062,P1,120,4/4,C Major
note,12523,82,72:86,C5,C5,0.5103,M2,120,4/4,C Major
note,12607,69,74:87,D5,D5,0.5103,m2,120,4/4,C Major
note,12663,53,75:88,D#5,Eb5,0.5103,P4,120,4/4,C Major
note,12731,72,70:88,A#4,Bb4,0.5613,M6,120,4/4,C Major
note,12790,102,79:79,G5,G5,0.5613,m3,120,4/4,C Major
note,12857,99,82:94,A#5,Bb5,0.5613,m3,120,4/4,C Major
note,12861,104,67:100,G4,G4,0.5103,P1,120,4/4,C Major
note,12863,116,55:84,G3,G3,0.4593,m6,120,4/4,C Major
note,12863,193,63:87,D#4,Eb4,0.4593,P4,120,4/4,C Major
note,12867,151,58:79,A#3,Bb3,0.4082,M3,120,4/4,C Major
note,12931,54,74:89,D5,D5,0.5613,M2,120,4/4,C Major
note,12998,57,76:80,E5,E5,0.5613,m2,120,4/4,C Major
note,13052,60,77:83,F5,F5,0.5613,m2,120,4/4,C Major
note,13085,41,78:23,F#5,Gb5,0.5613,P5,120,4/4,C Major
note,13118,29,71:80,B4,B4,0.5103,m3,120,4/4,C Major
note,13193,87,86:94,D6,D6,0.5103,M6,120,4/4,C Major
note,13251,172,65:103,F4,F4,0.7144,d5,120,4/4,C Major
note,13252,153,59:91,B3,B3,0.7144,m3,120,4/4,C Major
note,13252,150,62:91,D4,D4,0.7144,d5,120,4/4,C Major
note,13254,160,56:85,G#3,Ab3,0.6124,M6,120,4/4,C Major
note,13257,87,89:86,F6,F6,0.5613,P1,120,4/4,C Major
note,13324,50,77:84,F5,F5,0.5103,d5,120,4/4,C Major
note,13396,73,83:91,B5,B5,0.5103,M2,120,4/4,C Major
note,13455,74,85:93,C#6,Db6,0.5103,M6,120,4/4,C Major
note,13520,46,76:88,E5,E5,0.4593,P1,120,4/4,C Major
note,13598,61,88:85,E6,E6,0.6634,m3,120,4/4,C Major
note,13629,43,61:80,C#4,Db4,0.6124,m6,120,4/4,C Major
note,13629,45,69:91,A4,A4,0.6124,P1,120,4/4,C Major
note,13632,26,57:76,A3,A3,0.5103,P5,120,4/4,C Major
note,13633,36,64:80,E4,E4,0.4593,P4,120,4/4,C Major
note,13636,125,93:96,A6,A6,0.4082,P1,120,4/4,C Major
note,13711,23,81:90,A5,A5,0.3572,P4,120,4/4,C Major
note,13803,158,86:103,D6,D6,0.3062,P1,120,4/4,C Major
note,13946,40,98:104,D7,D7,0.3062,P4,120,4/4,C Major
note,13949,428,69:86,A4,A4,0.2552,P4,120,4/4,C Major
note,13949,322,74:98,D5,D5,0.2552,P1,120,4/4,C Major
note,13950,403,62:80,D4,D4,0.1531,m3,120,4/4,C Major
note,13955,418,65:77,F4,F4,0.1021,P1,120,4/4,C Major
note,14316,68,77:96,F5,F5,0.2552,M3,120,4/4,C Major
note,14396,104,81:94,A5,A5,0.3572,m2,120,4/4,C Major
note,14479,75,82:100,A#5,Bb5,0.3572,P4,120,4/4,C Major
note,14562,82,77:96,F5,F5,0.3062,M6,120,4/4,C Major
note,14637,129,86:98,D6,D6,0.3062,P1,120,4/4,C Major
note,14733,390,62:83,D4,D4,0.3572,P5,120,4/4,C Major
note,14733,396,69:93,A4,A4,0.3572,m6,120,4/4,C Major
note,14742,116,89:96,F6,F6,0.2552,P1,120,4/4,C Major
note,14861,132,77:86,F5,F5,0.2552,M3,120,4/4,C Major
note,14962,139,81:92,A5,A5,0.2552,m2,120,4/4,C Major
note,15068,136,82:98,A#5,Bb5,0.3572,P1,120,4/4,C Major
note,15084,253,70:96,A#4,Bb4,0.3572,d5,120,4/4,C Major
note,15177,123,76:85,E5,E5,0.3572,M3,120,4/4,C Major
note,15273,84,80:85,G#5,Ab5,0.3572,M7,120,4/4,C Major
note,15369,192,69:82,A4,A4,0.4082,P1,120,4/4,C Major
note,15372,77,81:89,A5,A5,0.3572,M6,120,4/4,C Major
note,15382,123,60:65,C4,C4,0.3062,P4,120,4/4,C Major
note,15455,85,77:86,F5,F5,0.4082,M3,120,4/4,C Major
note,15531,94,81:90,A5,A5,0.4082,m2,120,4/4,C Major
note,15602,69,82:90,A#5,Bb5,0.4082,P4,120,4/4,C Major
note,15675,73,77:89,F5,F5,0.3572,M6,120,4/4,C Major
note,15739,97,86:91,D6,D6,0.4082,P4,120,4/4,C Major
note,15802,321,69:91,A4,A4,0.4082,P5,120,4/4,C Major
note,15806,296,62:86,D4,D4,0.3572,m3,120,4/4,C Major
note,15812,71,89:91,F6,F6,0.3062,P1,120,4/4,C Major
note,15896,103,77:88,F5,F5,0.3062,M3,120,4/4,C Major
note,15977,115,81:97,A5,A5,0.4082,m2,120,4/4,C Major
note,16069,127,82:99,A#5,Bb5,0.3572,P1,120,4/4,C Major
note,16074,235,70:95,A#4,Bb4,0.3572,d5,120,4/4,C Major
note,16171,121,76:93,E5,E5,0.3572,M3,120,4/4,C Major
note,16264,82,80:95,G#5,Ab5,0.3062,M7,120,4/4,C Major
note,16346,379,69:88,A4,A4,0.3572,P1,120,4/4,C Major
note,16355,98,81:102,A5,A5,0.3062,M6,120,4/4,C Major
note,16357,97,60:76,C4,C4,0.2552,M3,120,4/4,C Major
note,16457,115,76:96,E5,E5,0.2552,P4,120,4/4,C Major
note,16542,109,81:100,A5,A5,0.2552,M7,120,4/4,C Major
note,16655,415,58:82,A#3,Bb3,0.3062,M3,120,4/4,C Major
note,16661,164,86:99,D6,D6,0.2552,P1,120,4/4,C Major
note,16789,113,74:88,D5,D5,0.2552,P4,120,4/4,C Major
note,16893,107,79:90,G5,G5,0.2552,P1,120,4/4,C Major
note,16994,332,67:87,G4,G4,0.3062,M2,120,4/4,C Major
note,16995,221,81:98,A5,A5,0.2552,P5,120,4/4,C Major
note,17105,114,74:87,D5,D5,0.3062,P4,120,4/4,C Major
note,17196,86,79:88,G5,G5,0.3572,P4,120,4/4,C Major
note,17278,177,84:94,C6,C6,0.3572,m3,120,4/4,C Major
note,17280,264,57:85,A3,A3,0.3062,m3,120,4/4,C Major
note,17382,95,72:75,C5,C5,0.4082,P4,120,4/4,C Major
note,17461,88,77:72,F5,F5,0.4082,M2,120,4/4,C Major
note,17527,193,79:94,G5,G5,0.4082,M2,120,4/4,C Major
note,17535,239,65:92,F4,F4,0.4082,P5,120,4/4,C Major
note,17620,81,72:77,C5,C5,0.4593,P4,120,4/4,C Major
note,17691,95,77:73,F5,F5,0.4593,m7,120,4/4,C Major
note,17757,331,55:83,G3,G3,0.4593,m3,120,4/4,C Major
note,17764,114,82:87,A#5,Bb5,0.4082,P1,120,4/4,C Major
note,17839,77,70:79,A#4,Bb4,0.4593,P4,120,4/4,C Major
note,17886,29,75:50,D#5,Eb5,0.4593,m2,120,4/4,C Major
note,17917,82,76:70,E5,E5,0.4082,m2,120,4/4,C Major
note,17974,139,77:88,F5,F5,0.4082,m2,120,4/4,C Major
note,17986,220,64:93,E4,E4,0.3572,d5,120,4/4,C Major
note,18044,72,70:78,A#4,Bb4,0.4082,d5,120,4/4,C Major
note,18113,97,76:75,E5,E5,0.4082,P4,120,4/4,C Major
note,18189,68,81:88,A5,A5,0.4082,M3,120,4/4,C Major
note,18192,328,53:84,F3,F3,0.3572,M3,120,4/4,C Major
note,18263,85,69:76,A4,A4,0.3572,P4,120,4/4,C Major
note,18333,88,74:78,D5,D5,0.3572,M2,120,4/4,C Major
note,18392,88,76:85,E5,E5,0.3572,M2,120,4/4,C Major
note,18400,166,62:87,D4,D4,0.3062,P5,120,4/4,C Major
note,18458,86,69:73,A4,A4,0.4593,P4,120,4/4,C Major
note,18529,82,74:83,D5,D5,0.4593,m2,120,4/4,C Major
note,18589,51,75:92,D#5,Eb5,0.4593,P4,120,4/4,C Major
note,18672,71,70:80,A#4,Bb4,0.5613,M6,120,4/4,C Major
note,18740,95,79:71,G5,G5,0.6124,m3,120,4/4,C Major
note,18806,62,82:91,A#5,Bb5,0.6124,P5,120,4/4,C Major
note,18810,104,63:82,D#4,Eb4,0.5613,m6,120,4/4,C Major
note,18812,56,55:75,G3,G3,0.5103,m3,120,4/4,C Major
note,18818,70,58:73,A#3,Bb3,0.4593,P1,120,4/4,C Major
note,18900,73,70:69,A#4,Bb4,0.4593,M3,120,4/4,C Major
note,18972,87,74:74,D5,D5,0.6124,P4,120,4/4,C Major
note,19043,128,79:93,G5,G5,0.6124,P1,120,4/4,C Major
note,19050,207,67:88,G4,G4,0.5613,P4,120,4/4,C Major
note,19052,79,62:78,D4,D4,0.5103,d5,120,4/4,C Major
note,19060,107,56:69,G#3,Ab3,0.5103,M2,120,4/4,C Major
note,19067,56,58:66,A#3,Bb3,0.4593,P1,120,4/4,C Major
note,19131,91,70:74,A#4,Bb4,0.4593,M3,120,4/4,C Major
note,19211,89,74:77,D5,D5,0.4593,M3,120,4/4,C Major
note,19287,99,58:57,A#3,Bb3,0.4593,P4,120,4/4,C Major
note,19290,86,63:73,D#4,Eb4,0.4082,P1,120,4/4,C Major
note,19296,85,75:82,D#5,Eb5,0.3572,m6,120,4/4,C Major
note,19307,63,55:54,G3,G3,0.3062,m3,120,4/4,C Major
note,19379,71,70:73,A#4,Bb4,0.4593,M3,120,4/4,C Major
note,19442,87,74:74,D5,D5,0.4593,m2,120,4/4,C Major
note,19504,46,75:78,D#5,Eb5,0.4593,P4,120,4/4,C Major
note,19571,63,70:76,A#4,Bb4,0.6634,M6,120,4/4,C Major
note,19643,84,79:72,G5,G5,0.6634,m3,120,4/4,C Major
note,19703,57,82:85,A#5,Bb5,0.6634,m3,120,4/4,C Major
note,19714,42,55:58,G3,G3,0.6124,m6,120,4/4,C Major
note,19714,57,63:56,D#4,Eb4,0.6124,P4,120,4/4,C Major
note,19715,135,58:55,A#3,Bb3,0.5103,P1,120,4/4,C Major
note,19788,75,70:70,A#4,Bb4,0.6124,M3,120,4/4,C Major
note,19854,85,74:64,D5,D5,0.6124,P5,120,4/4,C Major
note,19912,221,67:85,G4,G4,0.6124,M6,120,4/4,C Major
note,19916,101,58:60,A#3,Bb3,0.5613,M3,120,4/4,C Major
note,19917,89,62:71,D4,D4,0.5103,P4,120,4/4,C Major
note,19924,123,79:81,G5,G5,0.4593,M7,120,4/4,C Major
note,19930,127,56:72,G#3,Ab3,0.4082,M2,120,4/4,C Major
note,20000,100,70:69,A#4,Bb4,0.4082,M3,120,4/4,C Major
note,20078,85,74:72,D5,D5,0.5103,M3,120,4/4,C Major
note,20159,116,58:55,A#3,Bb3,0.5103,P4,120,4/4,C Major
note,20159,224,63:71,D#4,Eb4,0.5103,P1,120,4/4,C Major
note,20161,75,75:79,D#5,Eb5,0.4082,m6,120,4/4,C Major
note,20176,43,55:60,G3,G3,0.3572,M3,120,4/4,C Major
note,20256,79,71:68,B4,B4,0.3572,M3,120,4/4,C Major
note,20338,83,75:73,D#5,Eb5,0.4082,M6,120,4/4,C Major
note,20401,22,66:77,F#4,Gb4,0.4082,P1,120,4/4,C Major
note,20409,29,54:63,F#3,Gb3,0.3572,P1,120,4/4,C Major
note,20416,45,78:79,F#5,Gb5,0.3062,P1,120,4/4,C Major
note,20484,96,66:62,F#4,Gb4,0.3062,P4,120,4/4,C Major
note,20571,117,71:71,B4,B4,0.3062,m6,120,4/4,C Major
note,20657,351,51:82,D#3,Eb3,0.3062,P1,120,4/4,C Major
note,20663,74,75:77,D#5,Eb5,0.2552,P1,120,4/4,C Major
note,20748,65,63:65,D#4,Eb4,0.3062,m3,120,4/4,C Major
note,20824,70,66:72,F#4,Gb4,0.3062,P4,120,4/4,C Major
note,20904,83,71:75,B4,B4,0.3062,m7,120,4/4,C Major
note,20983,86,61:60,C#4,Db4,0.3062,d5,120,4/4,C Major
note,21050,129,67:68,G4,G4,0.3572,m3,120,4/4,C Major
note,21128,144,70:68,A#4,Bb4,0.3572,d5,120,4/4,C Major
note,21134,261,52:67,E3,E3,0.3062,m6,120,4/4,C Major
note,21219,88,60:58,C4,C4,0.2552,m3,120,4/4,C Major
note,21296,94,63:60,D#4,Eb4,0.3572,d5,120,4/4,C Major
note,21392,157,69:67,A4,A4,0.3572,m3,120,4/4,C Major
note,21394,285,54:69,F#3,Gb3,0.3062,M3,120,4/4,C Major
note,21505,78,58:58,A#3,Bb3,0.3062,M3,120,4/4,C Major
note,21606,90,62:60,D4,D4,0.3572,P5,120,4/4,C Major
note,21668,248,55:78,G3,G3,0.3572,P1,120,4/4,C Major
note,21675,136,67:69,G4,G4,0.3062,m6,120,4/4,C Major
note,21758,100,59:65,B3,B3,0.3062,m3,120,4/4,C Major
note,21822,96,62:67,D4,D4,0.3572,d5,120,4/4,C Major
note,21913,236,56:79,G#3,Ab3,0.3572,M6,120,4/4,C Major
note,21915,136,65:78,F4,F4,0.3062,m6,120,4/4,C Major
note,22009,85,57:74,A3,A3,0.3062,M3,120,4/4,C Major
note,22082,133,61:73,C#4,Db4,0.2552,M3,120,4/4,C Major
note,22164,35,57:81,A3,A3,0.2552,P5,120,4/4,C Major
note,22172,145,64:82,E4,E4,0.2041,M6,120,4/4,C Major
note,22270,65,55:58,G3,G3,0.1531,M2,120,4/4,C Major
note,22378,73,57:82,A3,A3,0.1531,m2,120,4/4,C Major
note,22503,291,58:87,A#3,Bb3,0.1531,d5,120,4/4,C Major
note,22665,138,52:67,E3,E3,0.3062,M6,120,4/4,C Major
note,22798,167,61:65,C#4,Db4,0.3062,M3,120,4/4,C Major
note,22890,145,45:53,A2,A2,0.3062,P1,120,4/4,C Major
note,22903,109,33:47,A1,A1,0.2552,P5,120,4/4,C Major
note,22919,120,64:64,E4,E4,0.2041,M6,120,4/4,C Major
note,23047,76,55:53,G3,G3,0.2552,M2,120,4/4,C Major
note,23132,78,57:53,A3,A3,0.3572,m2,120,4/4,C Major
note,23213,64,58:63,A#3,Bb3,0.3572,P4,120,4/4,C Major
note,23304,85,53:60,F3,F3,0.4082,M6,120,4/4,C Major
note,23386,117,62:65,D4,D4,0.4082,P1,120,4/4,C Major
note,23434,269,50:49,D3,D3,0.3572,P1,120,4/4,C Major
note,23440,198,38:53,D2,D2,0.3062,m3,120,4/4,C Major
note,23469,143,65:62,F4,F4,0.3062,m6,120,4/4,C Major
note,23544,74,57:66,A3,A3,0.4082,m3,120,4/4,C Major
note,23621,86,60:56,C4,C4,0.4082,m2,120,4/4,C Major
note,23683,73,61:72,C#4,Db4,0.4082,d5,120,4/4,C Major
note,23768,66,55:74,G3,G3,0.4082,M6,120,4/4,C Major
note,23837,109,64:71,E4,E4,0.4082,P1,120,4/4,C Major
note,23892,187,52:66,E3,E3,0.4082,P1,120,4/4,C Major
note,23894,148,40:53,E2,E2,0.3572,m3,120,4/4,C Major
note,23895,138,67:74,G4,G4,0.3062,M6,120,4/4,C Major
note,23988,52,58:72,A#3,Bb3,0.4082,M3,120,4/4,C Major
note,24047,91,62:64,D4,D4,0.4082,m2,120,4/4,C Major
note,24112,63,63:76,D#4,Eb4,0.4082,d5,120,4/4,C Major
note,24182,28,57:76,A3,A3,0.4082,P1,120,4/4,C Major
note,24260,96,69:79,A4,A4,0.4082,m3,120,4/4,C Major
note,24320,238,54:66,F#3,Gb3,0.4082,P1,120,4/4,C Major
note,24324,187,42:60,F#2,Gb2,0.3572,d5,120,4/4,C Major
note,24328,53,72:87,C5,C5,0.3062,P1,120,4/4,C Major
note,24406,72,60:76,C4,C4,0.4082,M2,120,4/4,C Major
note,24477,69,62:80,D4,D4,0.4082,m2,120,4/4,C Major
note,24540,53,63:77,D#4,Eb4,0.4082,P4,120,4/4,C Major
note,24605,81,58:78,A#3,Bb3,0.4082,M6,120,4/4,C Major
note,24668,121,67:72,G4,G4,0.4082,P1,120,4/4,C Major
note,24731,194,55:79,G3,G3,0.4082,m3,120,4/4,C Major
note,24735,106,70:81,A#4,Bb4,0.3572,m3,120,4/4,C Major
note,24736,159,43:64,G2,G2,0.3062,P5,120,4/4,C Major
note,24807,67,62:78,D4,D4,0.4082,M2,120,4/4,C Major
note,24887,73,64:77,E4,E4,0.4082,m2,120,4/4,C Major
note,24945,68,65:75,F4,F4,0.4082,d5,120,4/4,C Major
note,25018,34,59:80,B3,B3,0.4082,P1,120,4/4,C Major
note,25091,104,71:84,B4,B4,0.4082,m3,120,4/4,C Major
note,25154,311,56:82,G#3,Ab3,0.4082,P1,120,4/4,C Major
note,25155,276,44:75,G#2,Ab2,0.3572,d5,120,4/4,C Major
note,25164,101,74:91,D5,D5,0.3062,M6,120,4/4,C Major
note,25242,72,65:80,F4,F4,0.4082,M2,120,4/4,C Major
note,25307,84,67:80,G4,G4,0.4082,m2,120,4/4,C Major
note,25375,53,68:85,G#4,Ab4,0.3572,d5,120,4/4,C Major
note,25446,44,62:82,D4,D4,0.3572,P1,120,4/4,C Major
note,25516,102,74:88,D5,D5,0.3572,P4,120,4/4,C Major
note,25575,572,57:87,A3,A3,0.3572,P1,120,4/4,C Major
note,25581,139,45:78,A2,A2,0.3062,m6,120,4/4,C Major
note,25595,86,77:95,F5,F5,0.2552,P1,120,4/4,C Major
note,25690,88,65:77,F4,F4,0.3572,m3,120,4/4,C Major
note,25774,69,68:81,G#4,Ab4,0.3572,m2,120,4/4,C Major
note,25836,57,69:78,A4,A4,0.3572,P4,120,4/4,C Major
note,25911,57,64:74,E4,E4,0.4593,M6,120,4/4,C Major
note,25982,94,73:83,C#5,Db5,0.4593,P1,120,4/4,C Major
note,26003,28,61:67,C#4,Db4,0.4082,m3,120,4/4,C Major
note,26038,118,76:82,E5,E5,0.3572,M6,120,4/4,C Major
note,26113,62,67:77,G4,G4,0.3572,M2,120,4/4,C Major
note,26181,66,69:74,A4,A4,0.4082,P1,120,4/4,C Major
note,26247,54,45:78,A2,A2,0.4082,m2,120,4/4,C Major
note,26252,92,70:84,A#4,Bb4,0.3572,m2,120,4/4,C Major
note,26268,247,57:88,A3,A3,0.3062,P5,120,4/4,C Major
note,26339,91,64:83,E4,E4,0.3062,M6,120,4/4,C Major
note,26435,124,73:80,C#5,Db5,0.4593,P1,120,4/4,C Major
note,26518,20,61:81,C#4,Db4,0.4593,m3,120,4/4,C Major
note,26523,106,76:84,E5,E5,0.4082,M6,120,4/4,C Major
note,26588,73,67:79,G4,G4,0.4593,M2,120,4/4,C Major
note,26665,77,69:74,A4,A4,0.4593,P5,120,4/4,C Major
note,26736,52,50:77,D3,D3,0.4593,m6,120,4/4,C Major
note,26736,70,70:82,A#4,Bb4,0.4593,m6,120,4/4,C Major
note,26751,215,62:99,D4,D4,0.3572,m3,120,4/4,C Major
note,26811,71,65:87,F4,F4,0.4593,M6,120,4/4,C Major
note,26891,99,74:83,D5,D5,0.4593,M6,120,4/4,C Major
note,26961,14,65:89,F4,F4,0.4593,P1,120,4/4,C Major
note,26961,120,77:82,F5,F5,0.4593,m6,120,4/4,C Major
note,27031,46,69:80,A4,A4,0.4593,m3,120,4/4,C Major
note,27103,95,72:74,C5,C5,0.4593,m6,120,4/4,C Major
note,27156,63,52:76,E3,E3,0.4593,M6,120,4/4,C Major
note,27172,71,73:94,C#5,Db5,0.4082,M6,120,4/4,C Major
note,27175,190,64:102,E4,E4,0.3572,m3,120,4/4,C Major
note,27250,63,67:86,G4,G4,0.4593,M6,120,4/4,C Major
note,27324,97,76:81,E5,E5,0.4593,m3,120,4/4,C Major
note,27379,124,79:91,G5,G5,0.4593,P1,120,4/4,C Major
note,27388,18,67:92,G4,G4,0.4082,m3,120,4/4,C Major
note,27471,59,70:84,A#4,Bb4,0.4593,M3,120,4/4,C Major
note,27531,90,74:79,D5,D5,0.4593,m6,120,4/4,C Major
note,27571,38,54:73,F#3,Gb3,0.4593,M6,120,4/4,C Major
note,27592,68,75:95,D#5,Eb5,0.4082,M6,120,4/4,C Major
note,27599,142,66:100,F#4,Gb4,0.3572,m3,120,4/4,C Major
note,27660,47,69:82,A4,A4,0.4593,P1,120,4/4,C Major
note,27733,88,81:90,A5,A5,0.4593,m3,120,4/4,C Major
note,27797,42,84:93,C6,C6,0.4593,m3,120,4/4,C Major
note,27799,27,69:89,A4,A4,0.4082,m3,120,4/4,C Major
note,27871,87,72:89,C5,C5,0.4593,M2,120,4/4,C Major
note,27954,76,74:87,D5,D5,0.4593,P5,120,4/4,C Major
note,27999,37,55:75,G3,G3,0.4593,P1,120,4/4,C Major
note,28012,181,67:101,G4,G4,0.4593,m6,120,4/4,C Major
note,28016,54,75:93,D#5,Eb5,0.4082,P4,120,4/4,C Major
note,28086,85,70:87,A#4,Bb4,0.4593,M6,120,4/4,C Major
note,28153,102,79:81,G5,G5,0.4593,M6,120,4/4,C Major
note,28198,35,70:80,A#4,Bb4,0.4593,P1,120,4/4,C Major
note,28216,94,82:90,A#5,Bb5,0.4082,m6,120,4/4,C Major
note,28297,51,74:82,D5,D5,0.4593,M2,120,4/4,C Major
note,28357,64,76:70,E5,E5,0.4593,m6,120,4/4,C Major
note,28389,29,56:74,G#3,Ab3,0.4593,M6,120,4/4,C Major
note,28406,76,77:87,F5,F5,0.4082,M6,120,4/4,C Major
note,28415,45,68:97,G#4,Ab4,0.3572,m3,120,4/4,C Major
note,28483,39,71:85,B4,B4,0.4593,m3,120,4/4,C Major
note,28567,87,86:94,D6,D6,0.4593,m3,120,4/4,C Major
note,28609,29,71:85,B4,B4,0.4593,d5,120,4/4,C Major
note,28633,82,89:92,F6,F6,0.4082,P1,120,4/4,C Major
note,28690,57,77:88,F5,F5,0.6124,d5,120,4/4,C Major
note,28766,79,83:86,B5,B5,0.6124,M2,120,4/4,C Major
note,28813,36,69:96,A4,A4,0.5613,P1,120,4/4,C Major
note,28818,29,57:69,A3,A3,0.5103,M3,120,4/4,C Major
note,28822,74,85:92,C#6,Db6,0.4593,M6,120,4/4,C Major
note,28896,28,76:87,E5,E5,0.4593,P1,120,4/4,C Major
note,28969,92,88:81,E6,E6,0.6634,m3,120,4/4,C Major
note,29028,47,73:95,C#5,Db5,0.6124,d5,120,4/4,C Major
note,29030,58,67:82,G4,G4,0.5613,m3,120,4/4,C Major
note,29033,47,64:75,E4,E4,0.5103,P4,120,4/4,C Major
note,29033,50,69:82,A4,A4,0.5103,P1,120,4/4,C Major
note,29034,132,93:93,A6,A6,0.4082,P1,120,4/4,C Major
note,29110,28,81:99,A5,A5,0.3572,P4,120,4/4,C Major
note,29212,117,86:103,D6,D6,0.3062,M6,120,4/4,C Major
note,29328,397,65:70,F4,F4,0.3062,M3,120,4/4,C Major
note,29329,380,69:82,A4,A4,0.2552,P4,120,4/4,C Major
note,29330,276,74:98,D5,D5,0.2041,P1,120,4/4,C Major
note,29331,447,62:81,D4,D4,0.1531,P1,120,4/4,C Major
note,29332,31,98:106,D7,D7,0.1021,M6,120,4/4,C Major
note,29689,99,77:95,F5,F5,0.2552,M3,120,4/4,C Major
note,29773,102,81:103,A5,A5,0.3572,m2,120,4/4,C Major
note,29853,73,82:99,A#5,Bb5,0.3572,P4,120,4/4,C Major
note,29939,64,77:102,F5,F5,0.3062,M6,120,4/4,C Major
note,30015,129,86:100,D6,D6,0.3062,P1,120,4/4,C Major
note,30109,379,62:81,D4,D4,0.3572,P5,120,4/4,C Major
note,30109,367,69:93,A4,A4,0.3572,m6,120,4/4,C Major
note,30125,86,89:100,F6,F6,0.2552,P1,120,4/4,C Major
note,30230,146,77:94,F5,F5,0.2552,M3,120,4/4,C Major
note,30334,133,81:99,A5,A5,0.2552,m2,120,4/4,C Major
note,30442,142,82:101,A#5,Bb5,0.3572,P1,120,4/4,C Major
note,30450,252,70:99,A#4,Bb4,0.3062,d5,120,4/4,C Major
note,30554,128,76:97,E5,E5,0.3572,M3,120,4/4,C Major
note,30654,62,80:98,G#5,Ab5,0.3572,M7,120,4/4,C Major
note,30728,156,69:88,A4,A4,0.3572,M6,120,4/4,C Major
note,30740,85,60:73,C4,C4,0.3062,M6,120,4/4,C Major
note,30745,88,81:99,A5,A5,0.2552,M3,120,4/4,C Major
note,30836,96,77:98,F5,F5,0.4593,M3,120,4/4,C Major
note,30914,100,81:100,A5,A5,0.4593,m2,120,4/4,C Major
note,30984,77,82:96,A#5,Bb5,0.4593,P4,120,4/4,C Major
note,31065,66,77:92,F5,F5,0.4082,M6,120,4/4,C Major
note,31134,100,86:79,D6,D6,0.4593,M2,120,4/4,C Major
note,31142,81,88:78,E6,E6,0.4082,P5,120,4/4,C Major
note,31189,297,69:91,A4,A4,0.4082,P5,120,4/4,C Major
note,31195,286,62:87,D4,D4,0.3572,m3,120,4/4,C Major
note,31207,66,89:99,F6,F6,0.3062,P1,120,4/4,C Major
note,31291,90,77:91,F5,F5,0.3062,M3,120,4/4,C Major
note,31365,112,81:93,A5,A5,0.4082,m2,120,4/4,C Major
note,31454,138,82:101,A#5,Bb5,0.3572,P1,120,4/4,C Major
note,31455,237,70:97,A#4,Bb4,0.3062,d5,120,4/4,C Major
note,31559,123,76:93,E5,E5,0.3572,M3,120,4/4,C Major
note,31656,81,80:92,G#5,Ab5,0.4082,M7,120,4/4,C Major
note,31728,384,69:88,A4,A4,0.3572,P1,120,4/4,C Major
note,31742,95,81:98,A5,A5,0.3572,M6,120,4/4,C Major
note,31743,68,60:72,C4,C4,0.3062,M3,120,4/4,C Major
note,31843,89,76:93,E5,E5,0.3062,P4,120,4/4,C Major
note,31920,98,81:97,A5,A5,0.2552,M7,120,4/4,C Major
note,32000,457,58:83,A#3,Bb3,0.3062,M3,120,4/4,C Major
note,32009,154,86:97,D6,D6,0.2552,P1,120,4/4,C Major
note,32119,86,74:84,D5,D5,0.2552,P4,120,4/4,C Major
note,32217,110,79:88,G5,G5,0.2552,P1,120,4/4,C Major
note,32305,358,67:92,G4,G4,0.3062,M2,120,4/4,C Major
note,32305,237,81:101,A5,A5,0.3062,P5,120,4/4,C Major
note,32425,90,74:89,D5,D5,0.3062,P4,120,4/4,C Major
note,32508,86,79:93,G5,G5,0.3572,m7,120,4/4,C Major
note,32604,259,57:83,A3,A3,0.3572,m3,120,4/4,C Major
note,32605,153,84:95,C6,C6,0.3062,P1,120,4/4,C Major
note,32696,96,72:84,C5,C5,0.3572,P4,120,4/4,C Major
note,32777,88,77:81,F5,F5,0.3572,M2,120,4/4,C Major
note,32849,186,79:96,G5,G5,0.4593,M2,120,4/4,C Major
note,32852,246,65:94,F4,F4,0.4082,P5,120,4/4,C Major
note,32935,81,72:77,C5,C5,0.4593,P4,120,4/4,C Major
note,33008,98,77:77,F5,F5,0.4593,m7,120,4/4,C Major
note,33075,261,55:86,G3,G3,0.4593,m3,120,4/4,C Major
note,33081,131,82:92,A#5,Bb5,0.4082,P1,120,4/4,C Major
note,33163,71,70:78,A#4,Bb4,0.4593,m7,120,4/4,C Major
note,33188,41,80:28,G#5,Ab5,0.4593,M3,120,4/4,C Major
note,33222,105,76:75,E5,E5,0.4082,m2,120,4/4,C Major
note,33288,198,77:82,F5,F5,0.4082,m2,120,4/4,C Major
note,33294,211,64:93,E4,E4,0.3572,d5,120,4/4,C Major
note,33377,61,70:77,A#4,Bb4,0.4082,d5,120,4/4,C Major
note,33436,87,76:76,E5,E5,0.4082,M7,120,4/4,C Major
note,33506,314,53:84,F3,F3,0.4082,M3,120,4/4,C Major
note,33510,71,81:89,A5,A5,0.4082,P1,120,4/4,C Major
note,33570,84,69:81,A4,A4,0.3572,P4,120,4/4,C Major
note,33639,89,74:82,D5,D5,0.3572,M2,120,4/4,C Major
note,33699,88,76:85,E5,E5,0.3572,M2,120,4/4,C Major
note,33712,137,62:79,D4,D4,0.3062,P5,120,4/4,C Major
note,33769,84,69:72,A4,A4,0.4593,P4,120,4/4,C Major
note,33841,78,74:83,D5,D5,0.5103,m2,120,4/4,C Major
note,33893,59,75:91,D#5,Eb5,0.5103,P4,120,4/4,C Major
note,33975,65,70:80,A#4,Bb4,0.7144,M6,120,4/4,C Major
note,34040,107,79:84,G5,G5,0.6634,M3,120,4/4,C Major
note,34100,136,63:84,D#4,Eb4,0.6634,P5,120,4/4,C Major
note,34108,73,82:92,A#5,Bb5,0.6124,P1,120,4/4,C Major
note,34110,78,58:76,A#3,Bb3,0.5613,m3,120,4/4,C Major
note,34111,39,55:70,G3,G3,0.5103,m2,120,4/4,C Major
note,34190,74,80:56,G#5,Ab5,0.5103,m7,120,4/4,C Major
note,34197,78,70:80,A#4,Bb4,0.4593,M3,120,4/4,C Major
note,34266,95,74:78,D5,D5,0.6124,P4,120,4/4,C Major
note,34339,139,79:89,G5,G5,0.6124,P1,120,4/4,C Major
note,34342,224,67:93,G4,G4,0.5613,P4,120,4/4,C Major
note,34344,94,62:76,D4,D4,0.5103,d5,120,4/4,C Major
note,34349,144,56:70,G#3,Ab3,0.4593,M2,120,4/4,C Major
note,34358,111,58:63,A#3,Bb3,0.4082,P1,120,4/4,C Major
note,34427,91,70:74,A#4,Bb4,0.4593,M3,120,4/4,C Major
note,34511,94,74:74,D5,D5,0.4593,M7,120,4/4,C Major
note,34591,143,63:61,D#4,Eb4,0.4593,P4,120,4/4,C Major
note,34592,142,58:48,A#3,Bb3,0.4082,P4,120,4/4,C Major
note,34594,97,75:74,D#5,Eb5,0.3572,m6,120,4/4,C Major
note,34610,84,55:49,G3,G3,0.3062,m3,120,4/4,C Major
note,34683,71,70:69,A#4,Bb4,0.5103,M3,120,4/4,C Major
note,34746,81,74:72,D5,D5,0.5103,m2,120,4/4,C Major
note,34798,62,75:81,D#5,Eb5,0.5103,P4,120,4/4,C Major
note,34883,48,70:72,A#4,Bb4,0.7144,m7,120,4/4,C Major
note,34932,79,80:72,G#5,Ab5,0.7144,m2,120,4/4,C Major
note,35003,37,79:58,G5,G5,0.7144,M3,120,4/4,C Major
note,35009,75,63:67,D#4,Eb4,0.6634,P5,120,4/4,C Major
note,35017,65,82:82,A#5,Bb5,0.6124,m3,120,4/4,C Major
note,35021,30,55:48,G3,G3,0.5613,m3,120,4/4,C Major
note,35023,55,58:53,A#3,Bb3,0.5103,P1,120,4/4,C Major
note,35094,76,70:76,A#4,Bb4,0.6634,M3,120,4/4,C Major
note,35158,102,74:74,D5,D5,0.6634,P1,120,4/4,C Major
note,35221,100,62:71,D4,D4,0.6124,P4,120,4/4,C Major
note,35221,231,67:88,G4,G4,0.6124,P1,120,4/4,C Major
note,35227,146,79:87,G5,G5,0.5613,M7,120,4/4,C Major
note,35230,144,56:63,G#3,Ab3,0.5103,M2,120,4/4,C Major
note,35235,106,58:63,A#3,Bb3,0.4593,P1,120,4/4,C Major
note,35299,109,70:80,A#4,Bb4,0.4082,M3,120,4/4,C Major
note,35370,108,74:81,D5,D5,0.5103,M7,120,4/4,C Major
note,35448,234,63:79,D#4,Eb4,0.5103,P1,120,4/4,C Major
note,35452,92,75:85,D#5,Eb5,0.4593,P4,120,4/4,C Major
note,35460,108,58:71,A#3,Bb3,0.4082,m3,120,4/4,C Major
note,35471,43,55:63,G3,G3,0.3572,M3,120,4/4,C Major
note,35531,97,71:77,B4,B4,0.3572,M3,120,4/4,C Major
note,35609,110,75:80,D#5,Eb5,0.4082,M6,120,4/4,C Major
note,35694,27,66:90,F#4,Gb4,0.4593,P1,120,4/4,C Major
note,35708,22,54:70,F#3,Gb3,0.4082,P1,120,4/4,C Major
note,35710,57,78:78,F#5,Gb5,0.3572,P1,120,4/4,C Major
note,35803,81,66:70,F#4,Gb4,0.3572,P4,120,4/4,C Major
note,35878,120,71:65,B4,B4,0.3572,m6,120,4/4,C Major
note,35963,349,51:79,D#3,Eb3,0.3572,P1,120,4/4,C Major
note,35972,75,75:72,D#5,Eb5,0.3062,M2,120,4/4,C Major
note,36057,40,73:25,C#5,Db5,0.3572,m7,120,4/4,C Major
note,36068,73,63:64,D#4,Eb4,0.3572,m3,120,4/4,C Major
note,36142,87,66:71,F#4,Gb4,0.3062,P4,120,4/4,C Major
note,36216,96,71:74,B4,B4,0.3062,m7,120,4/4,C Major
note,36294,92,61:68,C#4,Db4,0.3062,d5,120,4/4,C Major
note,36358,134,67:67,G4,G4,0.3572,m3,120,4/4,C Major
note,36425,301,52:73,E3,E3,0.3062,d5,120,4/4,C Major
note,36448,154,70:72,A#4,Bb4,0.3062,m7,120,4/4,C Major
note,36528,95,60:65,C4,C4,0.2552,m3,120,4/4,C Major
note,36614,117,63:68,D#4,Eb4,0.2552,M6,120,4/4,C Major
note,36715,305,54:73,F#3,Gb3,0.3062,m3,120,4/4,C Major
note,36720,154,69:62,A4,A4,0.3062,M7,120,4/4,C Major
note,36832,76,58:59,A#3,Bb3,0.3062,M3,120,4/4,C Major
note,36930,84,62:60,D4,D4,0.3572,P5,120,4/4,C Major
note,37001,251,55:78,G3,G3,0.3572,P1,120,4/4,C Major
note,37012,146,67:69,G4,G4,0.3062,m6,120,4/4,C Major
note,37102,104,59:69,B3,B3,0.3062,m3,120,4/4,C Major
note,37182,81,62:62,D4,D4,0.3572,d5,120,4/4,C Major
note,37250,257,56:84,G#3,Ab3,0.3572,M6,120,4/4,C Major
note,37259,173,65:74,F4,F4,0.3062,m6,120,4/4,C Major
note,37361,67,57:70,A3,A3,0.3062,M3,120,4/4,C Major
note,37434,60,61:74,C#4,Db4,0.2552,M3,120,4/4,C Major
note,37519,40,57:87,A3,A3,0.2552,P5,120,4/4,C Major
note,37528,140,64:81,E4,E4,0.2041,M6,120,4/4,C Major
note,37631,78,55:71,G3,G3,0.1531,M2,120,4/4,C Major
note,37736,61,57:79,A3,A3,0.1531,m2,120,4/4,C Major
note,37891,348,58:83,A#3,Bb3,0.1531,d5,120,4/4,C Major
note,38077,143,52:62,E3,E3,0.2552,M6,120,4/4,C Major
note,38205,179,61:64,C#4,Db4,0.3062,M3,120,4/4,C Major
note,38335,61,45:49,A2,A2,0.3062,P5,120,4/4,C Major
note,38339,146,64:69,E4,E4,0.3062,P5,120,4/4,C Major
note,38340,63,33:44,A1,A1,0.2552,m7,120,4/4,C Major
note,38472,69,55:54,G3,G3,0.2552,M2,120,4/4,C Major
note,38555,66,57:52,A3,A3,0.3572,m2,120,4/4,C Major
note,38624,68,58:64,A#3,Bb3,0.3572,P4,120,4/4,C Major
note,38723,74,53:56,F3,F3,0.4082,M6,120,4/4,C Major
note,38800,110,62:61,D4,D4,0.4082,P1,120,4/4,C Major
note,38865,43,50:51,D3,D3,0.4082,P1,120,4/4,C Major
note,38866,53,38:53,D2,D2,0.3572,m3,120,4/4,C Major
note,38871,142,65:61,F4,F4,0.3062,m6,120,4/4,C Major
note,38950,72,57:62,A3,A3,0.4082,m3,120,4/4,C Major
note,39023,83,60:55,C4,C4,0.4082,m2,120,4/4,C Major
note,39088,68,61:74,C#4,Db4,0.4082,d5,120,4/4,C Major
note,39176,62,55:66,G3,G3,0.4082,M6,120,4/4,C Major
note,39246,100,64:63,E4,E4,0.4082,P1,120,4/4,C Major
note,39297,38,40:57,E2,E2,0.4082,P1,120,4/4,C Major
note,39304,26,52:49,E3,E3,0.3572,m3,120,4/4,C Major
note,39306,106,67:70,G4,G4,0.3062,M6,120,4/4,C Major
note,39405,78,58:62,A#3,Bb3,0.4082,M3,120,4/4,C Major
note,39472,64,62:59,D4,D4,0.4593,m2,120,4/4,C Major
note,39525,66,63:70,D#4,Eb4,0.4593,d5,120,4/4,C Major
note,39602,31,57:66,A3,A3,0.4593,P1,120,4/4,C Major
note,39678,88,69:72,A4,A4,0.4593,m3,120,4/4,C Major
note,39735,27,54:59,F#3,Gb3,0.4593,P1,120,4/4,C Major
note,39736,25,42:62,F#2,Gb2,0.4082,d5,120,4/4,C Major
note,39747,53,72:75,C5,C5,0.3572,m2,120,4/4,C Major
note,39794,30,71:34,B4,B4,0.4593,M7,120,4/4,C Major
note,39828,62,60:71,C4,C4,0.4082,M2,120,4/4,C Major
note,39897,60,62:77,D4,D4,0.4082,m2,120,4/4,C Major
note,39960,43,63:76,D#4,Eb4,0.4082,P4,120,4/4,C Major
note,40026,86,58:77,A#3,Bb3,0.4082,M6,120,4/4,C Major
note,40089,111,67:69,G4,G4,0.4082,P1,120,4/4,C Major
note,40148,34,55:81,G3,G3,0.4082,P1,120,4/4,C Major
note,40151,35,43:66,G2,G2,0.3572,m3,120,4/4,C Major
note,40156,113,70:84,A#4,Bb4,0.3062,m6,120,4/4,C Major
note,40241,62,62:71,D4,D4,0.4082,M2,120,4/4,C Major
note,40299,68,64:71,E4,E4,0.4082,m2,120,4/4,C Major
note,40357,73,65:77,F4,F4,0.4082,d5,120,4/4,C Major
note,40436,30,59:74,B3,B3,0.4082,P1,120,4/4,C Major
note,40506,91,71:84,B4,B4,0.4082,m3,120,4/4,C Major
note,40563,22,56:78,G#3,Ab3,0.4082,d5,120,4/4,C Major
note,40568,107,74:89,D5,D5,0.3572,d5,120,4/4,C Major
note,40569,25,44:69,G#2,Ab2,0.3062,M6,120,4/4,C Major
note,40642,62,65:80,F4,F4,0.4082,M2,120,4/4,C Major
note,40708,72,67:72,G4,G4,0.4082,m2,120,4/4,C Major
note,40772,51,68:84,G#4,Ab4,0.4082,d5,120,4/4,C Major
note,40838,47,62:82,D4,D4,0.4082,P1,120,4/4,C Major
note,40918,108,74:81,D5,D5,0.4082,P4,120,4/4,C Major
note,40981,569,57:87,A3,A3,0.3572,P1,120,4/4,C Major
note,40993,144,45:72,A2,A2,0.3572,m6,120,4/4,C Major
note,40997,54,77:94,F5,F5,0.3062,P1,120,4/4,C Major
note,41077,82,65:78,F4,F4,0.3572,m3,120,4/4,C Major
note,41155,69,68:83,G#4,Ab4,0.3572,m2,120,4/4,C Major
note,41222,57,69:74,A4,A4,0.3572,P4,120,4/4,C Major
note,41300,48,64:72,E4,E4,0.4593,M6,120,4/4,C Major
note,41371,98,73:75,C#5,Db5,0.4593,P1,120,4/4,C Major
note,41415,36,61:68,C#4,Db4,0.4082,m3,120,4/4,C Major
note,41425,82,76:79,E5,E5,0.3572,M6,120,4/4,C Major
note,41510,58,67:68,G4,G4,0.3572,M2,120,4/4,C Major
note,41575,62,69:71,A4,A4,0.4082,P1,120,4/4,C Major
note,41634,56,45:77,A2,A2,0.4082,m2,120,4/4,C Major
note,41645,104,70:84,A#4,Bb4,0.3572,m2,120,4/4,C Major
note,41651,248,57:94,A3,A3,0.3062,P5,120,4/4,C Major
note,41738,90,64:80,E4,E4,0.3572,M6,120,4/4,C Major
note,41836,122,73:76,C#5,Db5,0.4593,P1,120,4/4,C Major
note,41896,20,61:79,C#4,Db4,0.4082,m3,120,4/4,C Major
note,41918,105,76:80,E5,E5,0.4082,M6,120,4/4,C Major
note,41989,72,67:80,G4,G4,0.4593,M2,120,4/4,C Major
note,42061,76,69:75,A4,A4,0.4593,P5,120,4/4,C Major
note,42104,46,50:73,D3,D3,0.4082,P1,120,4/4,C Major
note,42124,222,62:103,D4,D4,0.4082,m6,120,4/4,C Major
note,42130,67,70:87,A#4,Bb4,0.3572,P4,120,4/4,C Major
note,42203,64,65:82,F4,F4,0.4593,M6,120,4/4,C Major
note,42281,95,74:83,D5,D5,0.4593,M6,120,4/4,C Major
note,42335,23,65:90,F4,F4,0.4593,P1,120,4/4,C Major
note,42347,123,77:85,F5,F5,0.4082,m6,120,4/4,C Major
note,42422,65,69:82,A4,A4,0.4593,m3,120,4/4,C Major
note,42495,98,72:81,C5,C5,0.4593,m6,120,4/4,C Major
note,42553,43,52:74,E3,E3,0.4593,M6,120,4/4,C Major
note,42563,81,73:86,C#5,Db5,0.4082,M6,120,4/4,C Major
note,42567,179,64:104,E4,E4,0.3572,m3,120,4/4,C Major
note,42639,59,67:89,G4,G4,0.4593,M6,120,4/4,C Major
note,42716,96,76:84,E5,E5,0.4593,M6,120,4/4,C Major
note,42774,22,67:98,G4,G4,0.4593,P1,120,4/4,C Major
note,42774,132,79:91,G5,G5,0.4593,M6,120,4/4,C Major
note,42863,68,70:81,A#4,Bb4,0.4593,M3,120,4/4,C Major
note,42926,83,74:81,D5,D5,0.4593,m6,120,4/4,C Major
note,42969,41,54:74,F#3,Gb3,0.4593,M6,120,4/4,C Major
note,42979,73,75:97,D#5,Eb5,0.4082,M6,120,4/4,C Major
note,42997,140,66:100,F#4,Gb4,0.3572,m3,120,4/4,C Major
note,43049,40,69:83,A4,A4,0.4593,P1,120,4/4,C Major
note,43122,89,81:90,A5,A5,0.4593,P1,120,4/4,C Major
note,43186,23,69:88,A4,A4,0.4593,m3,120,4/4,C Major
note,43189,49,84:93,C6,C6,0.4082,P1,120,4/4,C Major
note,43256,90,72:92,C5,C5,0.4082,M2,120,4/4,C Major
note,43335,79,74:89,D5,D5,0.4082,P5,120,4/4,C Major
note,43391,30,55:76,G3,G3,0.4082,m6,120,4/4,C Major
note,43398,50,75:93,D#5,Eb5,0.4082,m6,120,4/4,C Major
note,43405,186,67:101,G4,G4,0.4082,m3,120,4/4,C Major
note,43467,149,70:90,A#4,Bb4,0.4082,M6,120,4/4,C Major
note,43540,101,79:72,G5,G5,0.4082,m3,120,4/4,C Major
note,43603,97,82:93,A#5,Bb5,0.4082,m6,120,4/4,C Major
note,43679,51,74:84,D5,D5,0.4593,M2,120,4/4,C Major
note,43733,73,76:73,E5,E5,0.4593,m6,120,4/4,C Major
note,43779,40,56:77,G#3,Ab3,0.4593,M6,120,4/4,C Major
note,43785,86,77:91,F5,F5,0.4082,M6,120,4/4,C Major
note,43811,39,68:96,G#4,Ab4,0.3572,m3,120,4/4,C Major
note,43861,29,71:83,B4,B4,0.4593,m3,120,4/4,C Major
note,43948,88,86:92,D6,D6,0.4593,m3,120,4/4,C Major
note,44014,16,71:83,B4,B4,0.4593,d5,120,4/4,C Major
note,44015,64,89:89,F6,F6,0.4082,P1,120,4/4,C Major
note,44086,60,77:81,F5,F5,0.6124,d5,120,4/4,C Major
note,44151,88,83:85,B5,B5,0.6124,M2,120,4/4,C Major
note,44213,104,85:96,C#6,Db6,0.5613,M3,120,4/4,C Major
note,44222,41,69:91,A4,A4,0.5103,P1,120,4/4,C Major
note,44230,28,57:75,A3,A3,0.4593,P5,120,4/4,C Major
note,44297,38,76:86,E5,E5,0.4593,P1,120,4/4,C Major
note,44374,97,88:83,E6,E6,0.4082,P4,120,4/4,C Major
note,44440,141,93:89,A6,A6,0.3572,m6,120,4/4,C Major
note,44448,68,73:97,C#5,Db5,0.3062,M3,120,4/4,C Major
note,44454,74,69:78,A4,A4,0.2552,M2,120,4/4,C Major
note,44455,74,67:80,G4,G4,0.2041,m3,120,4/4,C Major
note,44458,61,64:70,E4,E4,0.1531,P4,120,4/4,C Major
note,44527,22,81:96,A5,A5,0.3572,P4,120,4/4,C Major
note,44629,222,86:99,D6,D6,0.3062,P4,120,4/4,C Major
note,44844,297,69:76,A4,A4,0.2552,P4,120,4/4,C Major
note,44844,267,74:97,D5,D5,0.2552,P1,120,4/4,C Major
note,44845,304,62:73,D4,D4,0.1531,m3,120,4/4,C Major
note,44847,306,65:72,F4,F4,0.1021,M6,120,4/4,C Major
note,44852,39,98:106,D7,D7,0.051,P5,120,4/4,C Major
note,45861,167,79:65,G5,G5,0.2041,M2,120,4/4,C Major
note,46002,345,77:68,F5,F5,0.2041,P5,120,4/4,C Major
note,46133,343,70:37,A#4,Bb4,0.2552,M3,120,4/4,C Major
note,46218,93,74:60,D5,D5,0.2552,M6,120,4/4,C Major
note,46321,61,65:47,F4,F4,0.2552,P5,120,4/4,C Major
note,46419,87,58:46,A#3,Bb3,0.2552,P4,120,4/4,C Major
note,46491,93,75:73,D#5,Eb5,0.2552,m2,120,4/4,C Major
note,46584,246,74:76,D5,D5,0.2552,M6,120,4/4,C Major
note,46693,330,65:51,F4,F4,0.2552,P4,120,4/4,C Major
note,46769,126,70:45,A#4,Bb4,0.2552,m6,120,4/4,C Major
note,46855,110,62:52,D4,D4,0.2552,M3,120,4/4,C Major
note,46943,80,58:37,A#3,Bb3,0.2552,M3,120,4/4,C Major
note,47010,156,74:65,D5,D5,0.2552,M2,120,4/4,C Major
note,47102,414,72:72,C5,C5,0.2552,P5,120,4/4,C Major
note,47188,352,65:41,F4,F4,0.2552,m2,120,4/4,C Major
note,47275,144,66:43,F#4,Gb4,0.2552,m3,120,4/4,C Major
note,47335,85,63:47,D#4,Eb4,0.2041,P4,120,4/4,C Major
note,47449,73,58:39,A#3,Bb3,0.2552,M3,120,4/4,C Major
note,47535,96,74:62,D5,D5,0.2552,m2,120,4/4,C Major
note,47653,364,75:65,D#5,Eb5,0.2552,m7,120,4/4,C Major
note,47760,245,65:39,F4,F4,0.2552,m2,120,4/4,C Major
note,47828,149,66:36,F#4,Gb4,0.2552,m3,120,4/4,C Major
note,47901,64,63:35,D#4,Eb4,0.2041,P4,120,4/4,C Major
note,47994,71,58:31,A#3,Bb3,0.2552,M3,120,4/4,C Major
note,48071,159,74:54,D5,D5,0.2552,M2,120,4/4,C Major
note,48185,537,72:55,C5,C5,0.2552,P5,120,4/4,C Major
note,48292,351,65:47,F4,F4,0.2552,m2,120,4/4,C Major
note,48371,144,66:37,F#4,Gb4,0.2552,m3,120,4/4,C Major
note,48435,55,63:40,D#4,Eb4,0.2041,P4,120,4/4,C Major
note,48535,65,58:43,A#3,Bb3,0.2041,M3,120,4/4,C Major
note,48620,145,74:62,D5,D5,0.2041,m2,120,4/4,C Major
note,48740,447,75:73,D#5,Eb5,0.2041,m7,120,4/4,C Major
note,48850,447,65:43,F4,F4,0.2041,M2,120,4/4,C Major
note,48955,290,63:37,D#4,Eb4,0.2041,m3,120,4/4,C Major
note,49043,57,60:30,C4,C4,0.2041,M2,120,4/4,C Major
note,49132,90,58:32,A#3,Bb3,0.1531,M7,120,4/4,C Major
note,49260,158,69:46,A4,A4,0.2041,m2,120,4/4,C Major
note,49392,507,70:51,A#4,Bb4,0.2041,P4,120,4/4,C Major
note,49544,338,65:23,F4,F4,0.2552,m3,120,4/4,C Major
note,49612,266,62:37,D4,D4,0.2552,M3,120,4/4,C Major
note,49713,52,58:36,A#3,Bb3,0.2041,m2,120,4/4,C Major
note,49809,87,57:38,A3,A3,0.2552,m3,120,4/4,C Major
note,49888,108,72:57,C5,C5,0.2552,M2,120,4/4,C Major
note,49991,450,74:64,D5,D5,0.2552,M6,120,4/4,C Major
note,50104,302,65:39,F4,F4,0.2552,m3,120,4/4,C Major
note,50151,220,62:40,D4,D4,0.2552,M3,120,4/4,C Major
note,50251,59,58:44,A#3,Bb3,0.2552,m3,120,4/4,C Major
note,50332,47,55:46,G3,G3,0.2552,P4,120,4/4,C Major
note,50426,140,72:65,C5,C5,0.2552,M2,120,4/4,C Major
note,50530,391,70:69,A#4,Bb4,0.2552,P4,120,4/4,C Major
note,50633,89,65:52,F4,F4,0.2552,m3,120,4/4,C Major
note,50683,185,62:50,D4,D4,0.2041,M3,120,4/4,C Major
note,50763,121,58:49,A#3,Bb3,0.2041,P4,120,4/4,C Major
note,50844,46,53:52,F3,F3,0.2041,P5,120,4/4,C Major
note,50926,194,72:78,C5,C5,0.2041,M2,120,4/4,C Major
note,51074,482,74:74,D5,D5,0.2552,P5,120,4/4,C Major
note,51202,324,67:40,G4,G4,0.2552,P5,120,4/4,C Major
note,51271,130,60:31,C4,C4,0.2552,M2,120,4/4,C Major
note,51370,70,58:40,A#3,Bb3,0.2041,d5,120,4/4,C Major
note,51453,72,52:37,E3,E3,0.2552,d5,120,4/4,C Major
note,51529,133,70:55,A#4,Bb4,0.2041,m2,120,4/4,C Major
note,51646,462,69:54,A4,A4,0.2552,M3,120,4/4,C Major
note,51764,363,65:40,F4,F4,0.2552,P4,120,4/4,C Major
note,51835,284,60:29,C4,C4,0.2041,m3,120,4/4,C Major
note,51933,85,57:38,A3,A3,0.2041,M3,120,4/4,C Major
note,52024,55,53:36,F3,F3,0.2552,P4,120,4/4,C Major
note,52103,153,70:60,A#4,Bb4,0.2041,M2,120,4/4,C Major
note,52232,455,72:59,C5,C5,0.2552,P5,120,4/4,C Major
note,52343,379,65:42,F4,F4,0.2552,P4,120,4/4,C Major
note,52408,168,60:35,C4,C4,0.2041,M3,120,4/4,C Major
note,52501,169,56:40,G#3,Ab3,0.2041,d5,120,4/4,C Major
note,52616,99,50:35,D3,D3,0.2041,M6,120,4/4,C Major
note,52698,175,71:61,B4,B4,0.2041,m2,120,4/4,C Major
note,52860,456,72:63,C5,C5,0.2041,P5,120,4/4,C Major
note,52963,429,65:36,F4,F4,0.2552,P4,120,4/4,C Major
note,53041,175,60:34,C4,C4,0.2041,m3,120,4/4,C Major
note,53170,83,57:35,A3,A3,0.2041,M6,120,4/4,C Major
note,53254,93,48:37,C3,C3,0.2041,m2,120,4/4,C Major
note,53340,118,73:55,C#5,Db5,0.2041,m2,120,4/4,C Major
note,53491,243,74:60,D5,D5,0.2552,m7,120,4/4,C Major
note,53606,344,64:35,E4,E4,0.2552,d5,120,4/4,C Major
note,53688,229,58:27,A#3,Bb3,0.2041,m3,120,4/4,C Major
note,53755,99,55:36,G3,G3,0.2041,P5,120,4/4,C Major
note,53871,95,48:32,C3,C3,0.2041,M6,120,4/4,C Major
note,53966,128,69:47,A4,A4,0.2041,m2,120,4/4,C Major
note,54116,407,70:58,A#4,Bb4,0.2041,m7,120,4/4,C Major
note,54221,466,60:40,C4,C4,0.2041,M2,120,4/4,C Major
note,54311,214,58:34,A#3,Bb3,0.2041,d5,120,4/4,C Major
note,54397,82,52:37,E3,E3,0.1531,M3,120,4/4,C Major
note,54502,111,48:38,C3,C3,0.1531,M3,120,4/4,C Major
note,54627,161,64:46,E4,E4,0.1531,m2,120,4/4,C Major
note,54792,561,65:53,F4,F4,0.1531,P4,120,4/4,C Major
note,54974,345,60:30,C4,C4,0.1531,m3,120,4/4,C Major
note,55085,196,57:35,A3,A3,0.1021,M6,120,4/4,C Major
note,55277,127,48:38,C3,C3,0.1021,P5,120,4/4,C Major
note,55525,87,41:42,F2,F2,0.1021,M2,120,4/4,C Major
note,55909,256,79:56,G5,G5,0.1531,M2,120,4/4,C Major
note,56123,402,77:51,F5,F5,0.2041,P5,120,4/4,C Major
note,56264,393,70:41,A#4,Bb4,0.2041,M3,120,4/4,C Major
note,56394,146,74:44,D5,D5,0.2552,M6,120,4/4,C Major
note,56485,103,65:36,F4,F4,0.2041,P5,120,4/4,C Major
note,56598,176,58:35,A#3,Bb3,0.2552,P4,120,4/4,C Major
note,56677,86,75:59,D#5,Eb5,0.2552,m2,120,4/4,C Major
note,56778,288,74:62,D5,D5,0.2041,M6,120,4/4,C Major
note,56908,354,65:37,F4,F4,0.2552,P4,120,4/4,C Major
note,56973,179,70:33,A#4,Bb4,0.2552,m6,120,4/4,C Major
note,57059,138,62:48,D4,D4,0.2041,M3,120,4/4,C Major
note,57164,94,58:44,A#3,Bb3,0.2552,M3,120,4/4,C Major
note,57233,173,74:67,D5,D5,0.2552,M2,120,4/4,C Major
note,57342,535,72:73,C5,C5,0.2552,P5,120,4/4,C Major
note,57455,374,65:22,F4,F4,0.2552,m2,120,4/4,C Major
note,57530,221,66:46,F#4,Gb4,0.2041,m3,120,4/4,C Major
note,57604,80,63:44,D#4,Eb4,0.2041,P4,120,4/4,C Major
note,57701,51,58:43,A#3,Bb3,0.2041,M3,120,4/4,C Major
note,57783,160,74:71,D5,D5,0.2041,m2,120,4/4,C Major
note,57940,412,75:73,D#5,Eb5,0.2552,m7,120,4/4,C Major
note,58070,306,65:40,F4,F4,0.2552,m2,120,4/4,C Major
note,58137,290,66:37,F#4,Gb4,0.2552,m3,120,4/4,C Major
note,58213,78,63:35,D#4,Eb4,0.2041,P4,120,4/4,C Major
note,58304,41,58:32,A#3,Bb3,0.2041,M3,120,4/4,C Major
note,58393,212,74:58,D5,D5,0.2041,M2,120,4/4,C Major
note,58521,682,72:58,C5,C5,0.2041,P5,120,4/4,C Major
note,58632,409,65:38,F4,F4,0.2552,m2,120,4/4,C Major
note,58728,203,66:41,F#4,Gb4,0.2041,m3,120,4/4,C Major
note,58796,132,63:40,D#4,Eb4,0.2041,P4,120,4/4,C Major
note,58916,76,58:42,A#3,Bb3,0.2041,M3,120,4/4,C Major
note,59013,127,74:59,D5,D5,0.2041,m2,120,4/4,C Major
note,59144,540,75:66,D#5,Eb5,0.2041,m7,120,4/4,C Major
note,59288,460,65:43,F4,F4,0.2041,M2,120,4/4,C Major
note,59391,323,63:29,D#4,Eb4,0.2041,m3,120,4/4,C Major
note,59489,73,60:27,C4,C4,0.2041,M2,120,4/4,C Major
note,59585,86,58:36,A#3,Bb3,0.2041,M7,120,4/4,C Major
note,59692,166,69:51,A4,A4,0.2041,m2,120,4/4,C Major
note,59836,488,70:59,A#4,Bb4,0.2041,P4,120,4/4,C Major
note,59955,359,65:45,F4,F4,0.2552,m3,120,4/4,C Major
note,60019,255,62:40,D4,D4,0.2552,M3,120,4/4,C Major
note,60138,46,58:38,A#3,Bb3,0.2552,m2,120,4/4,C Major
note,60223,44,57:48,A3,A3,0.2552,m3,120,4/4,C Major
note,60296,124,72:68,C5,C5,0.2552,M2,120,4/4,C Major
note,60395,464,74:75,D5,D5,0.2552,M6,120,4/4,C Major
note,60513,183,65:52,F4,F4,0.2552,m3,120,4/4,C Major
note,60589,162,62:42,D4,D4,0.2552,M3,120,4/4,C Major
note,60678,86,58:46,A#3,Bb3,0.2552,m3,120,4/4,C Major
note,60761,32,55:57,G3,G3,0.2041,P4,120,4/4,C Major
note,60856,149,72:75,C5,C5,0.2552,M2,120,4/4,C Major
note,60970,419,70:74,A#4,Bb4,0.2552,P4,120,4/4,C Major
note,61058,125,65:53,F4,F4,0.2552,m3,120,4/4,C Major
note,61158,130,62:42,D4,D4,0.2552,M3,120,4/4,C Major
note,61228,75,58:47,A#3,Bb3,0.2041,P4,120,4/4,C Major
note,61315,40,53:52,F3,F3,0.2041,P5,120,4/4,C Major
note,61406,163,72:80,C5,C5,0.2041,M2,120,4/4,C Major
note,61532,480,74:72,D5,D5,0.2552,P5,120,4/4,C Major
note,61651,304,67:47,G4,G4,0.2552,P5,120,4/4,C Major
note,61722,84,60:31,C4,C4,0.2041,M2,120,4/4,C Major
note,61819,89,58:39,A#3,Bb3,0.2041,d5,120,4/4,C Major
note,61912,71,52:40,E3,E3,0.2041,d5,120,4/4,C Major
note,61999,115,70:57,A#4,Bb4,0.2041,m2,120,4/4,C Major
note,62111,497,69:50,A4,A4,0.2041,M3,120,4/4,C Major
note,62248,372,65:31,F4,F4,0.2552,P4,120,4/4,C Major
note,62311,208,60:40,C4,C4,0.2041,m3,120,4/4,C Major
note,62409,65,57:34,A3,A3,0.2041,M3,120,4/4,C Major
note,62515,54,53:42,F3,F3,0.2041,P4,120,4/4,C Major
note,62610,121,70:56,A#4,Bb4,0.2041,M2,120,4/4,C Major
note,62725,477,72:52,C5,C5,0.2041,P5,120,4/4,C Major
note,62839,432,65:37,F4,F4,0.2041,P4,120,4/4,C Major
note,62921,146,60:35,C4,C4,0.2041,M3,120,4/4,C Major
note,63011,117,56:44,G#3,Ab3,0.2041,d5,120,4/4,C Major
note,63139,60,50:38,D3,D3,0.2041,M6,120,4/4,C Major
note,63225,173,71:57,B4,B4,0.2041,m2,120,4/4,C Major
note,63370,487,72:55,C5,C5,0.2041,P5,120,4/4,C Major
note,63502,319,65:35,F4,F4,0.2041,P4,120,4/4,C Major
note,63609,127,60:34,C4,C4,0.2041,m3,120,4/4,C Major
note,63696,100,57:43,A3,A3,0.2041,M6,120,4/4,C Major
note,63807,58,48:29,C3,C3,0.2041,m2,120,4/4,C Major
note,63893,153,73:56,C#5,Db5,0.2041,m2,120,4/4,C Major
note,64055,273,74:63,D5,D5,0.2552,m7,120,4/4,C Major
note,64177,334,64:35,E4,E4,0.2552,d5,120,4/4,C Major
note,64265,135,58:34,A#3,Bb3,0.2041,m3,120,4/4,C Major
note,64336,114,55:43,G3,G3,0.2041,P5,120,4/4,C Major
note,64437,82,48:36,C3,C3,0.2041,M6,120,4/4,C Major
note,64533,127,69:51,A4,A4,0.2041,m2,120,4/4,C Major
note,64684,500,70:59,A#4,Bb4,0.2041,m7,120,4/4,C Major
note,64812,496,60:41,C4,C4,0.2041,M2,120,4/4,C Major
note,64907,288,58:35,A#3,Bb3,0.2041,d5,120,4/4,C Major
note,65006,75,52:43,E3,E3,0.1531,M3,120,4/4,C Major
note,65118,95,48:45,C3,C3,0.1531,M3,120,4/4,C Major
note,65244,154,64:48,E4,E4,0.1531,m2,120,4/4,C Major
note,65399,529,65:59,F4,F4,0.1531,P4,120,4/4,C Major
note,65555,308,60:33,C4,C4,0.1531,m3,120,4/4,C Major
note,65711,224,57:38,A3,A3,0.1021,M6,120,4/4,C Major
note,65908,192,48:40,C3,C3,0.1021,P5,120,4/4,C Major
note,66196,57,41:35,F2,F2,0.1021,M2,120,4/4,C Major
note,66571,355,79:63,G5,G5,0.1021,M2,120,4/4,C Major
note,66883,789,77:63,F5,F5,0.1021,M6,120,4/4,C Major
note,67189,612,68:45,G#4,Ab4,0.1531,M3,120,4/4,C Major
note,67389,186,72:51,C5,C5,0.2041,P5,120,4/4,C Major
note,67550,149,65:38,F4,F4,0.2041,m3,120,4/4,C Major
note,67690,37,62:41,D4,D4,0.2552,m2,120,4/4,C Major
note,67763,136,75:61,D#5,Eb5,0.2552,m2,120,4/4,C Major
note,67887,555,74:58,D5,D5,0.2552,P5,120,4/4,C Major
note,67993,371,67:40,G4,G4,0.2552,P4,120,4/4,C Major
note,68052,111,62:46,D4,D4,0.2041,m3,120,4/4,C Major
note,68141,93,59:47,B3,B3,0.2041,d5,120,4/4,C Major
note,68237,73,53:42,F3,F3,0.2041,d5,120,4/4,C Major
note,68330,138,71:57,B4,B4,0.2041,m2,120,4/4,C Major
note,68445,646,72:75,C5,C5,0.1531,P4,120,4/4,C Major
note,68577,614,67:55,G4,G4,0.1531,m2,120,4/4,C Major
note,68709,358,68:77,G#4,Ab4,0.1531,P4,120,4/4,C Major
note,68918,88,63:52,D#4,Eb4,0.2041,m3,120,4/4,C Major
note,69067,82,60:44,C4,C4,0.2041,M2,120,4/4,C Major
note,69162,140,74:55,D5,D5,0.2041,m2,120,4/4,C Major
note,69298,502,75:75,D#5,Eb5,0.2041,m6,120,4/4,C Major
note,69420,337,67:55,G4,G4,0.2041,P5,120,4/4,C Major
note,69517,346,60:52,C4,C4,0.2041,P4,120,4/4,C Major
note,69633,112,55:49,G3,G3,0.2041,M3,120,4/4,C Major
note,69721,222,51:56,D#3,Eb3,0.1531,M6,120,4/4,C Major
note,69810,301,72:82,C5,C5,0.1531,m6,120,4/4,C Major
note,69971,345,80:86,G#5,Ab5,0.2041,P1,120,4/4,C Major
note,70118,539,68:62,G#4,Ab4,0.2552,m6,120,4/4,C Major
note,70195,218,60:38,C4,C4,0.2041,P5,120,4/4,C Major
note,70292,86,53:51,F3,F3,0.2041,m3,120,4/4,C Major
note,70367,46,50:52,D3,D3,0.1531,d5,120,4/4,C Major
note,70487,212,80:89,G#5,Ab5,0.2041,m2,120,4/4,C Major
note,70647,406,79:88,G5,G5,0.2041,P1,120,4/4,C Major
note,70761,265,67:58,G4,G4,0.2041,m6,120,4/4,C Major
note,70869,101,59:49,B3,B3,0.2041,M6,120,4/4,C Major
note,70977,94,50:53,D3,D3,0.2041,P5,120,4/4,C Major
note,71068,54,43:44,G2,G2,0.2041,P1,120,4/4,C Major
note,71151,209,79:83,G5,G5,0.2041,M3,120,4/4,C Major
note,71287,375,75:75,D#5,Eb5,0.2552,m6,120,4/4,C Major
note,71383,389,67:46,G4,G4,0.2041,P5,120,4/4,C Major
note,71469,158,60:37,C4,C4,0.2041,M6,120,4/4,C Major
note,71563,121,51:39,D#3,Eb3,0.1531,m3,120,4/4,C Major
note,71656,86,48:41,C3,C3,0.1531,m3,120,4/4,C Major
note,71789,264,75:61,D#5,Eb5,0.2041,m3,120,4/4,C Major
note,71960,404,72:59,C5,C5,0.2041,P4,120,4/4,C Major
note,72056,174,67:37,G4,G4,0.2041,P5,120,4/4,C Major
note,72173,203,60:31,C4,C4,0.2041,P4,120,4/4,C Major
note,72280,114,55:41,G3,G3,0.1531,M3,120,4/4,C Major
note,72389,55,51:40,D#3,Eb3,0.1531,M2,120,4/4,C Major
note,72541,332,77:54,F5,F5,0.1531,M2,120,4/4,C Major
note,72726,634,75:56,D#5,Eb5,0.1531,M6,120,4/4,C Major
note,72909,468,66:35,F#4,Gb4,0.1531,M3,120,4/4,C Major
note,73079,217,70:39,A#4,Bb4,0.2041,P5,120,4/4,C Major
note,73202,146,63:41,D#4,Eb4,0.2041,m3,120,4/4,C Major
note,73340,42,60:30,C4,C4,0.2041,m2,120,4/4,C Major
note,73402,150,73:47,C#5,Db5,0.2041,m2,120,4/4,C Major
note,73518,625,72:56,C5,C5,0.2552,P5,120,4/4,C Major
note,73643,399,65:33,F4,F4,0.2552,P4,120,4/4,C Major
note,73726,142,60:39,C4,C4,0.2041,m3,120,4/4,C Major
note,73826,127,57:39,A3,A3,0.2041,d5,120,4/4,C Major
note,73898,98,51:47,D#3,Eb3,0.2041,d5,120,4/4,C Major
note,74001,150,69:52,A4,A4,0.2041,m2,120,4/4,C Major
note,74125,569,70:56,A#4,Bb4,0.1531,P4,120,4/4,C Major
note,74254,500,65:49,F4,F4,0.2041,m2,120,4/4,C Major
note,74352,279,66:57,F#4,Gb4,0.2041,P4,120,4/4,C Major
note,74514,86,61:43,C#4,Db4,0.2041,m3,120,4/4,C Major
note,74638,79,58:41,A#3,Bb3,0.2041,M2,120,4/4,C Major
note,74722,170,72:58,C5,C5,0.2041,m2,120,4/4,C Major
note,74886,624,73:61,C#5,Db5,0.2041,m6,120,4/4,C Major
note,75011,304,65:37,F4,F4,0.2552,P5,120,4/4,C Major
note,75097,186,58:49,A#3,Bb3,0.2041,P4,120,4/4,C Major
note,75195,103,53:41,F3,F3,0.2041,M3,120,4/4,C Major
note,75293,68,49:54,C#3,Db3,0.2041,M6,120,4/4,C Major
note,75375,163,70:67,A#4,Bb4,0.2041,m6,120,4/4,C Major
note,75490,382,78:71,F#5,Gb5,0.2041,P1,120,4/4,C Major
note,75615,288,66:56,F#4,Gb4,0.2552,m3,120,4/4,C Major
note,75705,107,63:40,D#4,Eb4,0.2041,P4,120,4/4,C Major
note,75783,104,58:53,A#3,Bb3,0.2041,P5,120,4/4,C Major
note,75875,56,51:55,D#3,Eb3,0.2041,m3,120,4/4,C Major
note,75963,194,78:81,F#5,Gb5,0.2041,m3,120,4/4,C Major
note,76112,352,81:89,A5,A5,0.2041,P1,120,4/4,C Major
note,76211,147,69:56,A4,A4,0.2041,m3,120,4/4,C Major
note,76305,114,66:52,F#4,Gb4,0.2041,m3,120,4/4,C Major
note,76421,71,63:52,D#4,Eb4,0.1531,M6,120,4/4,C Major
note,76514,43,54:47,F#3,Gb3,0.1531,m3,120,4/4,C Major
note,76617,210,81:86,A5,A5,0.1531,m2,120,4/4,C Major
note,76814,581,82:85,A#5,Bb5,0.1531,P1,120,4/4,C Major
note,76977,251,70:49,A#4,Bb4,0.2041,m3,120,4/4,C Major
note,77100,150,67:29,G4,G4,0.2041,M3,120,4/4,C Major
note,77218,120,63:47,D#4,Eb4,0.2041,m6,120,4/4,C Major
note,77312,90,55:41,G3,G3,0.1531,P1,120,4/4,C Major
note,77414,185,79:61,G5,G5,0.1531,M2,120,4/4,C Major
note,77577,576,77:56,F5,F5,0.1531,P4,120,4/4,C Major
note,77739,486,72:43,C5,C5,0.1531,P5,120,4/4,C Major
note,77897,198,65:36,F4,F4,0.1531,M2,120,4/4,C Major
note,78056,164,63:39,D#4,Eb4,0.1021,d5,120,4/4,C Major
note,78257,171,57:39,A3,A3,0.1021,m7,120,4/4,C Major
note,78504,304,79:51,G5,G5,0.1021,M2,120,4/4,C Major
note,78749,426,77:51,F5,F5,0.1531,P5,120,4/4,C Major
note,78915,405,70:30,A#4,Bb4,0.2041,M3,120,4/4,C Major
note,79028,206,74:43,D5,D5,0.2041,M6,120,4/4,C Major
note,79158,87,65:31,F4,F4,0.2041,P5,120,4/4,C Major
note,79261,157,58:33,A#3,Bb3,0.2041,P4,120,4/4,C Major
note,79344,86,75:59,D#5,Eb5,0.2041,m2,120,4/4,C Major
note,79463,334,74:57,D5,D5,0.2041,M6,120,4/4,C Major
note,79576,389,65:42,F4,F4,0.2552,P4,120,4/4,C Major
note,79669,210,70:27,A#4,Bb4,0.2041,m6,120,4/4,C Major
note,79769,189,62:40,D4,D4,0.2041,M3,120,4/4,C Major
note,79873,94,58:41,A#3,Bb3,0.2552,M3,120,4/4,C Major
note,79937,180,74:65,D5,D5,0.2041,M2,120,4/4,C Major
note,80057,491,72:68,C5,C5,0.2552,P5,120,4/4,C Major
note,80166,348,65:44,F4,F4,0.2552,m2,120,4/4,C Major
note,80251,176,66:45,F#4,Gb4,0.2552,m3,120,4/4,C Major
note,80333,115,63:40,D#4,Eb4,0.2041,P4,120,4/4,C Major
note,80430,61,58:39,A#3,Bb3,0.2041,M3,120,4/4,C Major
note,80517,92,74:63,D5,D5,0.2552,m2,120,4/4,C Major
note,80625,415,75:62,D#5,Eb5,0.2041,m7,120,4/4,C Major
note,80733,289,65:38,F4,F4,0.2552,m2,120,4/4,C Major
note,80815,192,66:37,F#4,Gb4,0.2041,m3,120,4/4,C Major
note,80887,102,63:35,D#4,Eb4,0.2041,P4,120,4/4,C Major
note,81029,40,58:29,A#3,Bb3,0.2552,M3,120,4/4,C Major
note,81088,148,74:58,D5,D5,0.2552,M2,120,4/4,C Major
note,81202,472,72:61,C5,C5,0.2552,P5,120,4/4,C Major
note,81311,308,65:45,F4,F4,0.2552,m2,120,4/4,C Major
note,81387,177,66:31,F#4,Gb4,0.2552,m3,120,4/4,C Major
note,81444,86,63:46,D#4,Eb4,0.2041,P4,120,4/4,C Major
note,81555,41,58:42,A#3,Bb3,0.2041,M3,120,4/4,C Major
note,81633,128,74:70,D5,D5,0.2552,m2,120,4/4,C Major
note,81747,456,75:75,D#5,Eb5,0.2552,m7,120,4/4,C Major
note,81845,386,65:46,F4,F4,0.2552,M2,120,4/4,C Major
note,81940,314,63:37,D#4,Eb4,0.2552,m3,120,4/4,C Major
note,82013,80,60:40,C4,C4,0.2041,M2,120,4/4,C Major
note,82091,106,58:45,A#3,Bb3,0.2041,M7,120,4/4,C Major
note,82204,160,69:63,A4,A4,0.2041,m2,120,4/4,C Major
note,82316,324,70:69,A#4,Bb4,0.2552,P4,120,4/4,C Major
note,82435,104,65:53,F4,F4,0.2552,m3,120,4/4,C Major
note,82512,168,62:55,D4,D4,0.2041,M3,120,4/4,C Major
note,82604,100,58:59,A#3,Bb3,0.2041,m2,120,4/4,C Major
note,82685,50,57:64,A3,A3,0.2041,m3,120,4/4,C Major
note,82770,184,72:78,C5,C5,0.2041,M2,120,4/4,C Major
note,82902,486,74:77,D5,D5,0.2041,M6,120,4/4,C Major
note,83025,230,65:51,F4,F4,0.2041,m3,120,4/4,C Major
note,83124,130,62:54,D4,D4,0.2041,M3,120,4/4,C Major
note,83245,63,58:45,A#3,Bb3,0.2041,M2,120,4/4,C Major
note,83336,62,56:41,G#3,Ab3,0.2041,M2,120,4/4,C Major
note,83419,154,70:61,A#4,Bb4,0.1531,P4,120,4/4,C Major
note,83569,397,75:76,D#5,Eb5,0.2041,P1,120,4/4,C Major
note,83701,217,63:47,D#4,Eb4,0.2041,M3,120,4/4,C Major
note,83815,174,67:29,G4,G4,0.2041,M6,120,4/4,C Major
note,83911,156,58:47,A#3,Bb3,0.2041,m3,120,4/4,C Major
note,84024,74,55:43,G3,G3,0.2041,m6,120,4/4,C Major
note,84101,173,75:62,D#5,Eb5,0.2041,M3,120,4/4,C Major
note,84232,313,71:57,B4,B4,0.2552,m3,120,4/4,C Major
note,84344,286,68:54,G#4,Ab4,0.2552,d5,120,4/4,C Major
note,84422,101,62:40,D4,D4,0.2041,d5,120,4/4,C Major
note,84516,121,56:44,G#3,Ab3,0.2041,m3,120,4/4,C Major
note,84601,79,53:47,F3,F3,0.2041,d5,120,4/4,C Major
note,84696,109,71:56,B4,B4,0.2041,m2,120,4/4,C Major
note,84825,332,72:61,C5,C5,0.2552,P1,120,4/4,C Major
note,84934,226,60:40,C4,C4,0.2552,m3,120,4/4,C Major
note,85024,141,63:38,D#4,Eb4,0.2552,m6,120,4/4,C Major
note,85110,85,55:34,G3,G3,0.2041,M3,120,4/4,C Major
note,85196,70,51:45,D#3,Eb3,0.2041,M6,120,4/4,C Major
note,85283,181,72:57,C5,C5,0.2041,d5,120,4/4,C Major
note,85408,389,66:55,F#4,Gb4,0.2552,M3,120,4/4,C Major
note,85519,248,62:41,D4,D4,0.2552,P4,120,4/4,C Major
note,85607,129,57:31,A3,A3,0.2552,P5,120,4/4,C Major
note,85688,82,50:38,D3,D3,0.2041,M2,120,4/4,C Major
note,85788,40,48:46,C3,C3,0.2041,d5,120,4/4,C Major
note,85874,119,66:46,F#4,Gb4,0.2041,m2,120,4/4,C Major
note,85991,323,67:60,G4,G4,0.2041,P1,120,4/4,C Major
note,86105,246,55:42,G3,G3,0.2552,m3,120,4/4,C Major
note,86204,153,58:40,A#3,Bb3,0.2041,m6,120,4/4,C Major
note,86295,93,50:39,D3,D3,0.2041,M3,120,4/4,C Major
note,86391,64,46:44,A#2,Bb2,0.2041,M6,120,4/4,C Major
note,86489,109,67:51,G4,G4,0.2041,m2,120,4/4,C Major
note,86617,312,66:59,F#4,Gb4,0.2041,m6,120,4/4,C Major
note,86734,509,58:42,A#3,Bb3,0.2041,M3,120,4/4,C Major
note,86825,77,54:44,F#3,Gb3,0.2041,m6,120,4/4,C Major
note,86928,93,46:43,A#2,Bb2,0.2041,P5,120,4/4,C Major
note,87042,86,39:38,D#2,Eb2,0.2041,m3,120,4/4,C Major
note,87143,160,66:53,F#4,Gb4,0.2041,m2,120,4/4,C Major
note,87266,375,65:54,F4,F4,0.2041,m6,120,4/4,C Major
note,87393,279,57:39,A3,A3,0.2041,M3,120,4/4,C Major
note,87481,200,53:32,F3,F3,0.2041,m6,120,4/4,C Major
note,87591,118,45:43,A2,A2,0.1531,M3,120,4/4,C Major
note,87704,107,41:38,F2,F2,0.1531,P1,120,4/4,C Major
note,87815,585,65:40,F4,F4,0.1531,m3,120,4/4,C Major
note,87998,363,62:50,D4,D4,0.1531,M3,120,4/4,C Major
note,88153,208,58:42,A#3,Bb3,0.1531,m6,120,4/4,C Major
note,88274,137,50:30,D3,D3,0.1021,M6,120,4/4,C Major
note,88445,207,41:35,F2,F2,0.1021,P5,120,4/4,C Major
note,88713,57,34:38,A#1,Bb1,0.1021,M6,120,4/4,C Major
note,89038,264,79:61,G5,G5,0.1021,M2,120,4/4,C Major
note,89288,571,77:58,F5,F5,0.1531,M6,120,4/4,C Major
note,89452,499,68:42,G#4,Ab4,0.2041,M3,120,4/4,C Major
note,89570,152,72:50,C5,C5,0.2041,P5,120,4/4,C Major
note,89697,119,65:42,F4,F4,0.2552,m3,120,4/4,C Major
note,89795,45,62:41,D4,D4,0.2552,m2,120,4/4,C Major
note,89864,161,75:67,D#5,Eb5,0.2552,m2,120,4/4,C Major
note,89990,544,74:65,D5,D5,0.2552,P5,120,4/4,C Major
note,90057,397,67:45,G4,G4,0.2552,P4,120,4/4,C Major
note,90163,89,62:51,D4,D4,0.2552,m3,120,4/4,C Major
note,90244,90,59:52,B3,B3,0.2041,d5,120,4/4,C Major
note,90340,111,53:53,F3,F3,0.2041,d5,120,4/4,C Major
note,90434,134,71:61,B4,B4,0.2041,m2,120,4/4,C Major
note,90543,529,72:72,C5,C5,0.2041,P4,120,4/4,C Major
note,90650,378,67:59,G4,G4,0.2041,m2,120,4/4,C Major
note,90770,189,68:58,G#4,Ab4,0.2041,P4,120,4/4,C Major
note,90901,50,63:42,D#4,Eb4,0.2041,m3,120,4/4,C Major
note,90977,68,60:50,C4,C4,0.2041,M2,120,4/4,C Major
note,91070,174,74:81,D5,D5,0.2041,m2,120,4/4,C Major
note,91194,419,75:83,D#5,Eb5,0.2552,m6,120,4/4,C Major
note,91308,202,67:64,G4,G4,0.2552,P5,120,4/4,C Major
note,91391,165,60:55,C4,C4,0.2041,P4,120,4/4,C Major
note,91481,100,55:50,G3,G3,0.2041,M3,120,4/4,C Major
note,91568,116,51:58,D#3,Eb3,0.2041,M6,120,4/4,C Major
note,91638,249,72:86,C5,C5,0.2041,m6,120,4/4,C Major
note,91793,276,80:86,G#5,Ab5,0.2552,P1,120,4/4,C Major
note,91915,555,68:68,G#4,Ab4,0.2552,m6,120,4/4,C Major
note,91996,159,60:45,C4,C4,0.2041,P5,120,4/4,C Major
note,92078,86,53:50,F3,F3,0.2041,m3,120,4/4,C Major
note,92161,40,50:53,D3,D3,0.2041,d5,120,4/4,C Major
note,92268,211,80:88,G#5,Ab5,0.1531,m2,120,4/4,C Major
note,92430,374,79:82,G5,G5,0.2041,P1,120,4/4,C Major
note,92545,243,67:51,G4,G4,0.2552,m6,120,4/4,C Major
note,92653,78,59:46,B3,B3,0.2041,M6,120,4/4,C Major
note,92744,90,50:51,D3,D3,0.2041,P5,120,4/4,C Major
note,92846,51,43:43,G2,G2,0.2041,P1,120,4/4,C Major
note,92919,186,79:65,G5,G5,0.2041,M3,120,4/4,C Major
note,93050,380,75:66,D#5,Eb5,0.2041,m6,120,4/4,C Major
note,93169,211,67:41,G4,G4,0.2041,P5,120,4/4,C Major
note,93255,128,60:32,C4,C4,0.2041,M6,120,4/4,C Major
note,93340,107,51:43,D#3,Eb3,0.2041,m3,120,4/4,C Major
note,93439,59,48:36,C3,C3,0.2041,m3,120,4/4,C Major
note,93557,175,75:57,D#5,Eb5,0.2041,m3,120,4/4,C Major
note,93684,429,72:54,C5,C5,0.2041,P4,120,4/4,C Major
note,93781,119,67:42,G4,G4,0.2041,P5,120,4/4,C Major
note,93879,149,60:38,C4,C4,0.2041,P4,120,4/4,C Major
note,93971,113,55:43,G3,G3,0.1531,M3,120,4/4,C Major
note,94075,61,51:42,D#3,Eb3,0.1531,M2,120,4/4,C Major
note,94218,196,77:58,F5,F5,0.1531,M2,120,4/4,C Major
note,94383,562,75:64,D#5,Eb5,0.1531,M6,120,4/4,C Major
note,94588,315,66:37,F#4,Gb4,0.2041,M3,120,4/4,C Major
note,94708,171,70:43,A#4,Bb4,0.2041,P5,120,4/4,C Major
note,94838,123,63:31,D#4,Eb4,0.2041,m3,120,4/4,C Major
note,94928,46,60:24,C4,C4,0.2041,m2,120,4/4,C Major
note,95000,152,73:53,C#5,Db5,0.2041,m2,120,4/4,C Major
note,95128,622,72:54,C5,C5,0.2041,P5,120,4/4,C Major
note,95278,365,65:11,F4,F4,0.2552,P4,120,4/4,C Major
note,95324,141,60:34,C4,C4,0.2041,m3,120,4/4,C Major
note,95417,113,57:38,A3,A3,0.2041,d5,120,4/4,C Major
note,95524,41,51:43,D#3,Eb3,0.2041,d5,120,4/4,C Major
note,95623,117,69:47,A4,A4,0.2041,m2,120,4/4,C Major
note,95730,396,70:61,A#4,Bb4,0.2552,P4,120,4/4,C Major
note,95855,289,65:42,F4,F4,0.2552,m2,120,4/4,C Major
note,95929,125,66:45,F#4,Gb4,0.2552,P4,120,4/4,C Major
note,96025,75,61:45,C#4,Db4,0.2552,m3,120,4/4,C Major
note,96104,36,58:51,A#3,Bb3,0.2552,M2,120,4/4,C Major
note,96169,153,72:73,C5,C5,0.2041,m2,120,4/4,C Major
note,96291,459,73:68,C#5,Db5,0.2552,m6,120,4/4,C Major
note,96393,156,65:53,F4,F4,0.2552,P5,120,4/4,C Major
note,96478,143,58:37,A#3,Bb3,0.2041,P4,120,4/4,C Major
note,96565,87,53:43,F3,F3,0.2041,M3,120,4/4,C Major
note,96657,41,49:52,C#3,Db3,0.2041,M6,120,4/4,C Major
note,96750,133,70:72,A#4,Bb4,0.2041,m6,120,4/4,C Major
note,96875,258,78:75,F#5,Gb5,0.2041,P1,120,4/4,C Major
note,96993,157,66:53,F#4,Gb4,0.2552,m3,120,4/4,C Major
note,97083,105,63:47,D#4,Eb4,0.2041,P4,120,4/4,C Major
note,97172,87,58:53,A#3,Bb3,0.2041,P5,120,4/4,C Major
note,97270,40,51:55,D#3,Eb3,0.1531,m3,120,4/4,C Major
note,97362,192,78:86,F#5,Gb5,0.2041,m3,120,4/4,C Major
note,97518,379,81:86,A5,A5,0.2041,P1,120,4/4,C Major
note,97657,104,69:51,A4,A4,0.2041,m3,120,4/4,C Major
note,97741,97,66:47,F#4,Gb4,0.2041,m3,120,4/4,C Major
note,97854,65,63:51,D#4,Eb4,0.1531,M6,120,4/4,C Major
note,97952,61,54:45,F#3,Gb3,0.1531,m3,120,4/4,C Major
note,98056,257,81:79,A5,A5,0.1021,m2,120,4/4,C Major
note,98306,691,82:75,A#5,Bb5,0.1531,P1,120,4/4,C Major
note,98526,272,70:44,A#4,Bb4,0.2041,m3,120,4/4,C Major
note,98676,147,67:37,G4,G4,0.2041,M3,120,4/4,C Major
note,98786,137,63:46,D#4,Eb4,0.2041,m6,120,4/4,C Major
note,98899,101,55:30,G3,G3,0.2041,P1,120,4/4,C Major
note,99000,175,79:55,G5,G5,0.2041,M2,120,4/4,C Major
note,99148,385,77:58,F5,F5,0.2041,P4,120,4/4,C Major
note,99282,360,72:45,C5,C5,0.2041,P5,120,4/4,C Major
note,99381,85,65:27,F4,F4,0.1531,M2,120,4/4,C Major
note,99484,142,63:42,D#4,Eb4,0.1531,d5,120,4/4,C Major
note,99605,138,57:39,A3,A3,0.1531,m7,120,4/4,C Major
note,99775,240,79:61,G5,G5,0.1531,M2,120,4/4,C Major
note,99958,427,77:58,F5,F5,0.1531,P5,120,4/4,C Major
note,100140,386,70:36,A#4,Bb4,0.2041,M3,120,4/4,C Major
note,100262,199,74:43,D5,D5,0.2041,M6,120,4/4,C Major
note,100368,89,65:32,F4,F4,0.2041,P5,120,4/4,C Major
note,100474,183,58:35,A#3,Bb3,0.2041,P4,120,4/4,C Major
note,100569,70,75:58,D#5,Eb5,0.2041,m2,120,4/4,C Major
note,100677,345,74:52,D5,D5,0.2552,M6,120,4/4,C Major
note,100803,329,65:39,F4,F4,0.2552,P4,120,4/4,C Major
note,100864,184,70:37,A#4,Bb4,0.2041,m6,120,4/4,C Major
note,100966,154,62:42,D4,D4,0.2552,M3,120,4/4,C Major
note,101055,169,58:32,A#3,Bb3,0.2041,M3,120,4/4,C Major
note,101139,183,74:71,D5,D5,0.2552,M2,120,4/4,C Major
note,101251,476,72:68,C5,C5,0.2552,P5,120,4/4,C Major
note,101345,364,65:54,F4,F4,0.2552,m2,120,4/4,C Major
note,101440,211,66:39,F#4,Gb4,0.2552,m3,120,4/4,C Major
note,101512,100,63:43,D#4,Eb4,0.2041,P4,120,4/4,C Major
note,101605,81,58:44,A#3,Bb3,0.2041,M3,120,4/4,C Major
note,101690,109,74:62,D5,D5,0.2552,m2,120,4/4,C Major
note,101792,410,75:68,D#5,Eb5,0.2552,m7,120,4/4,C Major
note,101922,262,65:38,F4,F4,0.2552,m2,120,4/4,C Major
note,102001,187,66:38,F#4,Gb4,0.2552,m3,120,4/4,C Major
note,102066,87,63:32,D#4,Eb4,0.2041,P4,120,4/4,C Major
note,102176,45,58:29,A#3,Bb3,0.2552,M3,120,4/4,C Major
note,102252,163,74:56,D5,D5,0.2552,M2,120,4/4,C Major
note,102374,529,72:52,C5,C5,0.2552,P5,120,4/4,C Major
note,102491,321,65:44,F4,F4,0.2552,m2,120,4/4,C Major
note,102559,142,66:33,F#4,Gb4,0.2552,m3,120,4/4,C Major
note,102623,97,63:40,D#4,Eb4,0.2041,P4,120,4/4,C Major
note,102738,79,58:42,A#3,Bb3,0.2041,M3,120,4/4,C Major
note,102820,101,74:59,D5,D5,0.2041,m2,120,4/4,C Major
note,102926,474,75:72,D#5,Eb5,0.2041,m7,120,4/4,C Major
note,103047,434,65:36,F4,F4,0.2041,M2,120,4/4,C Major
note,103146,307,63:38,D#4,Eb4,0.2041,m3,120,4/4,C Major
note,103248,53,60:31,C4,C4,0.2041,M2,120,4/4,C Major
note,103324,170,58:41,A#3,Bb3,0.2041,M7,120,4/4,C Major
note,103433,171,69:53,A4,A4,0.2041,m2,120,4/4,C Major
note,103564,410,70:63,A#4,Bb4,0.2041,P4,120,4/4,C Major
note,103682,311,65:51,F4,F4,0.2552,m3,120,4/4,C Major
note,103766,163,62:48,D4,D4,0.2041,M3,120,4/4,C Major
note,103846,97,58:55,A#3,Bb3,0.2041,m2,120,4/4,C Major
note,103949,47,57:61,A3,A3,0.2041,m3,120,4/4,C Major
note,104041,148,72:79,C5,C5,0.2041,M2,120,4/4,C Major
note,104152,470,74:79,D5,D5,0.2041,M6,120,4/4,C Major
note,104262,173,65:53,F4,F4,0.2552,m3,120,4/4,C Major
note,104354,141,62:55,D4,D4,0.2041,M3,120,4/4,C Major
note,104459,82,58:55,A#3,Bb3,0.2041,M2,120,4/4,C Major
note,104539,80,56:61,G#3,Ab3,0.1531,M2,120,4/4,C Major
note,104638,216,70:80,A#4,Bb4,0.1531,P4,120,4/4,C Major
note,104812,349,75:83,D#5,Eb5,0.2041,P1,120,4/4,C Major
note,104959,143,63:55,D#4,Eb4,0.2041,M3,120,4/4,C Major
note,105058,148,67:46,G4,G4,0.2041,M6,120,4/4,C Major
note,105153,133,58:49,A#3,Bb3,0.2041,m3,120,4/4,C Major
note,105255,84,55:51,G3,G3,0.1531,m6,120,4/4,C Major
note,105369,192,75:76,D#5,Eb5,0.2041,M3,120,4/4,C Major
note,105517,328,71:71,B4,B4,0.2041,m3,120,4/4,C Major
note,105642,288,68:57,G#4,Ab4,0.2041,d5,120,4/4,C Major
note,105723,114,62:44,D4,D4,0.2041,d5,120,4/4,C Major
note,105829,111,56:49,G#3,Ab3,0.2041,m3,120,4/4,C Major
note,105938,78,53:47,F3,F3,0.2041,d5,120,4/4,C Major
note,106031,132,71:67,B4,B4,0.2041,m2,120,4/4,C Major
note,106172,348,72:72,C5,C5,0.2041,P1,120,4/4,C Major
note,106298,269,60:45,C4,C4,0.2041,m3,120,4/4,C Major
note,106411,144,63:48,D#4,Eb4,0.2041,m6,120,4/4,C Major
note,106505,75,55:40,G3,G3,0.2041,M3,120,4/4,C Major
note,106604,58,51:47,D#3,Eb3,0.2041,M6,120,4/4,C Major
note,106714,186,72:61,C5,C5,0.2041,d5,120,4/4,C Major
note,106851,361,66:58,F#4,Gb4,0.2041,M3,120,4/4,C Major
note,106973,288,62:44,D4,D4,0.2552,P4,120,4/4,C Major
note,107065,105,57:36,A3,A3,0.2041,P5,120,4/4,C Major
note,107168,65,50:36,D3,D3,0.2041,M2,120,4/4,C Major
note,107261,42,48:38,C3,C3,0.2041,d5,120,4/4,C Major
note,107343,147,66:55,F#4,Gb4,0.2041,m2,120,4/4,C Major
note,107473,358,67:49,G4,G4,0.2041,P1,120,4/4,C Major
note,107583,264,55:25,G3,G3,0.2041,m3,120,4/4,C Major
note,107687,168,58:40,A#3,Bb3,0.2041,m6,120,4/4,C Major
note,107775,77,50:36,D3,D3,0.2041,M3,120,4/4,C Major
note,107884,61,46:36,A#2,Bb2,0.2041,M6,120,4/4,C Major
note,107976,126,67:46,G4,G4,0.2041,m2,120,4/4,C Major
note,108128,345,66:56,F#4,Gb4,0.2041,m6,120,4/4,C Major
note,108267,465,58:42,A#3,Bb3,0.2041,M3,120,4/4,C Major
note,108351,80,54:38,F#3,Gb3,0.2041,m6,120,4/4,C Major
note,108453,78,46:39,A#2,Bb2,0.2041,P5,120,4/4,C Major
note,108575,80,39:39,D#2,Eb2,0.2041,m3,120,4/4,C Major
note,108691,137,66:51,F#4,Gb4,0.2041,m2,120,4/4,C Major
note,108837,355,65:49,F4,F4,0.2041,m6,120,4/4,C Major
note,108929,336,57:38,A3,A3,0.2041,M3,120,4/4,C Major
note,109062,130,53:31,F3,F3,0.1531,m6,120,4/4,C Major
note,109178,73,45:36,A2,A2,0.1531,M3,120,4/4,C Major
note,109286,122,41:39,F2,F2,0.1531,P1,120,4/4,C Major
note,109448,1098,65:48,F4,F4,0.1531,m3,120,4/4,C Major
note,109640,825,62:38,D4,D4,0.1531,M3,120,4/4,C Major
note,109821,769,58:33,A#3,Bb3,0.1021,m6,120,4/4,C Major
note,109995,197,50:34,D3,D3,0.1021,M6,120,4/4,C Major
note,110252,298,41:37,F2,F2,0.051,P5,120,4/4,C Major
note,110689,113,34:34,A#1,Bb1,0.051,M7,120,4/4,C Major
note,111431,137,57:45,A3,A3,0.2041,m2,120,4/4,C Major
note,111591,119,58:53,A#3,Bb3,0.3062,d5,120,4/4,C Major
note,111725,63,52:42,E3,E3,0.3572,M6,120,4/4,C Major
note,111813,143,61:55,C#4,Db4,0.3572,M3,120,4/4,C Major
note,111894,183,45:36,A2,A2,0.3572,P1,120,4/4,C Major
note,111903,134,33:35,A1,A1,0.3062,P5,120,4/4,C Major
note,111918,84,64:50,E4,E4,0.3062,M6,120,4/4,C Major
note,112001,60,55:54,G3,G3,0.4082,M2,120,4/4,C Major
note,112086,47,57:46,A3,A3,0.4082,m2,120,4/4,C Major
note,112145,52,58:64,A#3,Bb3,0.3572,P4,120,4/4,C Major
note,112230,46,53:59,F3,F3,0.4082,M6,120,4/4,C Major
note,112302,84,62:67,D4,D4,0.4082,P1,120,4/4,C Major
note,112352,211,50:49,D3,D3,0.4082,P1,120,4/4,C Major
note,112361,155,38:44,D2,D2,0.3572,m3,120,4/4,C Major
note,112367,139,65:63,F4,F4,0.3062,m6,120,4/4,C Major
note,112452,66,57:63,A3,A3,0.4082,m3,120,4/4,C Major
note,112534,66,60:59,C4,C4,0.4082,m2,120,4/4,C Major
note,112585,60,61:75,C#4,Db4,0.4082,d5,120,4/4,C Major
note,112663,48,55:61,G3,G3,0.4082,M6,120,4/4,C Major
note,112724,127,64:68,E4,E4,0.4082,m3,120,4/4,C Major
note,112774,113,67:69,G4,G4,0.4082,m3,120,4/4,C Major
note,112780,166,52:51,E3,E3,0.3572,P1,120,4/4,C Major
note,112783,135,40:46,E2,E2,0.3062,d5,120,4/4,C Major
note,112873,59,58:66,A#3,Bb3,0.4082,M3,120,4/4,C Major
note,112927,77,62:74,D4,D4,0.4082,m2,120,4/4,C Major
note,112982,58,63:81,D#4,Eb4,0.4082,d5,120,4/4,C Major
note,113054,43,57:69,A3,A3,0.4082,P1,120,4/4,C Major
note,113125,98,69:79,A4,A4,0.4082,m3,120,4/4,C Major
note,113169,302,54:67,F#3,Gb3,0.4082,P1,120,4/4,C Major
note,113172,225,42:67,F#2,Gb2,0.3572,d5,120,4/4,C Major
note,113196,47,72:87,C5,C5,0.3062,P1,120,4/4,C Major
note,113268,77,60:77,C4,C4,0.4082,M2,120,4/4,C Major
note,113338,75,62:82,D4,D4,0.4082,m2,120,4/4,C Major
note,113401,54,63:82,D#4,Eb4,0.4082,P4,120,4/4,C Major
note,113472,76,58:81,A#3,Bb3,0.4082,M6,120,4/4,C Major
note,113538,105,67:70,G4,G4,0.4082,P1,120,4/4,C Major
note,113597,103,55:85,G3,G3,0.4082,m3,120,4/4,C Major
note,113600,104,70:87,A#4,Bb4,0.3572,m3,120,4/4,C Major
note,113603,86,43:67,G2,G2,0.3062,P5,120,4/4,C Major
note,113682,53,62:71,D4,D4,0.4082,M2,120,4/4,C Major
note,113742,70,64:76,E4,E4,0.4082,m2,120,4/4,C Major
note,113799,59,65:81,F4,F4,0.4082,d5,120,4/4,C Major
note,113872,26,59:85,B3,B3,0.4082,P1,120,4/4,C Major
note,113938,99,71:87,B4,B4,0.4082,m3,120,4/4,C Major
note,114000,56,56:84,G#3,Ab3,0.4082,P1,120,4/4,C Major
note,114005,51,44:77,G#2,Ab2,0.3572,d5,120,4/4,C Major
note,114009,102,74:96,D5,D5,0.3062,M6,120,4/4,C Major
note,114086,71,65:85,F4,F4,0.4082,M2,120,4/4,C Major
note,114156,76,67:82,G4,G4,0.4082,m2,120,4/4,C Major
note,114217,53,68:88,G#4,Ab4,0.4082,d5,120,4/4,C Major
note,114290,39,62:85,D4,D4,0.4082,P1,120,4/4,C Major
note,114352,89,74:91,D5,D5,0.4082,P4,120,4/4,C Major
note,114406,619,57:86,A3,A3,0.3572,P1,120,4/4,C Major
note,114409,597,45:72,A2,A2,0.3572,m6,120,4/4,C Major
note,114422,61,77:95,F5,F5,0.3062,P1,120,4/4,C Major
note,114501,85,65:81,F4,F4,0.3062,m3,120,4/4,C Major
note,114580,71,68:84,G#4,Ab4,0.3062,m2,120,4/4,C Major
note,114648,61,69:77,A4,A4,0.3062,P4,120,4/4,C Major
note,114729,60,64:77,E4,E4,0.3062,M6,120,4/4,C Major
note,114793,102,73:81,C#5,Db5,0.3062,m3,120,4/4,C Major
note,114858,96,76:88,E5,E5,0.3062,M6,120,4/4,C Major
note,114939,54,67:68,G4,G4,0.4593,M2,120,4/4,C Major
note,114997,61,69:69,A4,A4,0.4593,m2,120,4/4,C Major
note,115064,53,70:76,A#4,Bb4,0.4593,d5,120,4/4,C Major
note,115137,52,64:62,E4,E4,0.4593,M6,120,4/4,C Major
note,115199,94,73:69,C#5,Db5,0.4593,M3,120,4/4,C Major
note,115254,37,57:57,A3,A3,0.4593,m6,120,4/4,C Major
note,115260,44,49:47,C#3,Db3,0.4082,M3,120,4/4,C Major
note,115263,38,45:45,A2,A2,0.3572,P5,120,4/4,C Major
note,115272,59,76:71,E5,E5,0.3062,M6,120,4/4,C Major
note,115334,64,67:69,G4,G4,0.4593,M2,120,4/4,C Major
note,115412,57,69:62,A4,A4,0.4593,m2,120,4/4,C Major
note,115469,56,70:76,A#4,Bb4,0.4593,P4,120,4/4,C Major
note,115548,54,65:73,F4,F4,0.4593,M6,120,4/4,C Major
note,115608,95,74:76,D5,D5,0.4593,P1,120,4/4,C Major
note,115663,33,62:72,D4,D4,0.4593,P1,120,4/4,C Major
note,115666,33,50:57,D3,D3,0.4593,m3,120,4/4,C Major
note,115668,38,53:59,F3,F3,0.4593,P1,120,4/4,C Major
note,115677,109,77:79,F5,F5,0.5103,m6,120,4/4,C Major
note,115737,69,69:78,A4,A4,0.4593,m3,120,4/4,C Major
note,115807,83,72:79,C5,C5,0.4593,m2,120,4/4,C Major
note,115863,68,73:86,C#5,Db5,0.4593,d5,120,4/4,C Major
note,115933,55,67:86,G4,G4,0.4593,M6,120,4/4,C Major
note,115999,97,76:79,E5,E5,0.5103,m3,120,4/4,C Major
note,116049,97,61:88,C#4,Db4,0.4593,d5,120,4/4,C Major
note,116052,119,79:93,G5,G5,0.4082,m3,120,4/4,C Major
note,116054,80,52:80,E3,E3,0.3572,m3,120,4/4,C Major
note,116054,83,55:79,G3,G3,0.3572,m3,120,4/4,C Major
note,116134,68,70:80,A#4,Bb4,0.5103,M3,120,4/4,C Major
note,116196,86,74:81,D5,D5,0.5103,m2,120,4/4,C Major
note,116256,52,75:96,D#5,Eb5,0.5103,d5,120,4/4,C Major
note,116318,43,69:81,A4,A4,0.5103,P1,120,4/4,C Major
note,116382,84,81:89,A5,A5,0.5103,m3,120,4/4,C Major
note,116444,127,54:80,F#3,Gb3,0.5103,m3,120,4/4,C Major
note,116446,144,57:82,A3,A3,0.4593,m3,120,4/4,C Major
note,116446,52,84:93,C6,C6,0.4593,m7,120,4/4,C Major
note,116447,131,62:93,D4,D4,0.4082,M2,120,4/4,C Major
note,116449,137,60:84,C4,C4,0.3572,P1,120,4/4,C Major
note,116519,69,72:85,C5,C5,0.5103,M2,120,4/4,C Major
note,116583,72,74:88,D5,D5,0.5103,m2,120,4/4,C Major
note,116648,39,75:90,D#5,Eb5,0.5103,P4,120,4/4,C Major
note,116711,71,70:88,A#4,Bb4,0.5103,M6,120,4/4,C Major
note,116777,93,79:74,G5,G5,0.5103,P1,120,4/4,C Major
note,116831,89,67:97,G4,G4,0.5103,P1,120,4/4,C Major
note,116834,94,55:86,G3,G3,0.4593,m6,120,4/4,C Major
note,116836,175,63:86,D#4,Eb4,0.4082,P5,120,4/4,C Major
note,116836,93,82:93,A#5,Bb5,0.4082,P1,120,4/4,C Major
note,116838,138,58:80,A#3,Bb3,0.3062,M3,120,4/4,C Major
note,116912,48,74:79,D5,D5,0.5613,M2,120,4/4,C Major
note,116970,103,76:84,E5,E5,0.5613,m2,120,4/4,C Major
note,117040,51,77:88,F5,F5,0.6124,d5,120,4/4,C Major
note,117106,21,71:76,B4,B4,0.5613,m3,120,4/4,C Major
note,117173,74,86:95,D6,D6,0.5613,M6,120,4/4,C Major
note,117226,162,65:99,F4,F4,0.7655,m3,120,4/4,C Major
note,117227,115,62:91,D4,D4,0.7655,d5,120,4/4,C Major
note,117228,139,56:83,G#3,Ab3,0.7144,m3,120,4/4,C Major
note,117228,114,59:85,B3,B3,0.7144,d5,120,4/4,C Major
note,117232,80,89:99,F6,F6,0.6124,P1,120,4/4,C Major
note,117293,57,77:88,F5,F5,0.5613,M7,120,4/4,C Major
note,117327,39,88:27,E6,E6,0.6124,P4,120,4/4,C Major
note,117361,76,83:91,B5,B5,0.5613,M2,120,4/4,C Major
note,117418,81,85:95,C#6,Db6,0.5613,M6,120,4/4,C Major
note,117495,33,76:90,E5,E5,0.5613,P1,120,4/4,C Major
note,117562,74,88:84,E6,E6,0.7655,m3,120,4/4,C Major
note,117592,41,61:79,C#4,Db4,0.7144,m6,120,4/4,C Major
note,117593,41,69:96,A4,A4,0.6634,P4,120,4/4,C Major
note,117598,25,64:74,E4,E4,0.6124,P5,120,4/4,C Major
note,117600,26,57:66,A3,A3,0.5613,P1,120,4/4,C Major
note,117611,119,93:94,A6,A6,0.5103,P1,120,4/4,C Major
note,117691,20,81:86,A5,A5,0.4593,M2,120,4/4,C Major
note,117709,24,83:54,B5,B5,0.4082,m3,120,4/4,C Major
note,117779,121,86:99,D6,D6,0.3572,M2,120,4/4,C Major
note,117807,116,88:70,E6,E6,0.3062,M2,120,4/4,C Major
note,117892,338,74:98,D5,D5,0.3572,P4,120,4/4,C Major
note,117893,480,69:84,A4,A4,0.3062,P5,120,4/4,C Major
note,117894,468,62:77,D4,D4,0.2552,m3,120,4/4,C Major
note,117897,412,65:78,F4,F4,0.2041,M6,120,4/4,C Major
note,117898,37,98:108,D7,D7,0.1531,M6,120,4/4,C Major
note,118244,83,77:95,F5,F5,0.3062,M2,120,4/4,C Major
note,118265,25,79:55,G5,G5,0.3572,M2,120,4/4,C Major
note,118326,95,81:98,A5,A5,0.3572,m2,120,4/4,C Major
note,118400,67,82:99,A#5,Bb5,0.3572,P4,120,4/4,C Major
note,118479,67,77:99,F5,F5,0.3572,M6,120,4/4,C Major
note,118551,117,86:100,D6,D6,0.4082,P4,120,4/4,C Major
note,118638,322,69:89,A4,A4,0.4082,P5,120,4/4,C Major
note,118639,323,62:84,D4,D4,0.3572,m3,120,4/4,C Major
note,118652,80,89:97,F6,F6,0.3062,P1,120,4/4,C Major
note,118754,98,77:92,F5,F5,0.3062,M3,120,4/4,C Major
note,118831,106,81:96,A5,A5,0.4082,m2,120,4/4,C Major
note,118917,88,82:97,A#5,Bb5,0.4082,P1,120,4/4,C Major
note,118928,216,70:94,A#4,Bb4,0.3572,d5,120,4/4,C Major
note,119004,99,76:90,E5,E5,0.3572,M3,120,4/4,C Major
note,119092,79,80:90,G#5,Ab5,0.4082,M7,120,4/4,C Major
note,119161,145,69:83,A4,A4,0.4082,P1,120,4/4,C Major
note,119170,64,81:90,A5,A5,0.3572,M6,120,4/4,C Major
note,119173,89,60:74,C4,C4,0.3062,P4,120,4/4,C Major
note,119255,83,77:86,F5,F5,0.4082,M3,120,4/4,C Major
note,119322,90,81:91,A5,A5,0.4082,m2,120,4/4,C Major
note,119391,54,82:92,A#5,Bb5,0.4082,P4,120,4/4,C Major
note,119457,74,77:85,F5,F5,0.3572,M6,120,4/4,C Major
note,119522,92,86:92,D6,D6,0.4082,P4,120,4/4,C Major
note,119580,368,69:99,A4,A4,0.3572,P5,120,4/4,C Major
note,119589,360,62:86,D4,D4,0.3062,m3,120,4/4,C Major
note,119593,78,89:89,F6,F6,0.2552,P1,120,4/4,C Major
note,119683,106,77:88,F5,F5,0.2552,M3,120,4/4,C Major
note,119763,154,81:93,A5,A5,0.2552,M7,120,4/4,C Major
note,119898,284,70:100,A#4,Bb4,0.3572,P1,120,4/4,C Major
note,119898,142,82:99,A#5,Bb5,0.3572,d5,120,4/4,C Major
note,120023,133,76:85,E5,E5,0.3572,M3,120,4/4,C Major
note,120126,78,80:83,G#5,Ab5,0.4082,M7,120,4/4,C Major
note,120205,451,69:92,A4,A4,0.3572,M6,120,4/4,C Major
note,120219,79,60:75,C4,C4,0.3062,M6,120,4/4,C Major
note,120219,91,81:96,A5,A5,0.3062,P4,120,4/4,C Major
note,120312,108,76:92,E5,E5,0.2552,P4,120,4/4,C Major
note,120393,100,81:101,A5,A5,0.3062,M7,120,4/4,C Major
note,120492,337,58:84,A#3,Bb3,0.3062,M3,120,4/4,C Major
note,120496,154,86:98,D6,D6,0.2552,P1,120,4/4,C Major
note,120605,98,74:89,D5,D5,0.3062,P4,120,4/4,C Major
note,120699,94,79:91,G5,G5,0.3572,P1,120,4/4,C Major
note,120769,301,67:91,G4,G4,0.3572,M2,120,4/4,C Major
note,120783,187,81:99,A5,A5,0.3062,P5,120,4/4,C Major
note,120891,69,74:88,D5,D5,0.4082,P4,120,4/4,C Major
note,120961,71,79:90,G5,G5,0.4082,m7,120,4/4,C Major
note,121021,240,57:77,A3,A3,0.4082,m3,120,4/4,C Major
note,121026,163,84:93,C6,C6,0.3572,P1,120,4/4,C Major
note,121110,75,72:84,C5,C5,0.4082,P4,120,4/4,C Major
note,121182,73,77:78,F5,F5,0.4082,P1,120,4/4,C Major
note,121243,217,65:100,F4,F4,0.4082,M2,120,4/4,C Major
note,121243,138,79:95,G5,G5,0.4082,P5,120,4/4,C Major
note,121323,69,72:77,C5,C5,0.4082,P4,120,4/4,C Major
note,121382,89,77:75,F5,F5,0.4082,P4,120,4/4,C Major
note,121448,123,82:84,A#5,Bb5,0.4082,m3,120,4/4,C Major
note,121450,301,55:86,G3,G3,0.3572,m3,120,4/4,C Major
note,121519,66,70:76,A#4,Bb4,0.4082,d5,120,4/4,C Major
note,121576,102,76:72,E5,E5,0.4082,m2,120,4/4,C Major
note,121650,122,77:86,F5,F5,0.4082,m2,120,4/4,C Major
note,121663,214,64:97,E4,E4,0.3572,d5,120,4/4,C Major
note,121731,46,70:79,A#4,Bb4,0.4082,d5,120,4/4,C Major
note,121797,80,76:76,E5,E5,0.4082,P4,120,4/4,C Major
note,121873,58,81:88,A5,A5,0.4082,M3,120,4/4,C Major
note,121883,332,53:83,F3,F3,0.3572,M3,120,4/4,C Major
note,121950,86,69:77,A4,A4,0.3572,P4,120,4/4,C Major
note,122023,88,74:80,D5,D5,0.3572,M2,120,4/4,C Major
note,122083,98,76:84,E5,E5,0.3572,M2,120,4/4,C Major
note,122091,206,62:92,D4,D4,0.3062,P5,120,4/4,C Major
note,122169,72,69:70,A4,A4,0.4593,P4,120,4/4,C Major
note,122239,74,74:80,D5,D5,0.4593,m2,120,4/4,C Major
note,122294,51,75:89,D#5,Eb5,0.4593,P4,120,4/4,C Major
note,122375,64,70:78,A#4,Bb4,0.6634,M6,120,4/4,C Major
note,122442,90,79:76,G5,G5,0.6634,M3,120,4/4,C Major
note,122488,56,63:81,D#4,Eb4,0.6124,m6,120,4/4,C Major
note,122496,29,55:63,G3,G3,0.5613,m3,120,4/4,C Major
note,122498,38,58:70,A#3,Bb3,0.5103,P1,120,4/4,C Major
note,122502,67,82:92,A#5,Bb5,0.4593,P1,120,4/4,C Major
note,122591,77,70:78,A#4,Bb4,0.5103,M3,120,4/4,C Major
note,122661,80,74:73,D5,D5,0.6124,P5,120,4/4,C Major
note,122720,189,67:98,G4,G4,0.6124,P4,120,4/4,C Major
note,122725,86,62:75,D4,D4,0.5613,P4,120,4/4,C Major
note,122728,151,79:99,G5,G5,0.5103,M7,120,4/4,C Major
note,122729,100,56:74,G#3,Ab3,0.4593,M2,120,4/4,C Major
note,122737,77,58:69,A#3,Bb3,0.4593,P1,120,4/4,C Major
note,122819,90,70:77,A#4,Bb4,0.4593,M3,120,4/4,C Major
note,122905,83,74:79,D5,D5,0.4593,M7,120,4/4,C Major
note,122973,45,63:72,D#4,Eb4,0.4593,P4,120,4/4,C Major
note,122982,30,58:67,A#3,Bb3,0.4593,P4,120,4/4,C Major
note,122982,87,75:83,D#5,Eb5,0.4593,m6,120,4/4,C Major
note,122983,33,55:64,G3,G3,0.3572,m3,120,4/4,C Major
note,123059,74,70:70,A#4,Bb4,0.5103,M3,120,4/4,C Major
note,123119,89,74:72,D5,D5,0.5613,m2,120,4/4,C Major
note,123187,45,75:80,D#5,Eb5,0.5613,P4,120,4/4,C Major
note,123252,56,70:75,A#4,Bb4,0.7655,m7,120,4/4,C Major
note,123300,102,80:72,G#5,Ab5,0.7655,m2,120,4/4,C Major
note,123360,49,79:67,G5,G5,0.7655,m3,120,4/4,C Major
note,123385,70,82:92,A#5,Bb5,0.7144,P5,120,4/4,C Major
note,123386,68,63:76,D#4,Eb4,0.6634,m6,120,4/4,C Major
note,123391,29,55:67,G3,G3,0.6124,m3,120,4/4,C Major
note,123398,44,58:66,A#3,Bb3,0.5613,P1,120,4/4,C Major
note,123467,72,70:76,A#4,Bb4,0.7144,m7,120,4/4,C Major
note,123481,54,80:23,G#5,Ab5,0.6634,d5,120,4/4,C Major
note,123533,91,74:76,D5,D5,0.6634,P5,120,4/4,C Major
note,123597,180,67:90,G4,G4,0.6634,P4,120,4/4,C Major
note,123602,62,62:71,D4,D4,0.6124,d5,120,4/4,C Major
note,123604,88,56:69,G#3,Ab3,0.5613,M2,120,4/4,C Major
note,123605,75,58:69,A#3,Bb3,0.5103,M6,120,4/4,C Major
note,123609,94,79:88,G5,G5,0.4593,M6,120,4/4,C Major
note,123653,90,70:70,A#4,Bb4,0.4082,M3,120,4/4,C Major
note,123735,76,74:76,D5,D5,0.5613,m2,120,4/4,C Major
note,123807,69,75:79,D#5,Eb5,0.5103,P4,120,4/4,C Major
note,123819,75,58:65,A#3,Bb3,0.4593,P4,120,4/4,C Major
note,123819,215,63:74,D#4,Eb4,0.4593,m6,120,4/4,C Major
note,123829,30,55:56,G3,G3,0.4082,M3,120,4/4,C Major
note,123882,69,71:69,B4,B4,0.4082,M3,120,4/4,C Major
note,123972,83,75:73,D#5,Eb5,0.4593,m3,120,4/4,C Major
note,124055,26,78:78,F#5,Gb5,0.4593,P1,120,4/4,C Major
note,124056,14,66:85,F#4,Gb4,0.4082,P1,120,4/4,C Major
note,124068,24,54:56,F#3,Gb3,0.4082,P1,120,4/4,C Major
note,124117,92,66:80,F#4,Gb4,0.3572,P4,120,4/4,C Major
note,124212,100,71:73,B4,B4,0.3572,P4,120,4/4,C Major
note,124220,44,54:13,F#3,Gb3,0.3572,M6,120,4/4,C Major
note,124293,56,75:78,D#5,Eb5,0.3572,P1,120,4/4,C Major
note,124299,304,51:86,D#3,Eb3,0.3062,P1,120,4/4,C Major
note,124369,64,63:70,D#4,Eb4,0.3572,m3,120,4/4,C Major
note,124441,70,66:72,F#4,Gb4,0.3572,P4,120,4/4,C Major
note,124514,71,71:78,B4,B4,0.3572,m7,120,4/4,C Major
note,124597,80,61:69,C#4,Db4,0.3062,d5,120,4/4,C Major
note,124656,124,67:67,G4,G4,0.3572,m3,120,4/4,C Major
note,124740,263,52:68,E3,E3,0.3572,d5,120,4/4,C Major
note,124749,117,70:72,A#4,Bb4,0.3062,m7,120,4/4,C Major
note,124825,84,60:63,C4,C4,0.3062,m3,120,4/4,C Major
note,124898,115,63:62,D#4,Eb4,0.3572,d5,120,4/4,C Major
note,124994,134,69:66,A4,A4,0.3572,m3,120,4/4,C Major
note,125000,281,54:68,F#3,Gb3,0.3062,M3,120,4/4,C Major
note,125110,74,58:59,A#3,Bb3,0.3062,M3,120,4/4,C Major
note,125203,80,62:59,D4,D4,0.3572,P5,120,4/4,C Major
note,125272,230,55:79,G3,G3,0.3572,P1,120,4/4,C Major
note,125275,116,67:68,G4,G4,0.3062,m6,120,4/4,C Major
note,125357,77,59:57,B3,B3,0.3062,m3,120,4/4,C Major
note,125421,90,62:65,D4,D4,0.3572,d5,120,4/4,C Major
note,125503,242,56:89,G#3,Ab3,0.3572,M6,120,4/4,C Major
note,125511,131,65:76,F4,F4,0.3062,m6,120,4/4,C Major
note,125605,65,57:67,A3,A3,0.3062,M3,120,4/4,C Major
note,125676,69,61:74,C#4,Db4,0.2552,M3,120,4/4,C Major
note,125761,38,57:89,A3,A3,0.2552,P5,120,4/4,C Major
note,125773,86,64:82,E4,E4,0.2041,M6,120,4/4,C Major
note,125864,63,55:86,G3,G3,0.2041,M2,120,4/4,C Major
note,125955,59,57:86,A3,A3,0.1531,m2,120,4/4,C Major
note,126073,284,58:89,A#3,Bb3,0.1531,d5,120,4/4,C Major
note,126218,152,52:66,E3,E3,0.2552,M6,120,4/4,C Major
note,126353,209,61:72,C#4,Db4,0.3062,M3,120,4/4,C Major
note,126472,53,45:73,A2,A2,0.3062,P1,120,4/4,C Major
note,126476,51,33:68,A1,A1,0.2552,P5,120,4/4,C Major
note,126494,130,64:72,E4,E4,0.2041,M6,120,4/4,C Major
note,126623,78,55:62,G3,G3,0.2552,M2,120,4/4,C Major
note,126719,78,57:57,A3,A3,0.3572,m2,120,4/4,C Major
note,126800,63,58:70,A#3,Bb3,0.3572,P4,120,4/4,C Major
note,126891,73,53:64,F3,F3,0.4082,M6,120,4/4,C Major
note,126967,124,62:66,D4,D4,0.3572,P1,120,4/4,C Major
note,127041,53,50:63,D3,D3,0.4082,P1,120,4/4,C Major
note,127048,55,38:60,D2,D2,0.3572,m3,120,4/4,C Major
note,127074,133,65:60,F4,F4,0.3062,m6,120,4/4,C Major
note,127130,73,57:69,A3,A3,0.4082,m3,120,4/4,C Major
note,127205,90,60:62,C4,C4,0.4082,m2,120,4/4,C Major
note,127270,67,61:77,C#4,Db4,0.4082,d5,120,4/4,C Major
note,127354,59,55:78,G3,G3,0.4082,M6,120,4/4,C Major
note,127419,124,64:71,E4,E4,0.4082,m3,120,4/4,C Major
note,127484,103,67:80,G4,G4,0.4082,m3,120,4/4,C Major
note,127487,32,52:79,E3,E3,0.3572,P1,120,4/4,C Major
note,127491,28,40:64,E2,E2,0.3062,d5,120,4/4,C Major
note,127571,67,58:74,A#3,Bb3,0.4082,M3,120,4/4,C Major
note,127642,79,62:76,D4,D4,0.4082,m2,120,4/4,C Major
note,127692,64,63:80,D#4,Eb4,0.4082,d5,120,4/4,C Major
note,127762,47,57:82,A3,A3,0.4082,P1,120,4/4,C Major
note,127840,90,69:81,A4,A4,0.4082,m3,120,4/4,C Major
note,127903,28,54:82,F#3,Gb3,0.4082,d5,120,4/4,C Major
note,127905,57,72:96,C5,C5,0.3572,d5,120,4/4,C Major
note,127911,21,42:70,F#2,Gb2,0.3062,d5,120,4/4,C Major
note,127978,76,60:74,C4,C4,0.4082,M2,120,4/4,C Major
note,128052,75,62:82,D4,D4,0.4082,m2,120,4/4,C Major
note,128118,53,63:84,D#4,Eb4,0.4082,P4,120,4/4,C Major
note,128192,80,58:81,A#3,Bb3,0.4082,M6,120,4/4,C Major
note,128255,123,67:73,G4,G4,0.4082,P1,120,4/4,C Major
note,128310,46,55:93,G3,G3,0.4082,P1,120,4/4,C Major
note,128317,30,43:72,G2,G2,0.3572,m3,120,4/4,C Major
note,128326,103,70:88,A#4,Bb4,0.3062,m6,120,4/4,C Major
note,128400,48,62:83,D4,D4,0.4082,M2,120,4/4,C Major
note,128466,71,64:77,E4,E4,0.4082,m2,120,4/4,C Major
note,128526,77,65:80,F4,F4,0.4082,d5,120,4/4,C Major
note,128611,26,59:77,B3,B3,0.4082,P1,120,4/4,C Major
note,128681,98,71:88,B4,B4,0.4082,m3,120,4/4,C Major
note,128744,40,56:95,G#3,Ab3,0.4082,P1,120,4/4,C Major
note,128750,23,44:76,G#2,Ab2,0.3572,d5,120,4/4,C Major
note,128751,88,74:94,D5,D5,0.3062,M6,120,4/4,C Major
note,128820,66,65:82,F4,F4,0.4082,M2,120,4/4,C Major
note,128885,82,67:79,G4,G4,0.4082,m2,120,4/4,C Major
note,128952,55,68:85,G#4,Ab4,0.4082,d5,120,4/4,C Major
note,129022,43,62:83,D4,D4,0.4082,P1,120,4/4,C Major
note,129092,103,74:86,D5,D5,0.4082,P4,120,4/4,C Major
note,129147,581,57:100,A3,A3,0.4082,P1,120,4/4,C Major
note,129152,113,45:84,A2,A2,0.3572,m6,120,4/4,C Major
note,129163,54,77:98,F5,F5,0.3062,P1,120,4/4,C Major
note,129245,88,65:83,F4,F4,0.3572,m3,120,4/4,C Major
note,129329,64,68:81,G#4,Ab4,0.3572,m2,120,4/4,C Major
note,129386,58,69:80,A4,A4,0.3572,P4,120,4/4,C Major
note,129463,55,64:74,E4,E4,0.4593,M6,120,4/4,C Major
note,129528,97,73:85,C#5,Db5,0.4593,P1,120,4/4,C Major
note,129575,22,61:78,C#4,Db4,0.4082,m3,120,4/4,C Major
note,129594,93,76:88,E5,E5,0.4082,M6,120,4/4,C Major
note,129667,63,67:71,G4,G4,0.3572,M2,120,4/4,C Major
note,129722,84,69:74,A4,A4,0.4082,m2,120,4/4,C Major
note,129804,85,70:87,A#4,Bb4,0.4082,m2,120,4/4,C Major
note,129806,56,45:80,A2,A2,0.3572,P1,120,4/4,C Major
note,129820,232,57:98,A3,A3,0.3062,P5,120,4/4,C Major
note,129884,107,64:85,E4,E4,0.3062,M6,120,4/4,C Major
note,129964,148,73:89,C#5,Db5,0.4082,P1,120,4/4,C Major
note,130058,28,61:84,C#4,Db4,0.4082,m3,120,4/4,C Major
note,130062,134,76:81,E5,E5,0.3572,M6,120,4/4,C Major
note,130144,70,67:84,G4,G4,0.3572,M2,120,4/4,C Major
note,130224,88,69:78,A4,A4,0.4082,P5,120,4/4,C Major
note,130289,59,50:85,D3,D3,0.4082,m6,120,4/4,C Major
note,130298,69,70:91,A#4,Bb4,0.3572,m6,120,4/4,C Major
note,130300,250,62:99,D4,D4,0.3062,m3,120,4/4,C Major
note,130376,80,65:86,F4,F4,0.4082,M6,120,4/4,C Major
note,130460,109,74:84,D5,D5,0.4082,M6,120,4/4,C Major
note,130534,31,65:97,F4,F4,0.4082,P1,120,4/4,C Major
note,130542,160,77:86,F5,F5,0.3572,m6,120,4/4,C Major
note,130627,73,69:76,A4,A4,0.4593,m3,120,4/4,C Major
note,130707,92,72:78,C5,C5,0.4593,m6,120,4/4,C Major
note,130744,54,52:75,E3,E3,0.4082,P1,120,4/4,C Major
note,130753,195,64:102,E4,E4,0.3572,M6,120,4/4,C Major
note,130771,85,73:88,C#5,Db5,0.3572,d5,120,4/4,C Major
note,130858,61,67:88,G4,G4,0.4593,M6,120,4/4,C Major
note,130936,95,76:75,E5,E5,0.4593,M6,120,4/4,C Major
note,130975,34,67:96,G4,G4,0.4593,P1,120,4/4,C Major
note,130996,119,79:93,G5,G5,0.4593,M6,120,4/4,C Major
note,131082,69,70:83,A#4,Bb4,0.5103,M3,120,4/4,C Major
note,131144,74,74:82,D5,D5,0.5103,m6,120,4/4,C Major
note,131170,59,54:79,F#3,Gb3,0.5103,M6,120,4/4,C Major
note,131193,75,75:101,D#5,Eb5,0.4593,M6,120,4/4,C Major
note,131199,161,66:99,F#4,Gb4,0.4082,m3,120,4/4,C Major
note,131259,44,69:91,A4,A4,0.5103,P1,120,4/4,C Major
note,131342,83,81:85,A5,A5,0.5103,M2,120,4/4,C Major
note,131370,1,79:40,G5,G5,0.5103,P4,120,4/4,C Major
note,131400,47,84:93,C6,C6,0.4593,m3,120,4/4,C Major
note,131401,30,69:87,A4,A4,0.4082,m3,120,4/4,C Major
note,131469,74,72:93,C5,C5,0.4593,M2,120,4/4,C Major
note,131538,87,74:88,D5,D5,0.4593,m2,120,4/4,C Major
note,131600,59,75:95,D#5,Eb5,0.4593,m6,120,4/4,C Major
note,131602,37,55:68,G3,G3,0.4082,P1,120,4/4,C Major
note,131607,170,67:109,G4,G4,0.3572,m3,120,4/4,C Major
note,131680,85,70:89,A#4,Bb4,0.4593,M6,120,4/4,C Major
note,131735,111,79:78,G5,G5,0.4593,M6,120,4/4,C Major
note,131806,35,70:86,A#4,Bb4,0.4593,P1,120,4/4,C Major
note,131811,86,82:93,A#5,Bb5,0.4082,m6,120,4/4,C Major
note,131880,44,74:91,D5,D5,0.5103,M2,120,4/4,C Major
note,131945,77,76:80,E5,E5,0.5103,m6,120,4/4,C Major
note,131996,48,56:81,G#3,Ab3,0.5103,M6,120,4/4,C Major
note,132002,77,77:89,F5,F5,0.4593,M6,120,4/4,C Major
note,132022,38,68:98,G#4,Ab4,0.4082,m3,120,4/4,C Major
note,132075,27,71:88,B4,B4,0.5103,m3,120,4/4,C Major
note,132164,84,86:90,D6,D6,0.5103,M2,120,4/4,C Major
note,132204,1,84:13,C6,C6,0.4593,m2,120,4/4,C Major
note,132226,16,71:87,B4,B4,0.4593,d5,120,4/4,C Major
note,132229,84,89:91,F6,F6,0.4082,P1,120,4/4,C Major
note,132289,54,77:87,F5,F5,0.6124,d5,120,4/4,C Major
note,132356,97,83:86,B5,B5,0.5613,M2,120,4/4,C Major
note,132419,39,69:96,A4,A4,0.5613,P1,120,4/4,C Major
note,132423,25,57:79,A3,A3,0.5103,M3,120,4/4,C Major
note,132429,85,85:100,C#6,Db6,0.4593,M6,120,4/4,C Major
note,132513,19,76:90,E5,E5,0.4593,P1,120,4/4,C Major
note,132596,91,88:88,E6,E6,0.4082,P1,120,4/4,C Major
note,132644,58,64:88,E4,E4,0.3572,P4,120,4/4,C Major
note,132647,56,69:90,A4,A4,0.3062,M3,120,4/4,C Major
note,132647,43,73:100,C#5,Db5,0.3062,d5,120,4/4,C Major
note,132652,64,67:85,G4,G4,0.2041,M2,120,4/4,C Major
note,132663,139,93:99,A6,A6,0.1531,P1,120,4/4,C Major
note,132749,32,81:95,A5,A5,0.3572,P4,120,4/4,C Major
note,132858,243,86:106,D6,D6,0.3062,P1,120,4/4,C Major
note,133069,896,62:85,D4,D4,0.2552,P1,120,4/4,C Major
note,133071,949,74:99,D5,D5,0.2041,P4,120,4/4,C Major
note,133074,912,69:84,A4,A4,0.1531,M3,120,4/4,C Major
note,133079,892,65:81,F4,F4,0.1021,M6,120,4/4,C Major
note,133081,871,98:111,D7,D7,0.051,,120,4/4,C Major