type,tick_offset,tick_duration,value_raw,value_pretty,canonical,density,interval,tempo,time_signature,key_signature
ticks_per_quarter,0,0,480,480,,,,,,
key_signature,0,0,0:0,C Major,,,,,,
time_signature,0,0,1:4,1/4,,,,,,
tempo,0,0,375000,160,,,,,,
note,0,479,52:120,E3,E3,0.0913,P5,160,1/4,C Major
time_signature,480,0,2:2,2/2,,,,,,
note,480,78,45:49,A2,A2,0.3195,P5,160,2/2,C Major
note,720,78,52:49,E3,E3,0.5021,m6,160,2/2,C Major
note,720,78,60:49,C4,C4,0.5021,M3,160,2/2,C Major
note,720,78,64:49,E4,E4,0.5021,P4,160,2/2,C Major
note,720,78,69:49,A4,A4,0.5021,P5,160,2/2,C Major
note,720,78,76:49,E5,E5,0.5021,M3,160,2/2,C Major
note,960,78,48:49,C3,C3,0.3195,M6,160,2/2,C Major
note,1200,78,57:49,A3,A3,0.5021,P5,160,2/2,C Major
note,1200,78,64:49,E4,E4,0.5021,P4,160,2/2,C Major
note,1200,78,69:49,A4,A4,0.5021,P5,160,2/2,C Major
note,1200,78,76:49,E5,E5,0.5021,P4,160,2/2,C Major
note,1200,78,81:49,A5,A5,0.5021,m7,160,2/2,C Major
note,1440,78,47:49,B2,B2,0.3195,d5,160,2/2,C Major
note,1680,78,53:49,F3,F3,0.5021,M6,160,2/2,C Major
note,1680,78,62:49,D4,D4,0.5021,P5,160,2/2,C Major
note,1680,78,69:49,A4,A4,0.5021,P4,160,2/2,C Major
note,1680,78,74:49,D5,D5,0.5021,P5,160,2/2,C Major
note,1680,78,81:49,A5,A5,0.5021,P4,160,2/2,C Major
note,1920,78,52:49,E3,E3,0.3195,P5,160,2/2,C Major
note,2160,78,59:49,B3,B3,0.4564,P4,160,2/2,C Major
note,2160,78,64:49,E4,E4,0.4564,M3,160,2/2,C Major
note,2160,78,68:49,G#4,Ab4,0.4564,m6,160,2/2,C Major
note,2160,78,76:49,E5,E5,0.4564,M3,160,2/2,C Major
note,2160,78,80:49,G#5,Ab5,0.4564,m6,160,2/2,C Major
note,2400,78,48:49,C3,C3,0.2739,M6,160,2/2,C Major
note,2640,78,57:49,A3,A3,0.4564,P5,160,2/2,C Major
note,2640,78,64:49,E4,E4,0.4564,P4,160,2/2,C Major
note,2640,78,69:49,A4,A4,0.4564,P5,160,2/2,C Major
note,2640,78,76:49,E5,E5,0.4564,P5,160,2/2,C Major
note,2880,78,45:49,A2,A2,0.3195,P1,160,2/2,C Major
note,3120,78,57:49,A3,A3,0.5021,P5,160,2/2,C Major
note,3120,78,64:49,E4,E4,0.5021,m6,160,2/2,C Major
note,3120,78,72:49,C5,C5,0.5021,M3,160,2/2,C Major
note,3120,78,76:49,E5,E5,0.5021,m6,160,2/2,C Major
note,3120,78,84:49,C6,C6,0.5021,m7,160,2/2,C Major
note,3360,78,50:52,D3,D3,0.3195,P5,160,2/2,C Major
note,3600,78,57:54,A3,A3,0.5021,m6,160,2/2,C Major
note,3600,78,65:54,F4,F4,0.5021,P5,160,2/2,C Major
note,3600,78,72:54,C5,C5,0.5021,P4,160,2/2,C Major
note,3600,78,77:54,F5,F5,0.5021,P5,160,2/2,C Major
note,3600,78,84:54,C6,C6,0.5021,m7,160,2/2,C Major
note,3840,78,50:55,D3,D3,0.3195,d5,160,2/2,C Major
note,4080,78,56:57,G#3,Ab3,0.5021,M6,160,2/2,C Major
note,4080,78,65:57,F4,F4,0.5021,d5,160,2/2,C Major
note,4080,78,71:57,B4,B4,0.5021,d5,160,2/2,C Major
note,4080,78,77:57,F5,F5,0.5021,d5,160,2/2,C Major
note,4080,78,83:57,B5,B5,0.5021,M7,160,2/2,C Major
note,4320,78,48:58,C3,C3,0.3195,M6,160,2/2,C Major
note,4560,78,57:60,A3,A3,0.5021,m6,160,2/2,C Major
note,4560,78,65:60,F4,F4,0.5021,M3,160,2/2,C Major
note,4560,78,69:60,A4,A4,0.5021,m6,160,2/2,C Major
note,4560,78,77:60,F5,F5,0.5021,M3,160,2/2,C Major
note,4560,78,81:60,A5,A5,0.5021,M6,160,2/2,C Major
note,4800,78,48:61,C3,C3,0.3195,M6,160,2/2,C Major
note,5040,78,57:63,A3,A3,0.5021,P5,160,2/2,C Major
note,5040,78,64:63,E4,E4,0.5021,P1,160,2/2,C Major
note,5040,78,76:64,E5,E5,0.5021,P4,160,2/2,C Major
note,5040,78,81:64,A5,A5,0.5021,P5,160,2/2,C Major
note,5040,78,88:64,E6,E6,0.5021,P4,160,2/2,C Major
note,5280,78,47:64,B2,B2,0.3195,d5,160,2/2,C Major
note,5520,78,53:64,F3,F3,0.5477,M6,160,2/2,C Major
note,5520,78,62:64,D4,D4,0.5477,P1,160,2/2,C Major
note,5520,78,74:64,D5,D5,0.5477,P5,160,2/2,C Major
note,5520,78,81:64,A5,A5,0.5477,P4,160,2/2,C Major
note,5520,78,86:64,D6,D6,0.5477,m7,160,2/2,C Major
note,5760,78,40:64,E2,E2,0.3651,P1,160,2/2,C Major
note,6000,78,52:64,E3,E3,0.5477,P5,160,2/2,C Major
note,6000,78,59:64,B3,B3,0.5477,m3,160,2/2,C Major
note,6000,78,62:64,D4,D4,0.5477,M2,160,2/2,C Major
note,6000,78,76:64,E5,E5,0.5477,M3,160,2/2,C Major
note,6000,78,80:64,G#5,Ab5,0.5477,m6,160,2/2,C Major
note,6000,78,88:64,E6,E6,0.5477,P5,160,2/2,C Major
note,6240,78,45:64,A2,A2,0.3195,P5,160,2/2,C Major
note,6480,78,52:64,E3,E3,0.5021,m6,160,2/2,C Major
note,6480,78,60:64,C4,C4,0.5021,P1,160,2/2,C Major
note,6480,78,72:64,C5,C5,0.5021,M3,160,2/2,C Major
note,6480,78,76:64,E5,E5,0.5021,m6,160,2/2,C Major
note,6480,78,84:64,C6,C6,0.5021,m2,160,2/2,C Major
note,6720,78,47:59,B2,B2,0.3195,P4,160,2/2,C Major
note,6960,78,52:57,E3,E3,0.5021,m7,160,2/2,C Major
note,6960,78,62:57,D4,D4,0.5021,d5,160,2/2,C Major
note,6960,78,68:57,G#4,Ab4,0.5021,m6,160,2/2,C Major
note,6960,78,76:57,E5,E5,0.5021,M3,160,2/2,C Major
note,6960,78,80:57,G#5,Ab5,0.5021,m6,160,2/2,C Major
note,7200,78,48:54,C3,C3,0.3195,M3,160,2/2,C Major
note,7440,78,52:52,E3,E3,0.5021,P1,160,2/2,C Major
note,7440,78,64:52,E4,E4,0.5021,P4,160,2/2,C Major
note,7440,78,69:52,A4,A4,0.5021,P5,160,2/2,C Major
note,7440,78,76:52,E5,E5,0.5021,P4,160,2/2,C Major
note,7440,78,81:52,A5,A5,0.5021,P1,160,2/2,C Major
note,7680,78,45:49,A2,A2,0.3195,P5,160,2/2,C Major
note,7920,78,52:49,E3,E3,0.5021,m6,160,2/2,C Major
note,7920,78,60:49,C4,C4,0.5021,P1,160,2/2,C Major
note,7920,78,72:49,C5,C5,0.5021,M3,160,2/2,C Major
note,7920,78,76:49,E5,E5,0.5021,m6,160,2/2,C Major
note,7920,78,84:49,C6,C6,0.5021,m6,160,2/2,C Major
note,8160,78,40:49,E2,E2,0.3195,P1,160,2/2,C Major
note,8400,78,52:49,E3,E3,0.5021,m7,160,2/2,C Major
note,8400,78,62:49,D4,D4,0.5021,M6,160,2/2,C Major
note,8400,78,71:49,B4,B4,0.5021,P4,160,2/2,C Major
note,8400,78,76:49,E5,E5,0.5021,P5,160,2/2,C Major
note,8400,78,83:49,B5,B5,0.5021,M2,160,2/2,C Major
note,8640,78,45:54,A2,A2,0.3195,P5,160,2/2,C Major
note,8880,78,52:56,E3,E3,0.5477,m6,160,2/2,C Major
note,8880,78,60:56,C4,C4,0.5477,M6,160,2/2,C Major
note,8880,78,69:49,A4,A4,0.5477,P5,160,2/2,C Major
note,8880,78,76:49,E5,E5,0.5477,P4,160,2/2,C Major
note,8880,78,81:49,A5,A5,0.5477,m7,160,2/2,C Major
note,9120,78,47:53,B2,B2,0.3651,P4,160,2/2,C Major
note,9360,78,52:51,E3,E3,0.5934,M3,160,2/2,C Major
note,9360,78,56:51,G#3,Ab3,0.5934,d5,160,2/2,C Major
note,9360,78,62:51,D4,D4,0.5934,M2,160,2/2,C Major
note,9360,78,64:49,E4,E4,0.5934,P5,160,2/2,C Major
note,9360,78,71:49,B4,B4,0.5934,P4,160,2/2,C Major
note,9360,78,76:49,E5,E5,0.5934,P5,160,2/2,C Major
note,9600,78,45:49,A2,A2,0.3651,P5,160,2/2,C Major
note,9840,78,52:49,E3,E3,0.5934,P4,160,2/2,C Major
note,9840,78,57:49,A3,A3,0.5934,m3,160,2/2,C Major
note,9840,78,60:49,C4,C4,0.5934,M6,160,2/2,C Major
note,9840,78,69:49,A4,A4,0.5934,P5,160,2/2,C Major
note,9840,78,76:49,E5,E5,0.5934,P4,160,2/2,C Major
note,9840,78,81:49,A5,A5,0.5934,P4,160,2/2,C Major
note,10080,78,40:49,E2,E2,0.3651,P1,160,2/2,C Major
note,10320,78,52:49,E3,E3,0.5934,M3,160,2/2,C Major
note,10320,78,56:49,G#3,Ab3,0.5934,d5,160,2/2,C Major
note,10320,78,62:49,D4,D4,0.5934,M6,160,2/2,C Major
note,10320,78,71:49,B4,B4,0.5934,P4,160,2/2,C Major
note,10320,78,76:49,E5,E5,0.5934,P5,160,2/2,C Major
note,10320,78,83:49,B5,B5,0.5934,M2,160,2/2,C Major
note,10560,78,45:54,A2,A2,0.3651,P5,160,2/2,C Major
note,10800,78,52:56,E3,E3,0.5934,P4,160,2/2,C Major
note,10800,78,57:56,A3,A3,0.5934,m3,160,2/2,C Major
note,10800,78,60:56,C4,C4,0.5934,M6,160,2/2,C Major
note,10800,78,69:49,A4,A4,0.5934,P5,160,2/2,C Major
note,10800,78,76:49,E5,E5,0.5934,P4,160,2/2,C Major
note,10800,78,81:49,A5,A5,0.5934,m7,160,2/2,C Major
note,11040,78,47:53,B2,B2,0.3651,P4,160,2/2,C Major
note,11280,78,52:51,E3,E3,0.5934,M3,160,2/2,C Major
note,11280,78,56:51,G#3,Ab3,0.5934,d5,160,2/2,C Major
note,11280,78,62:51,D4,D4,0.5934,M2,160,2/2,C Major
note,11280,78,64:49,E4,E4,0.5934,P5,160,2/2,C Major
note,11280,78,71:49,B4,B4,0.5934,P4,160,2/2,C Major
note,11280,78,76:49,E5,E5,0.5934,P5,160,2/2,C Major
note,11520,78,45:54,A2,A2,0.3651,P5,160,2/2,C Major
note,11760,78,52:56,E3,E3,0.5477,P4,160,2/2,C Major
note,11760,78,57:56,A3,A3,0.5477,m3,160,2/2,C Major
note,11760,78,60:56,C4,C4,0.5477,M6,160,2/2,C Major
note,11760,78,69:49,A4,A4,0.5477,P5,160,2/2,C Major
note,11760,78,76:49,E5,E5,0.5477,P4,160,2/2,C Major
note,11760,78,81:49,A5,A5,0.5477,M2,160,2/2,C Major
note,12000,78,43:58,G2,G2,0.3195,P1,160,2/2,C Major
note,12240,78,55:59,G3,G3,0.5021,M6,160,2/2,C Major
note,12240,78,64:59,E4,E4,0.5021,P5,160,2/2,C Major
note,12240,78,71:59,B4,B4,0.5021,P4,160,2/2,C Major
note,12240,78,76:59,E5,E5,0.5021,P5,160,2/2,C Major
note,12240,78,83:59,B5,B5,0.5021,M2,160,2/2,C Major
note,12480,78,45:61,A2,A2,0.3195,P1,160,2/2,C Major
note,12720,78,57:62,A3,A3,0.5021,P5,160,2/2,C Major
note,12720,78,64:62,E4,E4,0.5021,m6,160,2/2,C Major
note,12720,78,72:62,C5,C5,0.5021,M3,160,2/2,C Major
note,12720,78,76:62,E5,E5,0.5021,m6,160,2/2,C Major
note,12720,78,84:62,C6,C6,0.5021,m2,160,2/2,C Major
note,12960,78,47:64,B2,B2,0.3195,P1,160,2/2,C Major
note,13200,78,59:60,B3,B3,0.5021,P4,160,2/2,C Major
note,13200,78,64:60,E4,E4,0.5021,m3,160,2/2,C Major
note,13200,78,67:60,G4,G4,0.5021,M3,160,2/2,C Major
note,13200,78,71:60,B4,B4,0.5021,m6,160,2/2,C Major
note,13200,78,79:60,G5,G5,0.5021,m6,160,2/2,C Major
note,13440,78,47:58,B2,B2,0.3195,P1,160,2/2,C Major
note,13680,78,59:55,B3,B3,0.5021,M3,160,2/2,C Major
note,13680,78,63:55,D#4,Eb4,0.5021,d5,160,2/2,C Major
note,13680,78,69:55,A4,A4,0.5021,M2,160,2/2,C Major
note,13680,78,71:55,B4,B4,0.5021,P5,160,2/2,C Major
note,13680,78,78:55,F#5,Gb5,0.5021,M2,160,2/2,C Major
note,13920,78,52:53,E3,E3,0.3195,P5,160,2/2,C Major
note,14160,78,59:51,B3,B3,0.5021,P4,160,2/2,C Major
note,14160,78,64:51,E4,E4,0.5021,M3,160,2/2,C Major
note,14160,78,68:51,G#4,Ab4,0.5021,m3,160,2/2,C Major
note,14160,78,71:51,B4,B4,0.5021,P4,160,2/2,C Major
note,14160,78,76:51,E5,E5,0.5021,m2,160,2/2,C Major
note,14400,78,51:49,D#3,Eb3,0.3195,M6,160,2/2,C Major
note,14640,78,60:49,C4,C4,0.5477,d5,160,2/2,C Major
note,14640,78,66:49,F#4,Gb4,0.5477,m3,160,2/2,C Major
note,14640,78,69:49,A4,A4,0.5477,m3,160,2/2,C Major
note,14640,78,72:49,C5,C5,0.5477,d5,160,2/2,C Major
note,14640,78,78:49,F#5,Gb5,0.5477,M3,160,2/2,C Major
note,14880,78,50:55,D3,D3,0.3651,M6,160,2/2,C Major
note,15120,78,59:58,B3,B3,0.5934,d5,160,2/2,C Major
note,15120,78,65:58,F4,F4,0.5934,M2,160,2/2,C Major
note,15120,78,67:58,G4,G4,0.5934,M3,160,2/2,C Major
note,15120,78,71:58,B4,B4,0.5934,d5,160,2/2,C Major
note,15120,78,77:58,F5,F5,0.5934,M2,160,2/2,C Major
note,15120,78,79:58,G5,G5,0.5934,m3,160,2/2,C Major
note,15360,78,40:61,E2,E2,0.3651,P5,160,2/2,C Major
note,15600,78,59:64,B3,B3,0.5934,P4,160,2/2,C Major
note,15600,78,64:64,E4,E4,0.5934,M3,160,2/2,C Major
note,15600,78,68:64,G#4,Ab4,0.5934,d5,160,2/2,C Major
note,15600,78,74:64,D5,D5,0.5934,M2,160,2/2,C Major
note,15600,78,76:64,E5,E5,0.5934,M3,160,2/2,C Major
note,15600,78,80:64,G#5,Ab5,0.5934,M7,160,2/2,C Major
note,15840,78,45:49,A2,A2,0.3651,P1,160,2/2,C Major
note,16080,78,57:49,A3,A3,0.5477,P5,160,2/2,C Major
note,16080,78,64:49,E4,E4,0.5477,P4,160,2/2,C Major
note,16080,78,69:49,A4,A4,0.5477,m3,160,2/2,C Major
note,16080,78,72:49,C5,C5,0.5477,M3,160,2/2,C Major
note,16080,78,76:49,E5,E5,0.5477,P4,160,2/2,C Major
note,16080,78,81:49,A5,A5,0.5477,M6,160,2/2,C Major
note,16320,78,48:49,C3,C3,0.3195,M6,160,2/2,C Major
note,16560,78,57:49,A3,A3,0.4564,P5,160,2/2,C Major
note,16560,78,64:49,E4,E4,0.4564,P4,160,2/2,C Major
note,16560,78,69:49,A4,A4,0.4564,P5,160,2/2,C Major
note,16560,78,76:49,E5,E5,0.4564,P4,160,2/2,C Major
note,16560,959,81:64,A5,A5,0.4564,m7,160,2/2,C Major
note,16800,78,47:49,B2,B2,0.2739,d5,160,2/2,C Major
note,17040,78,53:49,F3,F3,0.4564,M6,160,2/2,C Major
note,17040,78,62:49,D4,D4,0.4564,P5,160,2/2,C Major
note,17040,78,69:49,A4,A4,0.4564,P4,160,2/2,C Major
note,17040,78,74:49,D5,D5,0.4564,m7,160,2/2,C Major
note,17280,78,52:49,E3,E3,0.3195,P5,160,2/2,C Major
note,17520,78,59:49,B3,B3,0.4564,P4,160,2/2,C Major
note,17520,78,64:49,E4,E4,0.4564,M3,160,2/2,C Major
note,17520,78,68:49,G#4,Ab4,0.4564,m6,160,2/2,C Major
note,17520,78,76:49,E5,E5,0.4564,M3,160,2/2,C Major
note,17520,239,80:49,G#5,Ab5,0.4564,m6,160,2/2,C Major
note,17760,78,48:49,C3,C3,0.2739,M6,160,2/2,C Major
note,18000,78,57:49,A3,A3,0.4564,P5,160,2/2,C Major
note,18000,78,64:49,E4,E4,0.4564,P4,160,2/2,C Major
note,18000,78,69:49,A4,A4,0.4564,P5,160,2/2,C Major
note,18000,78,76:49,E5,E5,0.4564,P5,160,2/2,C Major
note,18240,78,45:49,A2,A2,0.3195,P1,160,2/2,C Major
note,18480,78,57:49,A3,A3,0.4564,P5,160,2/2,C Major
note,18480,78,64:49,E4,E4,0.4564,m6,160,2/2,C Major
note,18480,78,72:49,C5,C5,0.4564,M3,160,2/2,C Major
note,18480,78,76:49,E5,E5,0.4564,m6,160,2/2,C Major
note,18480,959,84:64,C6,C6,0.4564,m7,160,2/2,C Major
note,18720,78,50:45,D3,D3,0.2739,P5,160,2/2,C Major
note,18960,78,57:41,A3,A3,0.4564,m6,160,2/2,C Major
note,18960,78,65:41,F4,F4,0.4564,P5,160,2/2,C Major
note,18960,78,72:41,C5,C5,0.4564,P4,160,2/2,C Major
note,18960,78,77:41,F5,F5,0.4564,m3,160,2/2,C Major
note,19200,78,50:37,D3,D3,0.3195,d5,160,2/2,C Major
note,19440,78,56:33,G#3,Ab3,0.5021,M6,160,2/2,C Major
note,19440,78,65:33,F4,F4,0.5021,d5,160,2/2,C Major
note,19440,78,71:33,B4,B4,0.5021,d5,160,2/2,C Major
note,19440,78,77:33,F5,F5,0.5021,d5,160,2/2,C Major
note,19440,479,83:33,B5,B5,0.5021,M7,160,2/2,C Major
note,19680,78,48:33,C3,C3,0.3195,M6,160,2/2,C Major
note,19920,78,57:33,A3,A3,0.5021,m6,160,2/2,C Major
note,19920,78,65:33,F4,F4,0.5021,M3,160,2/2,C Major
note,19920,78,69:33,A4,A4,0.5021,m6,160,2/2,C Major
note,19920,78,77:33,F5,F5,0.5021,M3,160,2/2,C Major
note,19920,239,81:33,A5,A5,0.5021,M6,160,2/2,C Major
note,20160,78,48:33,C3,C3,0.3195,M6,160,2/2,C Major
note,20400,78,57:54,A3,A3,0.5021,P5,160,2/2,C Major
note,20400,78,64:54,E4,E4,0.5021,P1,160,2/2,C Major
note,20400,78,76:54,E5,E5,0.5021,P4,160,2/2,C Major
note,20400,78,81:54,A5,A5,0.5021,P5,160,2/2,C Major
note,20400,479,88:54,E6,E6,0.5021,P4,160,2/2,C Major
note,20640,78,47:57,B2,B2,0.3195,d5,160,2/2,C Major
note,20880,78,53:59,F3,F3,0.5477,M6,160,2/2,C Major
note,20880,78,62:59,D4,D4,0.5477,P1,160,2/2,C Major
note,20880,78,74:59,D5,D5,0.5477,P5,160,2/2,C Major
note,20880,78,81:59,A5,A5,0.5477,P4,160,2/2,C Major
note,20880,479,86:59,D6,D6,0.5477,m7,160,2/2,C Major
note,21120,78,40:62,E2,E2,0.3651,P1,160,2/2,C Major
note,21360,78,52:64,E3,E3,0.5934,P5,160,2/2,C Major
note,21360,78,59:64,B3,B3,0.5934,m3,160,2/2,C Major
note,21360,78,62:64,D4,D4,0.5934,M2,160,2/2,C Major
note,21360,78,76:64,E5,E5,0.5934,M3,160,2/2,C Major
note,21360,78,80:64,G#5,Ab5,0.5934,m6,160,2/2,C Major
note,21360,479,88:64,E6,E6,0.5934,P5,160,2/2,C Major
note,21600,78,45:64,A2,A2,0.3651,P5,160,2/2,C Major
note,21840,78,52:64,E3,E3,0.5934,P4,160,2/2,C Major
note,21840,78,57:64,A3,A3,0.5934,m3,160,2/2,C Major
note,21840,78,60:64,C4,C4,0.5934,P1,160,2/2,C Major
note,21840,78,72:64,C5,C5,0.5934,M3,160,2/2,C Major
note,21840,78,76:64,E5,E5,0.5934,m6,160,2/2,C Major
note,21840,479,84:64,C6,C6,0.5934,m2,160,2/2,C Major
note,22080,78,47:60,B2,B2,0.3651,P4,160,2/2,C Major
note,22320,78,52:58,E3,E3,0.5934,M3,160,2/2,C Major
note,22320,78,56:58,G#3,Ab3,0.5934,d5,160,2/2,C Major
note,22320,78,62:58,D4,D4,0.5934,M6,160,2/2,C Major
note,22320,78,71:58,B4,B4,0.5934,P4,160,2/2,C Major
note,22320,78,76:58,E5,E5,0.5934,P5,160,2/2,C Major
note,22320,479,83:58,B5,B5,0.5934,M7,160,2/2,C Major
note,22560,78,48:55,C3,C3,0.3651,M3,160,2/2,C Major
note,22800,78,52:53,E3,E3,0.5021,P4,160,2/2,C Major
note,22800,78,57:53,A3,A3,0.5021,P5,160,2/2,C Major
note,22800,78,64:53,E4,E4,0.5021,P4,160,2/2,C Major
note,22800,78,69:53,A4,A4,0.5021,P5,160,2/2,C Major
note,22800,78,76:53,E5,E5,0.5021,P4,160,2/2,C Major
note,22800,719,81:53,A5,A5,0.5021,P1,160,2/2,C Major
note,23040,78,45:51,A2,A2,0.2739,P5,160,2/2,C Major
note,23280,78,52:33,E3,E3,0.4564,m6,160,2/2,C Major
note,23280,78,60:33,C4,C4,0.4564,P1,160,2/2,C Major
note,23280,78,72:33,C5,C5,0.4564,M3,160,2/2,C Major
note,23280,78,76:33,E5,E5,0.4564,P1,160,2/2,C Major
note,23520,78,40:33,E2,E2,0.3195,P1,160,2/2,C Major
note,23760,78,52:33,E3,E3,0.5021,m7,160,2/2,C Major
note,23760,78,62:33,D4,D4,0.5021,M6,160,2/2,C Major
note,23760,78,71:33,B4,B4,0.5021,P4,160,2/2,C Major
note,23760,78,76:33,E5,E5,0.5021,P5,160,2/2,C Major
note,23760,479,83:33,B5,B5,0.5021,M2,160,2/2,C Major
note,24000,78,45:54,A2,A2,0.3195,P5,160,2/2,C Major
note,24240,78,52:56,E3,E3,0.5477,m6,160,2/2,C Major
note,24240,78,60:56,C4,C4,0.5477,M6,160,2/2,C Major
note,24240,78,69:33,A4,A4,0.5477,P5,160,2/2,C Major
note,24240,78,76:33,E5,E5,0.5477,P4,160,2/2,C Major
note,24240,479,81:33,A5,A5,0.5477,m7,160,2/2,C Major
note,24480,78,47:51,B2,B2,0.3651,P4,160,2/2,C Major
note,24720,78,52:33,E3,E3,0.5934,M3,160,2/2,C Major
note,24720,78,56:33,G#3,Ab3,0.5934,d5,160,2/2,C Major
note,24720,78,62:33,D4,D4,0.5934,M2,160,2/2,C Major
note,24720,78,64:33,E4,E4,0.5934,P5,160,2/2,C Major
note,24720,78,71:33,B4,B4,0.5934,P4,160,2/2,C Major
note,24720,479,76:33,E5,E5,0.5934,P5,160,2/2,C Major
note,24960,78,45:33,A2,A2,0.3651,P5,160,2/2,C Major
note,25200,78,52:33,E3,E3,0.5934,P4,160,2/2,C Major
note,25200,78,57:33,A3,A3,0.5934,m3,160,2/2,C Major
note,25200,78,60:33,C4,C4,0.5934,M6,160,2/2,C Major
note,25200,78,69:33,A4,A4,0.5934,P5,160,2/2,C Major
note,25200,78,76:33,E5,E5,0.5934,P4,160,2/2,C Major
note,25200,239,81:33,A5,A5,0.5934,P4,160,2/2,C Major
note,25440,78,40:33,E2,E2,0.3651,P1,160,2/2,C Major
note,25680,78,52:33,E3,E3,0.5477,M3,160,2/2,C Major
note,25680,78,56:33,G#3,Ab3,0.5477,d5,160,2/2,C Major
note,25680,78,62:33,D4,D4,0.5477,M6,160,2/2,C Major
note,25680,78,71:33,B4,B4,0.5477,P4,160,2/2,C Major
note,25680,78,76:33,E5,E5,0.5477,P5,160,2/2,C Major
note,25680,479,83:33,B5,B5,0.5477,M2,160,2/2,C Major
note,25920,78,45:54,A2,A2,0.3195,P5,160,2/2,C Major
note,26160,78,52:56,E3,E3,0.5477,m6,160,2/2,C Major
note,26160,78,60:56,C4,C4,0.5477,M6,160,2/2,C Major
note,26160,78,69:33,A4,A4,0.5477,P5,160,2/2,C Major
note,26160,78,76:33,E5,E5,0.5477,P4,160,2/2,C Major
note,26160,479,81:33,A5,A5,0.5477,m7,160,2/2,C Major
note,26400,78,47:51,B2,B2,0.3651,P4,160,2/2,C Major
note,26640,78,52:54,E3,E3,0.5934,M3,160,2/2,C Major
note,26640,78,56:54,G#3,Ab3,0.5934,d5,160,2/2,C Major
note,26640,78,62:54,D4,D4,0.5934,M2,160,2/2,C Major
note,26640,78,64:54,E4,E4,0.5934,P5,160,2/2,C Major
note,26640,78,71:54,B4,B4,0.5934,P4,160,2/2,C Major
note,26640,479,76:54,E5,E5,0.5934,P5,160,2/2,C Major
note,26880,78,45:56,A2,A2,0.3651,P5,160,2/2,C Major
note,27120,78,52:58,E3,E3,0.5477,P4,160,2/2,C Major
note,27120,78,57:58,A3,A3,0.5477,m3,160,2/2,C Major
note,27120,78,60:58,C4,C4,0.5477,M6,160,2/2,C Major
note,27120,78,69:58,A4,A4,0.5477,P5,160,2/2,C Major
note,27120,78,76:58,E5,E5,0.5477,P4,160,2/2,C Major
note,27120,239,81:58,A5,A5,0.5477,M2,160,2/2,C Major
note,27360,78,43:59,G2,G2,0.3195,P1,160,2/2,C Major
note,27600,78,55:61,G3,G3,0.5021,M6,160,2/2,C Major
note,27600,78,64:61,E4,E4,0.5021,P5,160,2/2,C Major
note,27600,78,71:61,B4,B4,0.5021,P4,160,2/2,C Major
note,27600,78,76:61,E5,E5,0.5021,P5,160,2/2,C Major
note,27600,479,83:61,B5,B5,0.5021,M2,160,2/2,C Major
note,27840,78,45:62,A2,A2,0.3195,P1,160,2/2,C Major
note,28080,78,57:64,A3,A3,0.5021,P5,160,2/2,C Major
note,28080,78,64:64,E4,E4,0.5021,m6,160,2/2,C Major
note,28080,78,72:64,C5,C5,0.5021,M3,160,2/2,C Major
note,28080,78,76:64,E5,E5,0.5021,m6,160,2/2,C Major
note,28080,479,84:64,C6,C6,0.5021,m2,160,2/2,C Major
note,28320,78,47:64,B2,B2,0.3195,P1,160,2/2,C Major
note,28560,78,59:64,B3,B3,0.5021,P4,160,2/2,C Major
note,28560,78,64:64,E4,E4,0.5021,m3,160,2/2,C Major
note,28560,78,67:64,G4,G4,0.5021,M3,160,2/2,C Major
note,28560,78,71:64,B4,B4,0.5021,m6,160,2/2,C Major
note,28560,479,79:64,G5,G5,0.5021,m6,160,2/2,C Major
note,28800,78,47:64,B2,B2,0.3195,P1,160,2/2,C Major
note,29040,78,59:64,B3,B3,0.5021,M3,160,2/2,C Major
note,29040,78,63:64,D#4,Eb4,0.5021,d5,160,2/2,C Major
note,29040,78,69:64,A4,A4,0.5021,M2,160,2/2,C Major
note,29040,78,71:64,B4,B4,0.5021,P5,160,2/2,C Major
note,29040,479,78:64,F#5,Gb5,0.5021,M2,160,2/2,C Major
note,29280,78,52:58,E3,E3,0.3195,P5,160,2/2,C Major
note,29520,78,59:55,B3,B3,0.4564,P4,160,2/2,C Major
note,29520,78,64:55,E4,E4,0.4564,m3,160,2/2,C Major
note,29520,78,67:55,G4,G4,0.4564,M3,160,2/2,C Major
note,29520,78,71:55,B4,B4,0.4564,P4,160,2/2,C Major
note,29520,1679,76:55,E5,E5,0.4564,P5,160,2/2,C Major
note,29760,78,45:52,A2,A2,0.2739,P1,160,2/2,C Major
note,30000,78,57:49,A3,A3,0.4108,P5,160,2/2,C Major
note,30000,78,64:49,E4,E4,0.4108,P4,160,2/2,C Major
note,30000,78,69:49,A4,A4,0.4108,m3,160,2/2,C Major
note,30000,78,72:49,C5,C5,0.4108,m6,160,2/2,C Major
note,30240,78,52:45,E3,E3,0.2739,P5,160,2/2,C Major
note,30480,78,59:42,B3,B3,0.4108,P4,160,2/2,C Major
note,30480,78,64:42,E4,E4,0.4108,m3,160,2/2,C Major
note,30480,78,67:42,G4,G4,0.4108,M3,160,2/2,C Major
note,30480,78,71:42,B4,B4,0.4108,M2,160,2/2,C Major
note,30720,78,45:39,A2,A2,0.2739,P1,160,2/2,C Major
note,30960,78,57:36,A3,A3,0.4564,P5,160,2/2,C Major
note,30960,78,64:36,E4,E4,0.4564,P4,160,2/2,C Major
note,30960,78,69:36,A4,A4,0.4564,m3,160,2/2,C Major
note,30960,78,72:36,C5,C5,0.4564,P4,160,2/2,C Major
note,31200,78,43:33,G2,G2,0.3195,P1,160,2/2,C Major
note,31440,78,55:33,G3,G3,0.5021,M6,160,2/2,C Major
note,31440,78,64:33,E4,E4,0.5021,P5,160,2/2,C Major
note,31440,78,71:33,B4,B4,0.5021,P4,160,2/2,C Major
note,31440,78,76:33,E5,E5,0.5021,P5,160,2/2,C Major
note,31440,479,83:33,B5,B5,0.5021,M2,160,2/2,C Major
note,31680,78,45:33,A2,A2,0.3195,P1,160,2/2,C Major
note,31920,78,57:33,A3,A3,0.5021,P5,160,2/2,C Major
note,31920,78,64:33,E4,E4,0.5021,m6,160,2/2,C Major
note,31920,78,72:33,C5,C5,0.5021,M3,160,2/2,C Major
note,31920,78,76:33,E5,E5,0.5021,m6,160,2/2,C Major
note,31920,479,84:33,C6,C6,0.5021,m2,160,2/2,C Major
note,32160,78,47:33,B2,B2,0.3195,P1,160,2/2,C Major
note,32400,78,59:33,B3,B3,0.5021,P4,160,2/2,C Major
note,32400,78,64:33,E4,E4,0.5021,m3,160,2/2,C Major
note,32400,78,67:33,G4,G4,0.5021,M3,160,2/2,C Major
note,32400,78,71:33,B4,B4,0.5021,m6,160,2/2,C Major
note,32400,479,79:33,G5,G5,0.5021,m6,160,2/2,C Major
note,32640,78,47:33,B2,B2,0.3195,P1,160,2/2,C Major
note,32880,78,59:33,B3,B3,0.5477,M3,160,2/2,C Major
note,32880,78,63:33,D#4,Eb4,0.5477,d5,160,2/2,C Major
note,32880,78,69:33,A4,A4,0.5477,M2,160,2/2,C Major
note,32880,78,71:33,B4,B4,0.5477,P5,160,2/2,C Major
note,32880,239,78:33,F#5,Gb5,0.5477,M2,160,2/2,C Major
note,33120,78,52:33,E3,E3,0.3651,m3,160,2/2,C Major
note,33360,78,55:33,G3,G3,0.5477,M3,160,2/2,C Major
note,33360,78,59:33,B3,B3,0.5477,P4,160,2/2,C Major
note,33360,78,64:33,E4,E4,0.5477,m3,160,2/2,C Major
note,33360,78,67:33,G4,G4,0.5477,M3,160,2/2,C Major
note,33360,78,71:33,B4,B4,0.5477,P4,160,2/2,C Major
note,33360,959,76:33,E5,E5,0.5477,m2,160,2/2,C Major
note,33600,78,51:33,D#3,Eb3,0.3195,M3,160,2/2,C Major
note,33840,78,55:51,G3,G3,0.5477,M3,160,2/2,C Major
note,33840,78,59:51,B3,B3,0.5477,P4,160,2/2,C Major
note,33840,78,64:51,E4,E4,0.5477,m3,160,2/2,C Major
note,33840,78,67:51,G4,G4,0.5477,M3,160,2/2,C Major
note,33840,78,71:51,B4,B4,0.5477,M6,160,2/2,C Major
note,34080,78,50:60,D3,D3,0.3651,d5,160,2/2,C Major
note,34320,78,56:69,G#3,Ab3,0.5477,m3,160,2/2,C Major
note,34320,78,59:69,B3,B3,0.5477,d5,160,2/2,C Major
note,34320,78,65:69,F4,F4,0.5477,m3,160,2/2,C Major
note,34320,78,68:69,G#4,Ab4,0.5477,m3,160,2/2,C Major
note,34320,78,71:69,B4,B4,0.5477,d5,160,2/2,C Major
note,34320,719,77:69,F5,F5,0.5477,M3,160,2/2,C Major
note,34560,78,49:78,C#3,Db3,0.3195,P5,160,2/2,C Major
note,34800,78,56:87,G#3,Ab3,0.5021,m3,160,2/2,C Major
note,34800,78,59:87,B3,B3,0.5021,d5,160,2/2,C Major
note,34800,78,65:87,F4,F4,0.5021,m3,160,2/2,C Major
note,34800,78,68:87,G#4,Ab4,0.5021,m3,160,2/2,C Major
note,34800,78,71:87,B4,B4,0.5021,M7,160,2/2,C Major
note,35040,78,48:96,C3,C3,0.3195,M6,160,2/2,C Major
note,35280,78,57:96,A3,A3,0.5021,m6,160,2/2,C Major
note,35280,78,65:96,F4,F4,0.5021,M3,160,2/2,C Major
note,35280,479,69:127,A4,A4,0.5021,m3,160,2/2,C Major
note,35280,479,72:127,C5,C5,0.5021,M6,160,2/2,C Major
note,35280,479,81:127,A5,A5,0.5021,M6,160,2/2,C Major
note,35520,78,48:96,C3,C3,0.3195,m6,160,2/2,C Major
note,35760,78,56:96,G#3,Ab3,0.5021,M6,160,2/2,C Major
note,35760,78,65:96,F4,F4,0.5021,m3,160,2/2,C Major
note,35760,479,68:127,G#4,Ab4,0.5021,m3,160,2/2,C Major
note,35760,479,71:127,B4,B4,0.5021,M6,160,2/2,C Major
note,35760,479,80:127,G#5,Ab5,0.5021,m6,160,2/2,C Major
note,36000,78,48:96,C3,C3,0.3195,P5,160,2/2,C Major
note,36240,78,55:96,G3,G3,0.5021,M6,160,2/2,C Major
note,36240,78,64:96,E4,E4,0.5021,m3,160,2/2,C Major
note,36240,239,67:127,G4,G4,0.5021,m3,160,2/2,C Major
note,36240,239,70:127,A#4,Bb4,0.5021,M6,160,2/2,C Major
note,36240,239,79:127,G5,G5,0.5021,P5,160,2/2,C Major
note,36480,78,48:96,C3,C3,0.3195,P5,160,2/2,C Major
note,36720,78,55:96,G3,G3,0.5021,P4,160,2/2,C Major
note,36720,78,60:96,C4,C4,0.5021,M3,160,2/2,C Major
note,36720,239,64:127,E4,E4,0.5021,d5,160,2/2,C Major
note,36720,239,70:127,A#4,Bb4,0.5021,M2,160,2/2,C Major
note,36720,239,72:127,C5,C5,0.5021,P1,160,2/2,C Major
note,36960,78,48:96,C3,C3,0.3195,P5,160,2/2,C Major
note,37200,78,55:96,G3,G3,0.5021,M6,160,2/2,C Major
note,37200,78,64:96,E4,E4,0.5021,m3,160,2/2,C Major
note,37200,239,67:127,G4,G4,0.5021,m3,160,2/2,C Major
note,37200,239,70:127,A#4,Bb4,0.5021,M6,160,2/2,C Major
note,37200,239,79:127,G5,G5,0.5021,P5,160,2/2,C Major
note,37440,78,48:96,C3,C3,0.3195,P5,160,2/2,C Major
note,37680,78,55:96,G3,G3,0.5021,P4,160,2/2,C Major
note,37680,78,60:96,C4,C4,0.5021,M3,160,2/2,C Major
note,37680,239,64:127,E4,E4,0.5021,d5,160,2/2,C Major
note,37680,239,70:127,A#4,Bb4,0.5021,M2,160,2/2,C Major
note,37680,239,72:127,C5,C5,0.5021,P1,160,2/2,C Major
note,37920,78,48:96,C3,C3,0.3195,P5,160,2/2,C Major
note,38160,78,55:96,G3,G3,0.4564,M6,160,2/2,C Major
note,38160,78,64:96,E4,E4,0.4564,m3,160,2/2,C Major
note,38160,239,67:127,G4,G4,0.4564,m3,160,2/2,C Major
note,38160,239,70:127,A#4,Bb4,0.4564,M6,160,2/2,C Major
note,38160,239,79:127,G5,G5,0.4564,M2,160,2/2,C Major
note,38400,78,53:96,F3,F3,0.2739,M3,160,2/2,C Major
note,38640,78,57:96,A3,A3,0.4564,m6,160,2/2,C Major
note,38640,78,65:96,F4,F4,0.4564,M3,160,2/2,C Major
note,38640,239,69:127,A4,A4,0.4564,m6,160,2/2,C Major
note,38640,239,77:127,F5,F5,0.4564,M6,160,2/2,C Major
note,38880,78,44:96,G#2,Ab2,0.3195,M6,160,2/2,C Major
note,39120,78,53:96,F3,F3,0.5021,m6,160,2/2,C Major
note,39120,78,61:96,C#4,Db4,0.5021,M3,160,2/2,C Major
note,39120,479,65:127,F4,F4,0.5021,m3,160,2/2,C Major
note,39120,479,68:127,G#4,Ab4,0.5021,M6,160,2/2,C Major
note,39120,479,77:127,F5,F5,0.5021,M6,160,2/2,C Major
note,39360,78,44:96,G#2,Ab2,0.3195,m6,160,2/2,C Major
note,39600,78,52:96,E3,E3,0.5021,M6,160,2/2,C Major
note,39600,78,61:96,C#4,Db4,0.5021,m3,160,2/2,C Major
note,39600,479,64:127,E4,E4,0.5021,m3,160,2/2,C Major
note,39600,479,67:127,G4,G4,0.5021,M6,160,2/2,C Major
note,39600,479,76:127,E5,E5,0.5021,m6,160,2/2,C Major
note,39840,78,44:96,G#2,Ab2,0.3195,P5,160,2/2,C Major
note,40080,78,51:96,D#3,Eb3,0.5021,M6,160,2/2,C Major
note,40080,78,60:96,C4,C4,0.5021,m3,160,2/2,C Major
note,40080,239,63:127,D#4,Eb4,0.5021,m3,160,2/2,C Major
note,40080,239,66:127,F#4,Gb4,0.5021,M6,160,2/2,C Major
note,40080,239,75:127,D#5,Eb5,0.5021,P5,160,2/2,C Major
note,40320,78,44:96,G#2,Ab2,0.3195,P5,160,2/2,C Major
note,40560,78,51:96,D#3,Eb3,0.5021,P4,160,2/2,C Major
note,40560,78,56:96,G#3,Ab3,0.5021,M3,160,2/2,C Major
note,40560,239,60:127,C4,C4,0.5021,d5,160,2/2,C Major
note,40560,239,66:127,F#4,Gb4,0.5021,M2,160,2/2,C Major
note,40560,239,68:127,G#4,Ab4,0.5021,P1,160,2/2,C Major
note,40800,78,44:96,G#2,Ab2,0.3195,P5,160,2/2,C Major
note,41040,78,51:96,D#3,Eb3,0.5021,M6,160,2/2,C Major
note,41040,78,60:96,C4,C4,0.5021,d5,160,2/2,C Major
note,41040,239,66:127,F#4,Gb4,0.5021,M2,160,2/2,C Major
note,41040,239,68:127,G#4,Ab4,0.5021,P5,160,2/2,C Major
note,41040,239,75:127,D#5,Eb5,0.5021,P5,160,2/2,C Major
note,41280,78,44:96,G#2,Ab2,0.3195,P5,160,2/2,C Major
note,41520,78,51:96,D#3,Eb3,0.5021,P4,160,2/2,C Major
note,41520,78,56:96,G#3,Ab3,0.5021,M3,160,2/2,C Major
note,41520,239,60:127,C4,C4,0.5021,d5,160,2/2,C Major
note,41520,239,66:127,F#4,Gb4,0.5021,M2,160,2/2,C Major
note,41520,239,68:127,G#4,Ab4,0.5021,P1,160,2/2,C Major
note,41760,78,44:96,G#2,Ab2,0.3195,P5,160,2/2,C Major
note,42000,78,51:96,D#3,Eb3,0.5021,M6,160,2/2,C Major
note,42000,78,60:96,C4,C4,0.5021,d5,160,2/2,C Major
note,42000,239,66:96,F#4,Gb4,0.5021,M2,160,2/2,C Major
note,42000,239,68:96,G#4,Ab4,0.5021,P5,160,2/2,C Major
note,42000,479,75:127,D#5,Eb5,0.5021,M2,160,2/2,C Major
note,42240,78,49:96,C#3,Db3,0.3195,M3,160,2/2,C Major
note,42480,78,53:96,F3,F3,0.5021,m6,160,2/2,C Major
note,42480,78,61:96,C#4,Db4,0.5021,M3,160,2/2,C Major
note,42480,239,65:96,F4,F4,0.5021,m3,160,2/2,C Major
note,42480,239,68:96,G#4,Ab4,0.5021,P4,160,2/2,C Major
note,42480,479,73:96,C#5,Db5,0.5021,P4,160,2/2,C Major
note,42720,78,44:96,G#2,Ab2,0.3195,P5,160,2/2,C Major
note,42960,78,51:96,D#3,Eb3,0.5021,M6,160,2/2,C Major
note,42960,78,60:96,C4,C4,0.5021,m3,160,2/2,C Major
note,42960,239,63:96,D#4,Eb4,0.5021,P4,160,2/2,C Major
note,42960,239,68:96,G#4,Ab4,0.5021,M3,160,2/2,C Major
note,42960,479,72:96,C5,C5,0.5021,M3,160,2/2,C Major
note,43200,78,44:96,G#2,Ab2,0.3195,P4,160,2/2,C Major
note,43440,78,49:96,C#3,Db3,0.5021,M6,160,2/2,C Major
note,43440,78,58:96,A#3,Bb3,0.5021,m3,160,2/2,C Major
note,43440,239,61:96,C#4,Db4,0.5021,P5,160,2/2,C Major
note,43440,239,68:96,G#4,Ab4,0.5021,M2,160,2/2,C Major
note,43440,479,70:96,A#4,Bb4,0.5021,M2,160,2/2,C Major
note,43680,78,44:96,G#2,Ab2,0.3195,M3,160,2/2,C Major
note,43920,78,48:96,C3,C3,0.5021,m6,160,2/2,C Major
note,43920,78,56:96,G#3,Ab3,0.5021,M3,160,2/2,C Major
note,43920,239,60:96,C4,C4,0.5021,m6,160,2/2,C Major
note,43920,0,68:96,G#4,Ab4,0.5021,P1,160,2/2,C Major
note,43920,479,68:96,G#4,Ab4,0.5021,P1,160,2/2,C Major
note,44160,78,44:96,G#2,Ab2,0.3195,m7,160,2/2,C Major
note,44400,78,54:96,F#3,Gb3,0.5021,M6,160,2/2,C Major
note,44400,78,63:96,D#4,Eb4,0.5021,m3,160,2/2,C Major
note,44400,239,66:96,F#4,Gb4,0.5021,M2,160,2/2,C Major
note,44400,239,68:96,G#4,Ab4,0.5021,P5,160,2/2,C Major
note,44400,479,75:96,D#5,Eb5,0.5021,P5,160,2/2,C Major
note,44640,78,44:96,G#2,Ab2,0.3195,M6,160,2/2,C Major
note,44880,78,53:96,F3,F3,0.5021,m6,160,2/2,C Major
note,44880,78,61:96,C#4,Db4,0.5021,M3,160,2/2,C Major
note,44880,239,65:96,F4,F4,0.5021,m3,160,2/2,C Major
note,44880,239,68:96,G#4,Ab4,0.5021,P4,160,2/2,C Major
note,44880,479,73:96,C#5,Db5,0.5021,P4,160,2/2,C Major
note,45120,78,44:96,G#2,Ab2,0.3195,P4,160,2/2,C Major
note,45360,78,49:96,C#3,Db3,0.5021,M6,160,2/2,C Major
note,45360,78,58:96,A#3,Bb3,0.5021,m3,160,2/2,C Major
note,45360,239,61:96,C#4,Db4,0.5021,P5,160,2/2,C Major
note,45360,239,68:96,G#4,Ab4,0.5021,M2,160,2/2,C Major
note,45360,479,70:96,A#4,Bb4,0.5021,M2,160,2/2,C Major
note,45600,78,44:96,G#2,Ab2,0.3195,M6,160,2/2,C Major
note,45840,78,53:96,F3,F3,0.5021,m6,160,2/2,C Major
note,45840,78,61:96,C#4,Db4,0.5021,M3,160,2/2,C Major
note,45840,239,65:96,F4,F4,0.5021,m3,160,2/2,C Major
note,45840,239,68:96,G#4,Ab4,0.5021,P4,160,2/2,C Major
note,45840,479,73:96,C#5,Db5,0.5021,P4,160,2/2,C Major
note,46080,78,44:96,G#2,Ab2,0.3195,P5,160,2/2,C Major
note,46320,78,51:96,D#3,Eb3,0.5021,M6,160,2/2,C Major
note,46320,78,60:96,C4,C4,0.5021,m3,160,2/2,C Major
note,46320,239,63:96,D#4,Eb4,0.5021,P4,160,2/2,C Major
note,46320,239,68:96,G#4,Ab4,0.5021,M3,160,2/2,C Major
note,46320,479,72:96,C5,C5,0.5021,M3,160,2/2,C Major
note,46560,78,44:96,G#2,Ab2,0.3195,m7,160,2/2,C Major
note,46800,78,54:96,F#3,Gb3,0.5021,M6,160,2/2,C Major
note,46800,78,63:96,D#4,Eb4,0.5021,m3,160,2/2,C Major
note,46800,239,66:96,F#4,Gb4,0.5021,M2,160,2/2,C Major
note,46800,239,68:96,G#4,Ab4,0.5021,P5,160,2/2,C Major
note,46800,479,75:96,D#5,Eb5,0.5021,P5,160,2/2,C Major
note,47040,78,44:96,G#2,Ab2,0.3195,M6,160,2/2,C Major
note,47280,78,53:96,F3,F3,0.5021,m6,160,2/2,C Major
note,47280,78,61:96,C#4,Db4,0.5021,M3,160,2/2,C Major
note,47280,239,65:96,F4,F4,0.5021,m3,160,2/2,C Major
note,47280,239,68:96,G#4,Ab4,0.5021,P4,160,2/2,C Major
note,47280,479,73:96,C#5,Db5,0.5021,P4,160,2/2,C Major
note,47520,78,44:96,G#2,Ab2,0.3195,P5,160,2/2,C Major
note,47760,78,51:96,D#3,Eb3,0.5021,M6,160,2/2,C Major
note,47760,78,60:96,C4,C4,0.5021,m3,160,2/2,C Major
note,47760,239,63:96,D#4,Eb4,0.5021,P4,160,2/2,C Major
note,47760,239,68:96,G#4,Ab4,0.5021,M3,160,2/2,C Major
note,47760,479,72:96,C5,C5,0.5021,m3,160,2/2,C Major
note,48000,78,45:96,A2,A2,0.3195,M6,160,2/2,C Major
note,48240,78,54:96,F#3,Gb3,0.5021,M7,160,2/2,C Major
note,48240,78,65:96,F4,F4,0.5021,m2,160,2/2,C Major
note,48240,239,66:96,F#4,Gb4,0.5021,d5,160,2/2,C Major
note,48240,239,72:96,C5,C5,0.5021,P4,160,2/2,C Major
note,48240,479,77:96,F5,F5,0.5021,m6,160,2/2,C Major
note,48480,78,45:96,A2,A2,0.3195,M6,160,2/2,C Major
note,48720,78,54:96,F#3,Gb3,0.5021,M6,160,2/2,C Major
note,48720,78,63:96,D#4,Eb4,0.5021,m3,160,2/2,C Major
note,48720,239,66:96,F#4,Gb4,0.5021,d5,160,2/2,C Major
note,48720,239,72:96,C5,C5,0.5021,m3,160,2/2,C Major
note,48720,479,75:96,D#5,Eb5,0.5021,d5,160,2/2,C Major
note,48960,78,45:96,A2,A2,0.3195,M6,160,2/2,C Major
note,49200,78,54:96,F#3,Gb3,0.5021,d5,160,2/2,C Major
note,49200,78,60:96,C4,C4,0.5021,m3,160,2/2,C Major
note,49200,239,63:96,D#4,Eb4,0.5021,m3,160,2/2,C Major
note,49200,239,66:96,F#4,Gb4,0.5021,d5,160,2/2,C Major
note,49200,479,72:96,C5,C5,0.5021,M2,160,2/2,C Major
note,49440,78,46:96,A#2,Bb2,0.3195,m6,160,2/2,C Major
note,49680,78,54:96,F#3,Gb3,0.5021,M6,160,2/2,C Major
note,49680,78,63:96,D#4,Eb4,0.5021,m3,160,2/2,C Major
note,49680,239,66:96,F#4,Gb4,0.5021,M3,160,2/2,C Major
note,49680,239,70:96,A#4,Bb4,0.5021,P4,160,2/2,C Major
note,49680,479,75:96,D#5,Eb5,0.5021,P4,160,2/2,C Major
note,49920,78,46:96,A#2,Bb2,0.3195,P5,160,2/2,C Major
note,50160,78,53:96,F3,F3,0.5021,M6,160,2/2,C Major
note,50160,78,62:96,D4,D4,0.5021,m3,160,2/2,C Major
note,50160,239,65:96,F4,F4,0.5021,P4,160,2/2,C Major
note,50160,239,70:96,A#4,Bb4,0.5021,M3,160,2/2,C Major
note,50160,479,74:96,D5,D5,0.5021,m3,160,2/2,C Major
note,50400,78,47:96,B2,B2,0.3195,M6,160,2/2,C Major
note,50640,78,56:96,G#3,Ab3,0.5021,M6,160,2/2,C Major
note,50640,78,65:96,F4,F4,0.5021,m3,160,2/2,C Major
note,50640,239,68:96,G#4,Ab4,0.5021,d5,160,2/2,C Major
note,50640,239,74:96,D5,D5,0.5021,d5,160,2/2,C Major
note,50640,479,80:96,G#5,Ab5,0.5021,M6,160,2/2,C Major
note,50880,78,47:96,B2,B2,0.3195,m6,160,2/2,C Major
note,51120,78,55:96,G3,G3,0.5021,m7,160,2/2,C Major
note,51120,78,65:96,F4,F4,0.5021,M2,160,2/2,C Major
note,51120,239,67:96,G4,G4,0.5021,P5,160,2/2,C Major
note,51120,239,74:96,D5,D5,0.5021,P4,160,2/2,C Major
note,51120,479,79:96,G5,G5,0.5021,P5,160,2/2,C Major
note,51360,78,48:96,C3,C3,0.3195,P5,160,2/2,C Major
note,51600,78,55:96,G3,G3,0.5021,P4,160,2/2,C Major
note,51600,78,60:96,C4,C4,0.5021,M3,160,2/2,C Major
note,51600,479,64:96,E4,E4,0.5021,d5,160,2/2,C Major
note,51600,479,70:96,A#4,Bb4,0.5021,M2,160,2/2,C Major
note,51600,479,72:96,C5,C5,0.5021,P5,160,2/2,C Major
note,51840,78,41:96,F2,F2,0.3195,P1,160,2/2,C Major
note,52080,78,53:96,F3,F3,0.5021,P5,160,2/2,C Major
note,52080,78,60:96,C4,C4,0.5021,P4,160,2/2,C Major
note,52080,239,65:96,F4,F4,0.5021,m3,160,2/2,C Major
note,52080,239,68:96,G#4,Ab4,0.5021,M6,160,2/2,C Major
note,52080,239,77:96,F5,F5,0.5021,d5,160,2/2,C Major
note,52320,78,47:96,B2,B2,0.3195,M6,160,2/2,C Major
note,52560,78,56:96,G#3,Ab3,0.5021,M6,160,2/2,C Major
note,52560,78,65:96,F4,F4,0.5021,m3,160,2/2,C Major
note,52560,239,68:127,G#4,Ab4,0.5021,d5,160,2/2,C Major
note,52560,239,74:127,D5,D5,0.5021,d5,160,2/2,C Major
note,52560,239,80:127,G#5,Ab5,0.5021,M6,160,2/2,C Major
note,52800,78,47:96,B2,B2,0.3195,m6,160,2/2,C Major
note,53040,78,55:96,G3,G3,0.5021,m7,160,2/2,C Major
note,53040,78,65:96,F4,F4,0.5021,M2,160,2/2,C Major
note,53040,239,67:127,G4,G4,0.5021,P5,160,2/2,C Major
note,53040,239,74:127,D5,D5,0.5021,P4,160,2/2,C Major
note,53040,239,79:127,G5,G5,0.5021,P5,160,2/2,C Major
note,53280,78,48:96,C3,C3,0.3195,P5,160,2/2,C Major
note,53520,78,55:96,G3,G3,0.5021,P4,160,2/2,C Major
note,53520,78,60:96,C4,C4,0.5021,M3,160,2/2,C Major
note,53520,239,64:127,E4,E4,0.5021,d5,160,2/2,C Major
note,53520,239,70:127,A#4,Bb4,0.5021,M2,160,2/2,C Major
note,53520,239,72:127,C5,C5,0.5021,P5,160,2/2,C Major
note,53760,78,41:96,F2,F2,0.3195,P1,160,2/2,C Major
note,54000,78,53:96,F3,F3,0.5021,P5,160,2/2,C Major
note,54000,78,60:96,C4,C4,0.5021,P4,160,2/2,C Major
note,54000,239,65:127,F4,F4,0.5021,m3,160,2/2,C Major
note,54000,239,68:127,G#4,Ab4,0.5021,M6,160,2/2,C Major
note,54000,239,77:127,F5,F5,0.5021,M2,160,2/2,C Major
note,54240,78,39:96,D#2,Eb2,0.3195,P1,160,2/2,C Major
note,54480,78,51:96,D#3,Eb3,0.5021,M6,160,2/2,C Major
note,54480,78,60:96,C4,C4,0.5021,P5,160,2/2,C Major
note,54480,78,67:96,G4,G4,0.5021,P4,160,2/2,C Major
note,54480,78,72:96,C5,C5,0.5021,P5,160,2/2,C Major
note,54480,78,79:96,G5,G5,0.5021,M2,160,2/2,C Major
note,54720,78,41:96,F2,F2,0.3195,P1,160,2/2,C Major
note,54960,78,53:96,F3,F3,0.5021,P5,160,2/2,C Major
note,54960,78,60:96,C4,C4,0.5021,m6,160,2/2,C Major
note,54960,78,68:96,G#4,Ab4,0.5021,M3,160,2/2,C Major
note,54960,78,72:96,C5,C5,0.5021,m6,160,2/2,C Major
note,54960,78,80:96,G#5,Ab5,0.5021,m2,160,2/2,C Major
note,55200,78,43:96,G2,G2,0.3195,P1,160,2/2,C Major
note,55440,78,55:96,G3,G3,0.5021,P4,160,2/2,C Major
note,55440,78,60:96,C4,C4,0.5021,m3,160,2/2,C Major
note,55440,78,63:96,D#4,Eb4,0.5021,M3,160,2/2,C Major
note,55440,78,67:96,G4,G4,0.5021,m6,160,2/2,C Major
note,55440,78,75:96,D#5,Eb5,0.5021,m6,160,2/2,C Major
note,55680,78,43:96,G2,G2,0.3195,P1,160,2/2,C Major
note,55920,78,55:96,G3,G3,0.5021,M3,160,2/2,C Major
note,55920,78,59:96,B3,B3,0.5021,d5,160,2/2,C Major
note,55920,78,65:96,F4,F4,0.5021,M2,160,2/2,C Major
note,55920,78,67:96,G4,G4,0.5021,P5,160,2/2,C Major
note,55920,78,74:96,D5,D5,0.5021,M2,160,2/2,C Major
note,56160,78,48:96,C3,C3,0.3195,P5,160,2/2,C Major
note,56400,78,55:96,G3,G3,0.4564,P4,160,2/2,C Major
note,56400,78,60:96,C4,C4,0.4564,m3,160,2/2,C Major
note,56400,78,63:96,D#4,Eb4,0.4564,M3,160,2/2,C Major
note,56400,78,67:96,G4,G4,0.4564,P4,160,2/2,C Major
note,56400,1679,72:127,C5,C5,0.4564,P5,160,2/2,C Major
note,56640,78,41:96,F2,F2,0.2739,P1,160,2/2,C Major
note,56880,78,53:96,F3,F3,0.4108,P5,160,2/2,C Major
note,56880,78,60:96,C4,C4,0.4108,P4,160,2/2,C Major
note,56880,78,65:96,F4,F4,0.4108,m3,160,2/2,C Major
note,56880,78,68:96,G#4,Ab4,0.4108,m6,160,2/2,C Major
note,57120,78,48:96,C3,C3,0.2739,P5,160,2/2,C Major
note,57360,78,55:96,G3,G3,0.4108,P4,160,2/2,C Major
note,57360,78,60:96,C4,C4,0.4108,m3,160,2/2,C Major
note,57360,78,63:96,D#4,Eb4,0.4108,M3,160,2/2,C Major
note,57360,78,67:96,G4,G4,0.4108,M2,160,2/2,C Major
note,57600,78,41:96,F2,F2,0.2739,P1,160,2/2,C Major
note,57840,78,53:96,F3,F3,0.4564,P5,160,2/2,C Major
note,57840,78,60:96,C4,C4,0.4564,P4,160,2/2,C Major
note,57840,78,65:96,F4,F4,0.4564,m3,160,2/2,C Major
note,57840,78,68:96,G#4,Ab4,0.4564,P4,160,2/2,C Major
note,58080,78,39:33,D#2,Eb2,0.3195,P1,160,2/2,C Major
tempo,58320,0,387097,155,,,,,,
note,58320,78,51:33,D#3,Eb3,0.5021,M6,155,2/2,C Major
note,58320,78,60:33,C4,C4,0.5021,P5,155,2/2,C Major
note,58320,479,67:33,G4,G4,0.5021,P4,155,2/2,C Major
note,58320,479,72:33,C5,C5,0.5021,P5,155,2/2,C Major
note,58320,479,79:33,G5,G5,0.5021,M2,155,2/2,C Major
note,58560,78,41:33,F2,F2,0.3195,P1,155,2/2,C Major
note,58800,78,53:33,F3,F3,0.5021,P5,155,2/2,C Major
note,58800,78,60:33,C4,C4,0.5021,m6,155,2/2,C Major
note,58800,479,68:33,G#4,Ab4,0.5021,M3,155,2/2,C Major
note,58800,479,72:33,C5,C5,0.5021,m6,155,2/2,C Major
note,58800,479,80:33,G#5,Ab5,0.5021,m2,155,2/2,C Major
note,59040,78,43:33,G2,G2,0.3195,P1,155,2/2,C Major
note,59280,78,55:33,G3,G3,0.5021,P4,155,2/2,C Major
note,59280,78,60:33,C4,C4,0.5021,m3,155,2/2,C Major
note,59280,479,63:33,D#4,Eb4,0.5021,M3,155,2/2,C Major
note,59280,479,67:33,G4,G4,0.5021,m6,155,2/2,C Major
note,59280,479,75:33,D#5,Eb5,0.5021,m6,155,2/2,C Major
note,59520,78,43:33,G2,G2,0.3195,P1,155,2/2,C Major
note,59760,78,55:33,G3,G3,0.5021,M3,155,2/2,C Major
note,59760,78,59:33,B3,B3,0.5021,d5,155,2/2,C Major
note,59760,239,65:33,F4,F4,0.5021,M2,155,2/2,C Major
note,59760,239,67:33,G4,G4,0.5021,P5,155,2/2,C Major
note,59760,479,74:33,D5,D5,0.5021,M2,155,2/2,C Major
note,60000,78,48:33,C3,C3,0.3195,P5,155,2/2,C Major
note,60240,78,55:33,G3,G3,0.4564,P4,155,2/2,C Major
note,60240,78,60:33,C4,C4,0.4564,m3,155,2/2,C Major
note,60240,239,63:33,D#4,Eb4,0.4564,M3,155,2/2,C Major
note,60240,239,67:33,G4,G4,0.4564,P4,155,2/2,C Major
note,60240,1679,72:49,C5,C5,0.4564,P5,155,2/2,C Major
note,60480,78,41:33,F2,F2,0.2739,P1,155,2/2,C Major
note,60720,78,53:33,F3,F3,0.4108,P5,155,2/2,C Major
note,60720,78,60:33,C4,C4,0.4108,P4,155,2/2,C Major
note,60720,239,65:33,F4,F4,0.4108,m3,155,2/2,C Major
note,60720,239,68:33,G#4,Ab4,0.4108,m6,155,2/2,C Major
note,60960,78,48:33,C3,C3,0.2739,P5,155,2/2,C Major
note,61200,78,55:33,G3,G3,0.4108,P4,155,2/2,C Major
note,61200,78,60:33,C4,C4,0.4108,m3,155,2/2,C Major
note,61200,239,63:33,D#4,Eb4,0.4108,M3,155,2/2,C Major
note,61200,239,67:33,G4,G4,0.4108,M2,155,2/2,C Major
note,61440,78,41:33,F2,F2,0.2739,P1,155,2/2,C Major
note,61680,78,53:33,F3,F3,0.4564,P5,155,2/2,C Major
note,61680,78,60:33,C4,C4,0.4564,P4,155,2/2,C Major
note,61680,239,65:33,F4,F4,0.4564,m3,155,2/2,C Major
note,61680,239,68:33,G#4,Ab4,0.4564,P4,155,2/2,C Major
tempo,61920,0,375000,160,,,,,,
note,61920,78,39:96,D#2,Eb2,0.3195,P1,160,2/2,C Major
note,62160,78,51:96,D#3,Eb3,0.5021,M6,160,2/2,C Major
note,62160,78,60:96,C4,C4,0.5021,P5,160,2/2,C Major
note,62160,479,67:127,G4,G4,0.5021,P4,160,2/2,C Major
note,62160,479,72:127,C5,C5,0.5021,P5,160,2/2,C Major
note,62160,479,79:127,G5,G5,0.5021,M2,160,2/2,C Major
note,62400,78,41:96,F2,F2,0.3195,P1,160,2/2,C Major
note,62640,78,53:96,F3,F3,0.5477,P5,160,2/2,C Major
note,62640,78,60:96,C4,C4,0.5477,m6,160,2/2,C Major
note,62640,479,68:127,G#4,Ab4,0.5477,M3,160,2/2,C Major
note,62640,479,72:127,C5,C5,0.5477,m6,160,2/2,C Major
note,62640,479,80:127,G#5,Ab5,0.5477,P1,160,2/2,C Major
note,62880,78,44:96,G#2,Ab2,0.3651,P1,160,2/2,C Major
note,63120,78,56:96,G#3,Ab3,0.5934,M3,160,2/2,C Major
note,63120,78,60:96,C4,C4,0.5934,P4,160,2/2,C Major
note,63120,78,65:96,F4,F4,0.5934,P5,160,2/2,C Major
note,63120,479,72:127,C5,C5,0.5934,P4,160,2/2,C Major
note,63120,479,77:127,F5,F5,0.5934,P5,160,2/2,C Major
note,63120,479,84:127,C6,C6,0.5934,P4,160,2/2,C Major
note,63360,78,43:96,G2,G2,0.3651,P1,160,2/2,C Major
note,63600,78,55:96,G3,G3,0.5477,P5,160,2/2,C Major
note,63600,78,62:96,D4,D4,0.5477,P4,160,2/2,C Major
note,63600,78,67:96,G4,G4,0.5477,P5,160,2/2,C Major
note,63600,239,74:127,D5,D5,0.5477,P4,160,2/2,C Major
note,63600,239,79:127,G5,G5,0.5477,M3,160,2/2,C Major
note,63600,239,83:127,B5,B5,0.5477,M7,160,2/2,C Major
note,63840,78,48:96,C3,C3,0.3195,P1,160,2/2,C Major
note,64080,78,60:96,C4,C4,0.5021,P5,160,2/2,C Major
note,64080,78,67:96,G4,G4,0.5021,m3,160,2/2,C Major
note,64080,479,70:127,A#4,Bb4,0.5021,d5,160,2/2,C Major
note,64080,479,76:127,E5,E5,0.5021,d5,160,2/2,C Major
note,64080,479,82:127,A#5,Bb5,0.5021,P4,160,2/2,C Major
note,64320,78,53:85,F3,F3,0.3195,P5,160,2/2,C Major
note,64560,78,60:73,C4,C4,0.5021,P4,160,2/2,C Major
note,64560,78,65:73,F4,F4,0.5021,m3,160,2/2,C Major
note,64560,479,68:109,G#4,Ab4,0.5021,M6,160,2/2,C Major
note,64560,479,77:109,F5,F5,0.5021,m3,160,2/2,C Major
note,64560,479,80:109,G#5,Ab5,0.5021,m2,160,2/2,C Major
note,64800,78,55:61,G3,G3,0.3195,P4,160,2/2,C Major
note,65040,78,60:49,C4,C4,0.5021,m3,160,2/2,C Major
note,65040,78,63:49,D#4,Eb4,0.5021,M3,160,2/2,C Major
note,65040,239,67:73,G4,G4,0.5021,m6,160,2/2,C Major
note,65040,239,75:73,D#5,Eb5,0.5021,M3,160,2/2,C Major
note,65040,239,79:73,G5,G5,0.5021,P1,160,2/2,C Major
note,65280,78,43:49,G2,G2,0.3195,P1,160,2/2,C Major
note,65520,78,55:49,G3,G3,0.5021,P5,160,2/2,C Major
note,65520,78,62:49,D4,D4,0.5021,m3,160,2/2,C Major
note,65520,239,65:49,F4,F4,0.5021,M2,160,2/2,C Major
note,65520,239,67:49,G4,G4,0.5021,M3,160,2/2,C Major
note,65520,479,71:49,B4,B4,0.5021,M7,160,2/2,C Major
note,65760,78,48:49,C3,C3,0.3195,P5,160,2/2,C Major
note,66000,78,55:49,G3,G3,0.5021,P4,160,2/2,C Major
note,66000,78,60:49,C4,C4,0.5021,M3,160,2/2,C Major
note,66000,239,64:49,E4,E4,0.5021,m3,160,2/2,C Major
note,66000,239,67:49,G4,G4,0.5021,P4,160,2/2,C Major
note,66000,479,72:49,C5,C5,0.5021,m2,160,2/2,C Major
note,66240,78,47:49,B2,B2,0.3195,M6,160,2/2,C Major
note,66480,78,56:49,G#3,Ab3,0.5021,P4,160,2/2,C Major
note,66480,78,61:49,C#4,Db4,0.5021,M3,160,2/2,C Major
note,66480,239,65:49,F4,F4,0.5021,m3,160,2/2,C Major
note,66480,239,68:49,G#4,Ab4,0.5021,P4,160,2/2,C Major
note,66480,479,73:49,C#5,Db5,0.5021,m2,160,2/2,C Major
note,66720,78,48:49,C3,C3,0.3195,P5,160,2/2,C Major
note,66960,78,55:52,G3,G3,0.5021,P4,160,2/2,C Major
note,66960,78,60:52,C4,C4,0.5021,M3,160,2/2,C Major
note,66960,239,64:52,E4,E4,0.5021,m3,160,2/2,C Major
note,66960,239,67:52,G4,G4,0.5021,P4,160,2/2,C Major
note,66960,479,72:52,C5,C5,0.5021,m2,160,2/2,C Major
note,67200,78,47:54,B2,B2,0.3195,M6,160,2/2,C Major
note,67440,78,56:55,G#3,Ab3,0.5021,d5,160,2/2,C Major
note,67440,78,62:55,D4,D4,0.5021,m3,160,2/2,C Major
note,67440,239,65:55,F4,F4,0.5021,m3,160,2/2,C Major
note,67440,239,68:55,G#4,Ab4,0.5021,d5,160,2/2,C Major
note,67440,479,74:55,D5,D5,0.5021,M2,160,2/2,C Major
note,67680,78,48:57,C3,C3,0.3195,P5,160,2/2,C Major
note,67920,78,55:58,G3,G3,0.5021,P4,160,2/2,C Major
note,67920,78,60:58,C4,C4,0.5021,M3,160,2/2,C Major
note,67920,239,64:58,E4,E4,0.5021,m3,160,2/2,C Major
note,67920,239,67:58,G4,G4,0.5021,P4,160,2/2,C Major
note,67920,479,72:58,C5,C5,0.5021,m2,160,2/2,C Major
note,68160,78,47:60,B2,B2,0.3195,M6,160,2/2,C Major
note,68400,78,56:61,G#3,Ab3,0.5021,P4,160,2/2,C Major
note,68400,78,61:61,C#4,Db4,0.5021,M3,160,2/2,C Major
note,68400,239,65:61,F4,F4,0.5021,m3,160,2/2,C Major
note,68400,239,68:61,G#4,Ab4,0.5021,P4,160,2/2,C Major
note,68400,479,73:61,C#5,Db5,0.5021,m2,160,2/2,C Major
note,68640,78,48:63,C3,C3,0.3195,P5,160,2/2,C Major
note,68880,78,55:64,G3,G3,0.5021,P4,160,2/2,C Major
note,68880,78,60:64,C4,C4,0.5021,M3,160,2/2,C Major
note,68880,239,64:64,E4,E4,0.5021,m3,160,2/2,C Major
note,68880,239,67:64,G4,G4,0.5021,P4,160,2/2,C Major
note,68880,479,72:64,C5,C5,0.5021,m2,160,2/2,C Major
note,69120,78,47:64,B2,B2,0.3195,M6,160,2/2,C Major
note,69360,78,56:64,G#3,Ab3,0.5021,d5,160,2/2,C Major
note,69360,78,62:64,D4,D4,0.5021,m3,160,2/2,C Major
note,69360,239,65:64,F4,F4,0.5021,m3,160,2/2,C Major
note,69360,239,68:64,G#4,Ab4,0.5021,d5,160,2/2,C Major
note,69360,479,74:64,D5,D5,0.5021,M2,160,2/2,C Major
note,69600,78,48:64,C3,C3,0.3195,P5,160,2/2,C Major
note,69840,78,55:64,G3,G3,0.5021,P4,160,2/2,C Major
note,69840,78,60:64,C4,C4,0.5021,M3,160,2/2,C Major
note,69840,239,64:64,E4,E4,0.5021,m3,160,2/2,C Major
note,69840,239,67:64,G4,G4,0.5021,P4,160,2/2,C Major
note,69840,479,72:64,C5,C5,0.5021,m2,160,2/2,C Major
note,70080,78,47:64,B2,B2,0.3195,M6,160,2/2,C Major
note,70320,78,56:64,G#3,Ab3,0.5021,d5,160,2/2,C Major
note,70320,78,62:64,D4,D4,0.5021,m3,160,2/2,C Major
note,70320,239,65:64,F4,F4,0.5021,m3,160,2/2,C Major
note,70320,239,68:64,G#4,Ab4,0.5021,d5,160,2/2,C Major
note,70320,479,74:64,D5,D5,0.5021,M2,160,2/2,C Major
note,70560,78,48:62,C3,C3,0.3195,P5,160,2/2,C Major
note,70800,78,55:61,G3,G3,0.5021,P4,160,2/2,C Major
note,70800,78,60:61,C4,C4,0.5021,M3,160,2/2,C Major
note,70800,239,64:61,E4,E4,0.5021,m3,160,2/2,C Major
note,70800,239,67:61,G4,G4,0.5021,P4,160,2/2,C Major
note,70800,479,72:61,C5,C5,0.5021,m2,160,2/2,C Major
note,71040,78,47:59,B2,B2,0.3195,M6,160,2/2,C Major
note,71280,78,56:58,G#3,Ab3,0.5021,P4,160,2/2,C Major
note,71280,78,61:58,C#4,Db4,0.5021,M3,160,2/2,C Major
note,71280,239,65:58,F4,F4,0.5021,m3,160,2/2,C Major
note,71280,239,68:58,G#4,Ab4,0.5021,P4,160,2/2,C Major
note,71280,479,73:58,C#5,Db5,0.5021,m2,160,2/2,C Major
note,71520,78,48:57,C3,C3,0.3195,P5,160,2/2,C Major
note,71760,78,55:56,G3,G3,0.5021,P4,160,2/2,C Major
note,71760,78,60:56,C4,C4,0.5021,M3,160,2/2,C Major
note,71760,239,64:56,E4,E4,0.5021,m3,160,2/2,C Major
note,71760,239,67:56,G4,G4,0.5021,P4,160,2/2,C Major
note,71760,479,72:56,C5,C5,0.5021,m2,160,2/2,C Major
note,72000,78,47:55,B2,B2,0.3195,M6,160,2/2,C Major
note,72240,78,56:54,G#3,Ab3,0.5021,d5,160,2/2,C Major
note,72240,78,62:54,D4,D4,0.5021,m3,160,2/2,C Major
note,72240,239,65:54,F4,F4,0.5021,m3,160,2/2,C Major
note,72240,239,68:54,G#4,Ab4,0.5021,d5,160,2/2,C Major
note,72240,479,74:54,D5,D5,0.5021,M2,160,2/2,C Major
note,72480,78,48:52,C3,C3,0.3195,M6,160,2/2,C Major
note,72720,78,57:51,A3,A3,0.5477,d5,160,2/2,C Major
note,72720,78,63:51,D#4,Eb4,0.5477,m3,160,2/2,C Major
note,72720,239,66:51,F#4,Gb4,0.5477,m3,160,2/2,C Major
note,72720,239,69:51,A4,A4,0.5477,d5,160,2/2,C Major
note,72720,479,75:51,D#5,Eb5,0.5477,M7,160,2/2,C Major
note,72960,78,40:50,E2,E2,0.3651,P1,160,2/2,C Major
note,73200,78,52:49,E3,E3,0.5477,P5,160,2/2,C Major
note,73200,78,59:49,B3,B3,0.5477,m3,160,2/2,C Major
note,73200,78,62:49,D4,D4,0.5477,M2,160,2/2,C Major
note,73200,239,64:49,E4,E4,0.5477,M3,160,2/2,C Major
note,73200,239,68:49,G#4,Ab4,0.5477,m6,160,2/2,C Major
note,73200,479,76:49,E5,E5,0.5477,P5,160,2/2,C Major
note,73440,78,45:49,A2,A2,0.3195,P5,160,2/2,C Major
note,73680,78,52:49,E3,E3,0.5021,m6,160,2/2,C Major
note,73680,78,60:49,C4,C4,0.5021,M3,160,2/2,C Major
note,73680,78,64:49,E4,E4,0.5021,P4,160,2/2,C Major
note,73680,78,69:49,A4,A4,0.5021,P5,160,2/2,C Major
note,73680,78,76:49,E5,E5,0.5021,M3,160,2/2,C Major
note,73920,78,48:49,C3,C3,0.3195,M6,160,2/2,C Major
note,74160,78,57:49,A3,A3,0.4564,P5,160,2/2,C Major
note,74160,78,64:49,E4,E4,0.4564,P4,160,2/2,C Major
note,74160,239,69:49,A4,A4,0.4564,P5,160,2/2,C Major
note,74160,239,76:49,E5,E5,0.4564,P4,160,2/2,C Major
note,74160,959,81:64,A5,A5,0.4564,m7,160,2/2,C Major
note,74400,78,47:49,B2,B2,0.2739,d5,160,2/2,C Major
note,74640,78,53:49,F3,F3,0.4564,M6,160,2/2,C Major
note,74640,78,62:49,D4,D4,0.4564,P5,160,2/2,C Major
note,74640,239,69:49,A4,A4,0.4564,P4,160,2/2,C Major
note,74640,239,74:49,D5,D5,0.4564,m7,160,2/2,C Major
note,74880,78,52:49,E3,E3,0.3195,P5,160,2/2,C Major
note,75120,78,59:49,B3,B3,0.4564,P4,160,2/2,C Major
note,75120,78,64:49,E4,E4,0.4564,M3,160,2/2,C Major
note,75120,239,68:49,G#4,Ab4,0.4564,m6,160,2/2,C Major
note,75120,239,76:49,E5,E5,0.4564,M3,160,2/2,C Major
note,75120,239,80:49,G#5,Ab5,0.4564,m6,160,2/2,C Major
note,75360,78,48:49,C3,C3,0.2739,M6,160,2/2,C Major
note,75600,78,57:49,A3,A3,0.4564,P5,160,2/2,C Major
note,75600,78,64:49,E4,E4,0.4564,P4,160,2/2,C Major
note,75600,78,69:49,A4,A4,0.4564,P5,160,2/2,C Major
note,75600,78,76:49,E5,E5,0.4564,P5,160,2/2,C Major
note,75840,78,45:49,A2,A2,0.3195,P1,160,2/2,C Major
note,76080,78,57:49,A3,A3,0.4564,P5,160,2/2,C Major
note,76080,78,64:49,E4,E4,0.4564,m6,160,2/2,C Major
note,76080,239,72:49,C5,C5,0.4564,M3,160,2/2,C Major
note,76080,239,76:49,E5,E5,0.4564,m6,160,2/2,C Major
note,76080,959,84:64,C6,C6,0.4564,m7,160,2/2,C Major
note,76320,78,50:49,D3,D3,0.2739,P5,160,2/2,C Major
note,76560,78,57:49,A3,A3,0.4564,m6,160,2/2,C Major
note,76560,78,65:49,F4,F4,0.4564,P5,160,2/2,C Major
note,76560,239,72:49,C5,C5,0.4564,P4,160,2/2,C Major
note,76560,239,77:49,F5,F5,0.4564,m3,160,2/2,C Major
note,76800,78,50:49,D3,D3,0.3195,d5,160,2/2,C Major
note,77040,78,56:49,G#3,Ab3,0.5021,M6,160,2/2,C Major
note,77040,78,65:49,F4,F4,0.5021,d5,160,2/2,C Major
note,77040,239,71:49,B4,B4,0.5021,d5,160,2/2,C Major
note,77040,239,77:49,F5,F5,0.5021,d5,160,2/2,C Major
note,77040,479,83:49,B5,B5,0.5021,M7,160,2/2,C Major
note,77280,78,48:49,C3,C3,0.3195,M6,160,2/2,C Major
note,77520,78,57:49,A3,A3,0.5021,m6,160,2/2,C Major
note,77520,78,65:49,F4,F4,0.5021,M3,160,2/2,C Major
note,77520,239,69:49,A4,A4,0.5021,m6,160,2/2,C Major
note,77520,239,77:49,F5,F5,0.5021,M3,160,2/2,C Major
note,77520,239,81:49,A5,A5,0.5021,M6,160,2/2,C Major
note,77760,78,48:49,C3,C3,0.3195,M6,160,2/2,C Major
note,78000,78,57:54,A3,A3,0.5021,P5,160,2/2,C Major
note,78000,78,64:54,E4,E4,0.5021,P1,160,2/2,C Major
note,78000,159,76:54,E5,E5,0.5021,P4,160,2/2,C Major
note,78000,159,81:54,A5,A5,0.5021,P5,160,2/2,C Major
note,78000,159,88:54,E6,E6,0.5021,P4,160,2/2,C Major
note,78240,78,47:57,B2,B2,0.3195,d5,160,2/2,C Major
note,78480,78,53:59,F3,F3,0.5477,M6,160,2/2,C Major
note,78480,78,62:59,D4,D4,0.5477,P1,160,2/2,C Major
note,78480,159,74:59,D5,D5,0.5477,P5,160,2/2,C Major
note,78480,159,81:59,A5,A5,0.5477,P4,160,2/2,C Major
note,78480,159,86:59,D6,D6,0.5477,m7,160,2/2,C Major
note,78720,78,40:62,E2,E2,0.3651,P1,160,2/2,C Major
note,78960,78,52:64,E3,E3,0.5477,P5,160,2/2,C Major
note,78960,78,59:64,B3,B3,0.5477,m3,160,2/2,C Major
note,78960,78,62:64,D4,D4,0.5477,M2,160,2/2,C Major
note,78960,159,76:64,E5,E5,0.5477,M3,160,2/2,C Major
note,78960,159,80:64,G#5,Ab5,0.5477,m6,160,2/2,C Major
note,78960,159,88:64,E6,E6,0.5477,P5,160,2/2,C Major
note,79200,78,45:64,A2,A2,0.3195,P5,160,2/2,C Major
note,79440,78,52:64,E3,E3,0.5021,m6,160,2/2,C Major
note,79440,78,60:64,C4,C4,0.5021,P1,160,2/2,C Major
note,79440,159,72:64,C5,C5,0.5021,M3,160,2/2,C Major
note,79440,159,76:64,E5,E5,0.5021,m6,160,2/2,C Major
note,79440,159,84:64,C6,C6,0.5021,m2,160,2/2,C Major
note,79680,78,47:60,B2,B2,0.3195,P4,160,2/2,C Major
note,79920,78,52:58,E3,E3,0.5021,m7,160,2/2,C Major
note,79920,78,62:58,D4,D4,0.5021,d5,160,2/2,C Major
note,79920,159,68:58,G#4,Ab4,0.5021,m6,160,2/2,C Major
note,79920,159,76:58,E5,E5,0.5021,M3,160,2/2,C Major
note,79920,159,80:58,G#5,Ab5,0.5021,m6,160,2/2,C Major
note,80160,78,48:55,C3,C3,0.3195,M3,160,2/2,C Major
note,80400,78,52:53,E3,E3,0.5021,P1,160,2/2,C Major
note,80400,78,64:53,E4,E4,0.5021,P4,160,2/2,C Major
note,80400,159,69:53,A4,A4,0.5021,P5,160,2/2,C Major
note,80400,159,76:53,E5,E5,0.5021,P4,160,2/2,C Major
note,80400,159,81:53,A5,A5,0.5021,P1,160,2/2,C Major
note,80640,78,45:51,A2,A2,0.3195,P5,160,2/2,C Major
note,80880,78,52:49,E3,E3,0.5021,m6,160,2/2,C Major
note,80880,78,60:49,C4,C4,0.5021,P1,160,2/2,C Major
note,80880,159,72:58,C5,C5,0.5021,M3,160,2/2,C Major
note,80880,159,76:58,E5,E5,0.5021,m6,160,2/2,C Major
note,80880,159,84:58,C6,C6,0.5021,m6,160,2/2,C Major
note,81120,78,40:49,E2,E2,0.3195,P1,160,2/2,C Major
note,81360,78,52:49,E3,E3,0.5021,m7,160,2/2,C Major
note,81360,78,62:49,D4,D4,0.5021,M6,160,2/2,C Major
note,81360,159,71:58,B4,B4,0.5021,P4,160,2/2,C Major
note,81360,159,76:58,E5,E5,0.5021,P5,160,2/2,C Major
note,81360,159,83:58,B5,B5,0.5021,M2,160,2/2,C Major
note,81600,78,45:53,A2,A2,0.3195,P5,160,2/2,C Major
note,81840,78,52:54,E3,E3,0.5477,m6,160,2/2,C Major
note,81840,78,60:54,C4,C4,0.5477,M6,160,2/2,C Major
note,81840,159,69:58,A4,A4,0.5477,P5,160,2/2,C Major
note,81840,159,76:58,E5,E5,0.5477,P4,160,2/2,C Major
note,81840,159,81:58,A5,A5,0.5477,m7,160,2/2,C Major
note,82080,78,47:56,B2,B2,0.3651,P4,160,2/2,C Major
note,82320,78,52:53,E3,E3,0.5934,M3,160,2/2,C Major
note,82320,78,56:53,G#3,Ab3,0.5934,d5,160,2/2,C Major
note,82320,78,62:53,D4,D4,0.5934,M2,160,2/2,C Major
note,82320,159,64:58,E4,E4,0.5934,P5,160,2/2,C Major
note,82320,159,71:58,B4,B4,0.5934,P4,160,2/2,C Major
note,82320,159,76:58,E5,E5,0.5934,P5,160,2/2,C Major
note,82560,78,45:51,A2,A2,0.3651,P5,160,2/2,C Major
note,82800,78,52:49,E3,E3,0.5934,P4,160,2/2,C Major
note,82800,78,57:49,A3,A3,0.5934,m3,160,2/2,C Major
note,82800,78,60:49,C4,C4,0.5934,M6,160,2/2,C Major
note,82800,159,69:58,A4,A4,0.5934,P5,160,2/2,C Major
note,82800,159,76:58,E5,E5,0.5934,P4,160,2/2,C Major
note,82800,159,81:58,A5,A5,0.5934,P4,160,2/2,C Major
note,83040,78,40:49,E2,E2,0.3651,P1,160,2/2,C Major
note,83280,78,52:49,E3,E3,0.5934,M3,160,2/2,C Major
note,83280,78,56:49,G#3,Ab3,0.5934,d5,160,2/2,C Major
note,83280,78,62:49,D4,D4,0.5934,M6,160,2/2,C Major
note,83280,159,71:58,B4,B4,0.5934,P4,160,2/2,C Major
note,83280,159,76:58,E5,E5,0.5934,P5,160,2/2,C Major
note,83280,159,83:58,B5,B5,0.5934,M2,160,2/2,C Major
note,83520,78,45:53,A2,A2,0.3651,P5,160,2/2,C Major
note,83760,78,52:54,E3,E3,0.5934,P4,160,2/2,C Major
note,83760,78,57:54,A3,A3,0.5934,m3,160,2/2,C Major
note,83760,78,60:54,C4,C4,0.5934,M6,160,2/2,C Major
note,83760,159,69:58,A4,A4,0.5934,P5,160,2/2,C Major
note,83760,159,76:58,E5,E5,0.5934,P4,160,2/2,C Major
note,83760,159,81:58,A5,A5,0.5934,m7,160,2/2,C Major
note,84000,78,47:56,B2,B2,0.3651,P4,160,2/2,C Major
note,84240,78,52:53,E3,E3,0.5934,M3,160,2/2,C Major
note,84240,78,56:53,G#3,Ab3,0.5934,d5,160,2/2,C Major
note,84240,78,62:53,D4,D4,0.5934,M2,160,2/2,C Major
note,84240,159,64:53,E4,E4,0.5934,P5,160,2/2,C Major
note,84240,159,71:53,B4,B4,0.5934,P4,160,2/2,C Major
note,84240,159,76:53,E5,E5,0.5934,P5,160,2/2,C Major
note,84480,78,45:56,A2,A2,0.3651,P5,160,2/2,C Major
note,84720,78,52:58,E3,E3,0.5477,P4,160,2/2,C Major
note,84720,78,57:58,A3,A3,0.5477,m3,160,2/2,C Major
note,84720,78,60:58,C4,C4,0.5477,M6,160,2/2,C Major
note,84720,159,69:58,A4,A4,0.5477,P5,160,2/2,C Major
note,84720,159,76:58,E5,E5,0.5477,P4,160,2/2,C Major
note,84720,159,81:58,A5,A5,0.5477,M2,160,2/2,C Major
note,84960,78,43:59,G2,G2,0.3195,P1,160,2/2,C Major
note,85200,78,55:61,G3,G3,0.5021,M6,160,2/2,C Major
note,85200,78,64:61,E4,E4,0.5021,P5,160,2/2,C Major
note,85200,159,71:61,B4,B4,0.5021,P4,160,2/2,C Major
note,85200,159,76:61,E5,E5,0.5021,P5,160,2/2,C Major
note,85200,159,83:61,B5,B5,0.5021,M2,160,2/2,C Major
note,85440,78,45:62,A2,A2,0.3195,P1,160,2/2,C Major
note,85680,78,57:64,A3,A3,0.5021,P5,160,2/2,C Major
note,85680,78,64:64,E4,E4,0.5021,m6,160,2/2,C Major
note,85680,159,72:64,C5,C5,0.5021,M3,160,2/2,C Major
note,85680,159,76:64,E5,E5,0.5021,m6,160,2/2,C Major
note,85680,159,84:64,C6,C6,0.5021,m2,160,2/2,C Major
note,85920,78,47:64,B2,B2,0.3195,P1,160,2/2,C Major
note,86160,78,59:64,B3,B3,0.5021,P4,160,2/2,C Major
note,86160,78,64:64,E4,E4,0.5021,m3,160,2/2,C Major
note,86160,159,67:64,G4,G4,0.5021,M3,160,2/2,C Major
note,86160,159,71:64,B4,B4,0.5021,m6,160,2/2,C Major
note,86160,159,79:64,G5,G5,0.5021,m6,160,2/2,C Major
note,86400,78,47:58,B2,B2,0.3195,P1,160,2/2,C Major
note,86640,78,59:55,B3,B3,0.5021,M3,160,2/2,C Major
note,86640,78,63:55,D#4,Eb4,0.5021,d5,160,2/2,C Major
note,86640,159,69:55,A4,A4,0.5021,M2,160,2/2,C Major
note,86640,159,71:55,B4,B4,0.5021,P5,160,2/2,C Major
note,86640,159,78:55,F#5,Gb5,0.5021,M2,160,2/2,C Major
note,86880,78,52:52,E3,E3,0.3195,P5,160,2/2,C Major
note,87120,78,59:49,B3,B3,0.5021,P4,160,2/2,C Major
note,87120,78,64:49,E4,E4,0.5021,M3,160,2/2,C Major
note,87120,159,68:58,G#4,Ab4,0.5021,m3,160,2/2,C Major
note,87120,159,71:58,B4,B4,0.5021,P4,160,2/2,C Major
note,87120,159,76:58,E5,E5,0.5021,m2,160,2/2,C Major
note,87360,78,51:49,D#3,Eb3,0.3195,M6,160,2/2,C Major
note,87600,78,60:49,C4,C4,0.5477,d5,160,2/2,C Major
note,87600,78,66:49,F#4,Gb4,0.5477,m3,160,2/2,C Major
note,87600,159,69:58,A4,A4,0.5477,m3,160,2/2,C Major
note,87600,159,72:58,C5,C5,0.5477,d5,160,2/2,C Major
note,87600,159,78:58,F#5,Gb5,0.5477,M3,160,2/2,C Major
note,87840,78,50:49,D3,D3,0.3651,M6,160,2/2,C Major
note,88080,78,59:49,B3,B3,0.5934,d5,160,2/2,C Major
note,88080,78,65:49,F4,F4,0.5934,M2,160,2/2,C Major
note,88080,159,67:58,G4,G4,0.5934,M3,160,2/2,C Major
note,88080,159,71:58,B4,B4,0.5934,d5,160,2/2,C Major
note,88080,159,77:58,F5,F5,0.5934,M2,160,2/2,C Major
note,88080,159,79:58,G5,G5,0.5934,m3,160,2/2,C Major
note,88320,78,40:49,E2,E2,0.3651,P5,160,2/2,C Major
note,88560,78,59:49,B3,B3,0.5934,P4,160,2/2,C Major
note,88560,78,64:49,E4,E4,0.5934,M3,160,2/2,C Major
note,88560,159,68:58,G#4,Ab4,0.5934,d5,160,2/2,C Major
note,88560,159,74:58,D5,D5,0.5934,M2,160,2/2,C Major
note,88560,159,76:58,E5,E5,0.5934,M3,160,2/2,C Major
note,88560,159,80:58,G#5,Ab5,0.5934,M7,160,2/2,C Major
note,88800,78,45:49,A2,A2,0.3651,P1,160,2/2,C Major
note,89040,78,57:49,A3,A3,0.5477,P5,160,2/2,C Major
note,89040,78,64:49,E4,E4,0.5477,P4,160,2/2,C Major
note,89040,159,69:58,A4,A4,0.5477,m3,160,2/2,C Major
note,89040,159,72:58,C5,C5,0.5477,M3,160,2/2,C Major
note,89040,159,76:58,E5,E5,0.5477,P4,160,2/2,C Major
note,89040,159,81:58,A5,A5,0.5477,M6,160,2/2,C Major
note,89280,78,48:49,C3,C3,0.3195,M6,160,2/2,C Major
note,89520,78,57:49,A3,A3,0.4564,P5,160,2/2,C Major
note,89520,78,64:49,E4,E4,0.4564,P4,160,2/2,C Major
note,89520,239,69:49,A4,A4,0.4564,P5,160,2/2,C Major
note,89520,239,76:49,E5,E5,0.4564,P4,160,2/2,C Major
note,89520,959,81:64,A5,A5,0.4564,m7,160,2/2,C Major
note,89760,78,47:49,B2,B2,0.2739,d5,160,2/2,C Major
note,90000,78,53:49,F3,F3,0.4564,M6,160,2/2,C Major
note,90000,78,62:49,D4,D4,0.4564,P5,160,2/2,C Major
note,90000,239,69:49,A4,A4,0.4564,P4,160,2/2,C Major
note,90000,239,74:49,D5,D5,0.4564,m7,160,2/2,C Major
note,90240,78,52:49,E3,E3,0.3195,P5,160,2/2,C Major
note,90480,78,59:49,B3,B3,0.5021,P4,160,2/2,C Major
note,90480,78,64:49,E4,E4,0.5021,M3,160,2/2,C Major
note,90480,239,68:49,G#4,Ab4,0.5021,m6,160,2/2,C Major
note,90480,239,76:49,E5,E5,0.5021,M3,160,2/2,C Major
note,90480,479,80:49,G#5,Ab5,0.5021,m6,160,2/2,C Major
note,90720,78,48:49,C3,C3,0.3195,M6,160,2/2,C Major
note,90960,78,57:49,A3,A3,0.5021,P5,160,2/2,C Major
note,90960,78,64:49,E4,E4,0.5021,P4,160,2/2,C Major
note,90960,239,69:49,A4,A4,0.5021,P5,160,2/2,C Major
note,90960,239,76:49,E5,E5,0.5021,P4,160,2/2,C Major
note,90960,479,81:49,A5,A5,0.5021,P1,160,2/2,C Major
note,91200,78,45:49,A2,A2,0.3195,P1,160,2/2,C Major
note,91440,78,57:49,A3,A3,0.4564,P5,160,2/2,C Major
note,91440,78,64:49,E4,E4,0.4564,m6,160,2/2,C Major
note,91440,239,72:49,C5,C5,0.4564,M3,160,2/2,C Major
note,91440,239,76:49,E5,E5,0.4564,m6,160,2/2,C Major
note,91440,959,84:64,C6,C6,0.4564,m7,160,2/2,C Major
note,91680,78,50:49,D3,D3,0.2739,P5,160,2/2,C Major
note,91920,78,57:49,A3,A3,0.4564,m6,160,2/2,C Major
note,91920,78,65:49,F4,F4,0.4564,P5,160,2/2,C Major
note,91920,239,72:49,C5,C5,0.4564,P4,160,2/2,C Major
note,91920,239,77:49,F5,F5,0.4564,m3,160,2/2,C Major
note,92160,78,50:49,D3,D3,0.3195,d5,160,2/2,C Major
note,92400,78,56:49,G#3,Ab3,0.5021,M6,160,2/2,C Major
note,92400,78,65:49,F4,F4,0.5021,d5,160,2/2,C Major
note,92400,239,71:49,B4,B4,0.5021,d5,160,2/2,C Major
note,92400,239,77:49,F5,F5,0.5021,d5,160,2/2,C Major
note,92400,479,83:49,B5,B5,0.5021,M7,160,2/2,C Major
note,92640,78,48:49,C3,C3,0.3195,M6,160,2/2,C Major
note,92880,78,57:49,A3,A3,0.5021,m6,160,2/2,C Major
note,92880,78,65:49,F4,F4,0.5021,M3,160,2/2,C Major
note,92880,239,69:49,A4,A4,0.5021,m6,160,2/2,C Major
note,92880,239,77:49,F5,F5,0.5021,M3,160,2/2,C Major
note,92880,239,81:49,A5,A5,0.5021,M6,160,2/2,C Major
note,93120,78,48:49,C3,C3,0.3195,M6,160,2/2,C Major
note,93360,78,57:49,A3,A3,0.5021,P5,160,2/2,C Major
note,93360,78,64:49,E4,E4,0.5021,P1,160,2/2,C Major
note,93360,239,76:49,E5,E5,0.5021,P4,160,2/2,C Major
note,93360,239,81:49,A5,A5,0.5021,P5,160,2/2,C Major
note,93360,479,88:49,E6,E6,0.5021,P4,160,2/2,C Major
note,93600,78,47:55,B2,B2,0.3195,d5,160,2/2,C Major
note,93840,78,53:58,F3,F3,0.5477,M6,160,2/2,C Major
note,93840,78,62:58,D4,D4,0.5477,P1,160,2/2,C Major
note,93840,239,74:58,D5,D5,0.5477,P5,160,2/2,C Major
note,93840,239,81:58,A5,A5,0.5477,P4,160,2/2,C Major
note,93840,479,86:58,D6,D6,0.5477,m7,160,2/2,C Major
note,94080,78,40:61,E2,E2,0.3651,P1,160,2/2,C Major
note,94320,78,52:64,E3,E3,0.5934,P5,160,2/2,C Major
note,94320,78,59:64,B3,B3,0.5934,m3,160,2/2,C Major
note,94320,78,62:64,D4,D4,0.5934,M2,160,2/2,C Major
note,94320,239,76:64,E5,E5,0.5934,M3,160,2/2,C Major
note,94320,239,80:64,G#5,Ab5,0.5934,m6,160,2/2,C Major
note,94320,479,88:64,E6,E6,0.5934,P5,160,2/2,C Major
note,94560,78,45:60,A2,A2,0.3651,P5,160,2/2,C Major
note,94800,78,52:58,E3,E3,0.5934,P4,160,2/2,C Major
note,94800,78,57:58,A3,A3,0.5934,m3,160,2/2,C Major
note,94800,78,60:58,C4,C4,0.5934,P1,160,2/2,C Major
note,94800,239,72:58,C5,C5,0.5934,M3,160,2/2,C Major
note,94800,239,76:58,E5,E5,0.5934,m6,160,2/2,C Major
note,94800,479,84:58,C6,C6,0.5934,m2,160,2/2,C Major
note,95040,78,47:57,B2,B2,0.3651,P4,160,2/2,C Major
note,95280,78,52:55,E3,E3,0.5934,M3,160,2/2,C Major
note,95280,78,56:55,G#3,Ab3,0.5934,d5,160,2/2,C Major
note,95280,78,62:55,D4,D4,0.5934,M6,160,2/2,C Major
note,95280,239,71:55,B4,B4,0.5934,P4,160,2/2,C Major
note,95280,239,76:55,E5,E5,0.5934,P5,160,2/2,C Major
note,95280,479,83:55,B5,B5,0.5934,M7,160,2/2,C Major
note,95520,78,48:53,C3,C3,0.3651,M3,160,2/2,C Major
note,95760,78,52:51,E3,E3,0.5477,P4,160,2/2,C Major
note,95760,78,57:51,A3,A3,0.5477,P5,160,2/2,C Major
note,95760,78,64:51,E4,E4,0.5477,P4,160,2/2,C Major
note,95760,239,69:51,A4,A4,0.5477,P5,160,2/2,C Major
note,95760,239,76:51,E5,E5,0.5477,P4,160,2/2,C Major
note,95760,719,81:51,A5,A5,0.5477,P1,160,2/2,C Major
note,96000,78,45:49,A2,A2,0.3195,P5,160,2/2,C Major
note,96240,78,52:49,E3,E3,0.5021,P4,160,2/2,C Major
note,96240,78,57:49,A3,A3,0.5021,m3,160,2/2,C Major
note,96240,78,60:49,C4,C4,0.5021,P1,160,2/2,C Major
note,96240,239,72:49,C5,C5,0.5021,M3,160,2/2,C Major
note,96240,239,76:49,E5,E5,0.5021,P1,160,2/2,C Major
note,96480,78,40:49,E2,E2,0.3195,P1,160,2/2,C Major
note,96720,78,52:49,E3,E3,0.5021,m7,160,2/2,C Major
note,96720,78,62:49,D4,D4,0.5021,M6,160,2/2,C Major
note,96720,239,71:49,B4,B4,0.5021,P4,160,2/2,C Major
note,96720,239,76:49,E5,E5,0.5021,P5,160,2/2,C Major
note,96720,479,83:49,B5,B5,0.5021,M2,160,2/2,C Major
note,96960,78,45:53,A2,A2,0.3195,P5,160,2/2,C Major
note,97200,78,52:54,E3,E3,0.5477,m6,160,2/2,C Major
note,97200,78,60:54,C4,C4,0.5477,M6,160,2/2,C Major
note,97200,239,69:49,A4,A4,0.5477,P5,160,2/2,C Major
note,97200,239,76:49,E5,E5,0.5477,P4,160,2/2,C Major
note,97200,479,81:49,A5,A5,0.5477,m7,160,2/2,C Major
note,97440,78,47:56,B2,B2,0.3651,P4,160,2/2,C Major
note,97680,78,52:53,E3,E3,0.5934,M3,160,2/2,C Major
note,97680,78,56:53,G#3,Ab3,0.5934,d5,160,2/2,C Major
note,97680,78,62:53,D4,D4,0.5934,M2,160,2/2,C Major
note,97680,239,64:49,E4,E4,0.5934,P5,160,2/2,C Major
note,97680,239,71:49,B4,B4,0.5934,P4,160,2/2,C Major
note,97680,479,76:49,E5,E5,0.5934,P5,160,2/2,C Major
note,97920,78,45:51,A2,A2,0.3651,P5,160,2/2,C Major
note,98160,78,52:49,E3,E3,0.5477,P4,160,2/2,C Major
note,98160,78,57:49,A3,A3,0.5477,m3,160,2/2,C Major
note,98160,78,60:49,C4,C4,0.5477,M6,160,2/2,C Major
note,98160,239,69:49,A4,A4,0.5477,P5,160,2/2,C Major
note,98160,239,76:49,E5,E5,0.5477,P4,160,2/2,C Major
note,98160,479,81:49,A5,A5,0.5477,P4,160,2/2,C Major
note,98400,78,40:49,E2,E2,0.3195,P1,160,2/2,C Major
note,98640,78,52:49,E3,E3,0.5021,m7,160,2/2,C Major
note,98640,78,62:49,D4,D4,0.5021,M6,160,2/2,C Major
note,98640,239,71:49,B4,B4,0.5021,P4,160,2/2,C Major
note,98640,239,76:49,E5,E5,0.5021,P5,160,2/2,C Major
note,98640,479,83:49,B5,B5,0.5021,M2,160,2/2,C Major
note,98880,78,45:49,A2,A2,0.3195,P5,160,2/2,C Major
note,99120,78,52:49,E3,E3,0.5477,m6,160,2/2,C Major
note,99120,78,60:49,C4,C4,0.5477,M6,160,2/2,C Major
note,99120,239,69:49,A4,A4,0.5477,P5,160,2/2,C Major
note,99120,239,76:49,E5,E5,0.5477,P4,160,2/2,C Major
note,99120,479,81:49,A5,A5,0.5477,m7,160,2/2,C Major
note,99360,78,47:49,B2,B2,0.3651,P4,160,2/2,C Major
note,99600,78,52:57,E3,E3,0.5477,M3,160,2/2,C Major
note,99600,78,56:57,G#3,Ab3,0.5477,d5,160,2/2,C Major
note,99600,78,62:57,D4,D4,0.5477,M2,160,2/2,C Major
note,99600,239,64:57,E4,E4,0.5477,P5,160,2/2,C Major
note,99600,239,71:57,B4,B4,0.5477,P4,160,2/2,C Major
note,99600,479,76:57,E5,E5,0.5477,m3,160,2/2,C Major
note,99840,78,49:60,C#3,Db3,0.3651,M6,160,2/2,C Major
note,100080,78,58:64,A#3,Bb3,0.5477,d5,160,2/2,C Major
note,100080,78,64:64,E4,E4,0.5477,m3,160,2/2,C Major
note,100080,239,67:64,G4,G4,0.5477,m3,160,2/2,C Major
note,100080,239,70:64,A#4,Bb4,0.5477,M6,160,2/2,C Major
note,100080,239,79:64,G5,G5,0.5477,P4,160,2/2,C Major
note,100320,0,50:64,D3,D3,0.3651,P1,160,2/2,C Major
note,100320,959,50:64,D3,D3,0.3651,m6,160,2/2,C Major
note,100560,78,58:64,A#3,Bb3,0.5021,M3,160,2/2,C Major
note,100560,78,62:64,D4,D4,0.5021,M3,160,2/2,C Major
note,100560,239,66:64,F#4,Gb4,0.5021,M3,160,2/2,C Major
note,100560,239,70:64,A#4,Bb4,0.5021,m6,160,2/2,C Major
note,100560,479,78:64,F#5,Gb5,0.5021,m2,160,2/2,C Major
note,100800,78,53:61,F3,F3,0.3195,P4,160,2/2,C Major
note,101040,78,58:58,A#3,Bb3,0.5021,M3,160,2/2,C Major
note,101040,78,62:58,D4,D4,0.5021,m3,160,2/2,C Major
note,101040,239,65:58,F4,F4,0.5021,P4,160,2/2,C Major
note,101040,239,70:58,A#4,Bb4,0.5021,P5,160,2/2,C Major
note,101040,479,77:58,F5,F5,0.5021,m3,160,2/2,C Major
note,101280,78,38:55,D2,D2,0.3195,m3,160,2/2,C Major
note,101520,78,53:53,F3,F3,0.5021,P4,160,2/2,C Major
note,101520,78,58:53,A#3,Bb3,0.5021,P5,160,2/2,C Major
note,101520,239,65:53,F4,F4,0.5021,P4,160,2/2,C Major
note,101520,239,70:53,A#4,Bb4,0.5021,M3,160,2/2,C Major
note,101520,479,74:53,D5,D5,0.5021,m7,160,2/2,C Major
note,101760,78,40:51,E2,E2,0.3195,P1,160,2/2,C Major
note,102000,78,52:50,E3,E3,0.4564,P5,160,2/2,C Major
note,102000,78,59:50,B3,B3,0.4564,m3,160,2/2,C Major
note,102000,479,62:50,D4,D4,0.4564,d5,160,2/2,C Major
note,102000,479,68:50,G#4,Ab4,0.4564,m3,160,2/2,C Major
note,102000,479,71:50,B4,B4,0.4564,M2,160,2/2,C Major
note,102240,78,45:49,A2,A2,0.2739,P5,160,2/2,C Major
note,102480,78,52:49,E3,E3,0.4108,P4,160,2/2,C Major
note,102480,78,57:49,A3,A3,0.4108,m3,160,2/2,C Major
note,102480,239,60:49,C4,C4,0.4108,M6,160,2/2,C Major
note,102480,2399,69:73,A4,A4,0.4108,P5,160,2/2,C Major
note,102720,78,50:49,D3,D3,0.2739,m3,160,2/2,C Major
note,102960,78,53:49,F3,F3,0.4108,M3,160,2/2,C Major
note,102960,78,57:49,A3,A3,0.4108,P4,160,2/2,C Major
note,102960,239,62:49,D4,D4,0.4108,m3,160,2/2,C Major
note,102960,239,65:49,F4,F4,0.4108,m6,160,2/2,C Major
note,103200,78,45:49,A2,A2,0.2739,P5,160,2/2,C Major
note,103440,78,52:49,E3,E3,0.4108,P4,160,2/2,C Major
note,103440,78,57:49,A3,A3,0.4108,m3,160,2/2,C Major
note,103440,239,60:49,C4,C4,0.4108,M3,160,2/2,C Major
note,103440,239,64:49,E4,E4,0.4108,M2,160,2/2,C Major
note,103680,78,50:49,D3,D3,0.2739,m3,160,2/2,C Major
note,103920,78,53:49,F3,F3,0.4108,M3,160,2/2,C Major
note,103920,78,57:49,A3,A3,0.4108,P4,160,2/2,C Major
note,103920,239,62:49,D4,D4,0.4108,m3,160,2/2,C Major
note,103920,239,65:49,F4,F4,0.4108,m6,160,2/2,C Major
note,104160,78,45:33,A2,A2,0.2739,P5,160,2/2,C Major
note,104400,78,52:33,E3,E3,0.4564,P4,160,2/2,C Major
note,104400,78,57:33,A3,A3,0.4564,m3,160,2/2,C Major
note,104400,479,60:33,C4,C4,0.4564,M3,160,2/2,C Major
note,104400,479,64:33,E4,E4,0.4564,M3,160,2/2,C Major
note,104640,78,36:33,C2,C2,0.3195,M3,160,2/2,C Major
note,104880,78,52:33,E3,E3,0.5021,P4,160,2/2,C Major
note,104880,78,57:33,A3,A3,0.5021,P5,160,2/2,C Major
note,104880,479,64:33,E4,E4,0.5021,P4,160,2/2,C Major
note,104880,479,69:33,A4,A4,0.5021,P5,160,2/2,C Major
note,104880,479,76:33,E5,E5,0.5021,M2,160,2/2,C Major
note,105120,78,38:33,D2,D2,0.3195,m3,160,2/2,C Major
note,105360,78,53:33,F3,F3,0.5021,P4,160,2/2,C Major
note,105360,78,58:33,A#3,Bb3,0.5021,P5,160,2/2,C Major
note,105360,479,65:33,F4,F4,0.5021,P4,160,2/2,C Major
note,105360,479,70:33,A#4,Bb4,0.5021,M3,160,2/2,C Major
note,105360,479,74:33,D5,D5,0.5021,m7,160,2/2,C Major
note,105600,78,40:33,E2,E2,0.3195,P1,160,2/2,C Major
note,105840,78,52:49,E3,E3,0.4564,P5,160,2/2,C Major
note,105840,78,59:49,B3,B3,0.4564,m3,160,2/2,C Major
note,105840,479,62:49,D4,D4,0.4564,d5,160,2/2,C Major
note,105840,479,68:49,G#4,Ab4,0.4564,m3,160,2/2,C Major
note,105840,479,71:49,B4,B4,0.4564,M2,160,2/2,C Major
note,106080,78,45:49,A2,A2,0.2739,P5,160,2/2,C Major
note,106320,78,52:49,E3,E3,0.4108,P4,160,2/2,C Major
note,106320,78,57:49,A3,A3,0.4108,m3,160,2/2,C Major
note,106320,239,60:49,C4,C4,0.4108,M6,160,2/2,C Major
note,106320,2399,69:49,A4,A4,0.4108,P5,160,2/2,C Major
note,106560,78,50:49,D3,D3,0.2739,m3,160,2/2,C Major
note,106800,78,53:49,F3,F3,0.4108,M3,160,2/2,C Major
note,106800,78,57:49,A3,A3,0.4108,P4,160,2/2,C Major
note,106800,239,62:49,D4,D4,0.4108,m3,160,2/2,C Major
note,106800,239,65:49,F4,F4,0.4108,m6,160,2/2,C Major
note,107040,78,45:49,A2,A2,0.2739,P5,160,2/2,C Major
note,107280,78,52:49,E3,E3,0.4108,P4,160,2/2,C Major
note,107280,78,57:49,A3,A3,0.4108,m3,160,2/2,C Major
note,107280,239,60:49,C4,C4,0.4108,M3,160,2/2,C Major
note,107280,239,64:49,E4,E4,0.4108,M2,160,2/2,C Major
note,107520,78,50:49,D3,D3,0.2739,m3,160,2/2,C Major
note,107760,78,53:49,F3,F3,0.4108,M3,160,2/2,C Major
note,107760,78,57:49,A3,A3,0.4108,P4,160,2/2,C Major
note,107760,239,62:49,D4,D4,0.4108,m3,160,2/2,C Major
note,107760,239,65:49,F4,F4,0.4108,m6,160,2/2,C Major
note,108000,78,45:49,A2,A2,0.2739,P5,160,2/2,C Major
note,108240,78,52:49,E3,E3,0.4564,P4,160,2/2,C Major
note,108240,78,57:49,A3,A3,0.4564,m3,160,2/2,C Major
note,108240,239,60:49,C4,C4,0.4564,M3,160,2/2,C Major
note,108240,239,64:49,E4,E4,0.4564,M3,160,2/2,C Major
note,108480,78,48:96,C3,C3,0.3195,M3,160,2/2,C Major
note,108720,78,52:96,E3,E3,0.5021,m6,160,2/2,C Major
note,108720,78,60:96,C4,C4,0.5021,M3,160,2/2,C Major
note,108720,239,64:96,E4,E4,0.5021,P4,160,2/2,C Major
note,108720,239,69:96,A4,A4,0.5021,P5,160,2/2,C Major
note,108720,479,76:96,E5,E5,0.5021,P4,160,2/2,C Major
note,108960,78,47:96,B2,B2,0.3195,P1,160,2/2,C Major
note,109200,78,59:101,B3,B3,0.5021,P5,160,2/2,C Major
note,109200,78,66:101,F#4,Gb4,0.5021,m3,160,2/2,C Major
note,109200,239,69:101,A4,A4,0.5021,d5,160,2/2,C Major
note,109200,239,75:101,D#5,Eb5,0.5021,d5,160,2/2,C Major
note,109200,479,81:101,A5,A5,0.5021,P4,160,2/2,C Major
note,109440,78,52:103,E3,E3,0.3195,P5,160,2/2,C Major
note,109680,78,59:105,B3,B3,0.5021,P4,160,2/2,C Major
note,109680,78,64:105,E4,E4,0.5021,M3,160,2/2,C Major
note,109680,239,68:105,G#4,Ab4,0.5021,m6,160,2/2,C Major
note,109680,239,76:105,E5,E5,0.5021,M3,160,2/2,C Major
note,109680,479,80:105,G#5,Ab5,0.5021,M7,160,2/2,C Major
note,109920,78,45:105,A2,A2,0.3195,P1,160,2/2,C Major
note,110160,78,57:93,A3,A3,0.5021,P5,160,2/2,C Major
note,110160,78,64:93,E4,E4,0.5021,m3,160,2/2,C Major
note,110160,239,67:93,G4,G4,0.5021,d5,160,2/2,C Major
note,110160,239,73:93,C#5,Db5,0.5021,d5,160,2/2,C Major
note,110160,479,79:93,G5,G5,0.5021,P4,160,2/2,C Major
note,110400,78,50:87,D3,D3,0.3195,P5,160,2/2,C Major
note,110640,78,57:81,A3,A3,0.5021,P4,160,2/2,C Major
note,110640,78,62:81,D4,D4,0.5021,M3,160,2/2,C Major
note,110640,239,66:81,F#4,Gb4,0.5021,m6,160,2/2,C Major
note,110640,239,74:81,D5,D5,0.5021,M3,160,2/2,C Major
note,110640,479,78:81,F#5,Gb5,0.5021,M3,160,2/2,C Major
note,110880,78,38:75,D2,D2,0.3195,m3,160,2/2,C Major
note,111120,78,53:69,F3,F3,0.5021,P4,160,2/2,C Major
note,111120,78,58:69,A#3,Bb3,0.5021,P5,160,2/2,C Major
note,111120,239,65:69,F4,F4,0.5021,P4,160,2/2,C Major
note,111120,239,70:69,A#4,Bb4,0.5021,P5,160,2/2,C Major
note,111120,479,77:69,F5,F5,0.5021,m2,160,2/2,C Major
note,111360,78,40:63,E2,E2,0.3195,P1,160,2/2,C Major
note,111600,78,52:57,E3,E3,0.5021,P5,160,2/2,C Major
note,111600,78,59:57,B3,B3,0.5021,m3,160,2/2,C Major
note,111600,239,62:57,D4,D4,0.5021,d5,160,2/2,C Major
note,111600,239,68:57,G#4,Ab4,0.5021,m3,160,2/2,C Major
note,111600,479,71:57,B4,B4,0.5021,M2,160,2/2,C Major
note,111840,78,45:51,A2,A2,0.3195,P5,160,2/2,C Major
note,112080,78,52:45,E3,E3,0.4564,P4,160,2/2,C Major
note,112080,78,57:45,A3,A3,0.4564,m3,160,2/2,C Major
note,112080,239,60:45,C4,C4,0.4564,M3,160,2/2,C Major
note,112080,239,64:45,E4,E4,0.4564,P4,160,2/2,C Major
note,112080,479,69:45,A4,A4,0.4564,P5,160,2/2,C Major
note,112320,78,50:39,D3,D3,0.2739,m3,160,2/2,C Major
note,112560,78,53:33,F3,F3,0.4108,M3,160,2/2,C Major
note,112560,78,57:33,A3,A3,0.4108,P4,160,2/2,C Major
note,112560,239,62:33,D4,D4,0.4108,m3,160,2/2,C Major
note,112560,959,65:33,F4,F4,0.4108,m3,160,2/2,C Major
note,112800,78,38:33,D2,D2,0.2739,m3,160,2/2,C Major
note,113040,78,53:33,F3,F3,0.4564,P4,160,2/2,C Major
note,113040,78,58:33,A#3,Bb3,0.4564,P1,160,2/2,C Major
note,113040,479,70:33,A#4,Bb4,0.4564,M3,160,2/2,C Major
note,113040,479,74:33,D5,D5,0.4564,m7,160,2/2,C Major
note,113280,78,40:33,E2,E2,0.3195,P1,160,2/2,C Major
note,113520,78,52:33,E3,E3,0.4564,P5,160,2/2,C Major
note,113520,78,59:33,B3,B3,0.4564,m3,160,2/2,C Major
note,113520,479,62:33,D4,D4,0.4564,d5,160,2/2,C Major
note,113520,479,68:33,G#4,Ab4,0.4564,m3,160,2/2,C Major
note,113520,479,71:33,B4,B4,0.4564,d5,160,2/2,C Major
note,113760,78,41:33,F2,F2,0.2739,P1,160,2/2,C Major
note,114000,78,53:48,F3,F3,0.4564,M3,160,2/2,C Major
note,114000,78,57:48,A3,A3,0.4564,m3,160,2/2,C Major
note,114000,479,60:48,C4,C4,0.4564,M6,160,2/2,C Major
note,114000,479,69:48,A4,A4,0.4564,M6,160,2/2,C Major
note,114240,78,36:64,C2,C2,0.3195,P1,160,2/2,C Major
note,114480,78,48:80,C3,C3,0.5021,M6,160,2/2,C Major
note,114480,78,57:80,A3,A3,0.5021,P5,160,2/2,C Major
note,114480,479,64:80,E4,E4,0.5021,P4,160,2/2,C Major
note,114480,479,69:80,A4,A4,0.5021,P5,160,2/2,C Major
note,114480,479,76:80,E5,E5,0.5021,M2,160,2/2,C Major
note,114720,78,38:80,D2,D2,0.3195,P1,160,2/2,C Major
note,114960,78,50:80,D3,D3,0.4564,m6,160,2/2,C Major
note,114960,78,58:80,A#3,Bb3,0.4564,P5,160,2/2,C Major
note,114960,479,65:80,F4,F4,0.4564,P4,160,2/2,C Major
note,114960,479,70:80,A#4,Bb4,0.4564,M3,160,2/2,C Major
note,114960,479,74:80,D5,D5,0.4564,m7,160,2/2,C Major
note,115200,78,40:80,E2,E2,0.2739,P1,160,2/2,C Major
note,115440,78,52:80,E3,E3,0.4108,P5,160,2/2,C Major
note,115440,78,59:80,B3,B3,0.4108,m3,160,2/2,C Major
note,115440,479,62:80,D4,D4,0.4108,d5,160,2/2,C Major
note,115440,479,68:80,G#4,Ab4,0.4108,M7,160,2/2,C Major
note,115680,78,45:80,A2,A2,0.2739,P5,160,2/2,C Major
note,115920,78,52:80,E3,E3,0.4108,P4,160,2/2,C Major
note,115920,78,57:80,A3,A3,0.4108,m3,160,2/2,C Major
note,115920,239,60:80,C4,C4,0.4108,M6,160,2/2,C Major
note,115920,959,69:80,A4,A4,0.4108,P5,160,2/2,C Major
note,116160,78,50:80,D3,D3,0.2739,m3,160,2/2,C Major
note,116400,78,53:80,F3,F3,0.4564,M3,160,2/2,C Major
note,116400,78,57:80,A3,A3,0.4564,P4,160,2/2,C Major
note,116400,239,62:80,D4,D4,0.4564,m3,160,2/2,C Major
note,116400,239,65:80,F4,F4,0.4564,m6,160,2/2,C Major
note,116640,78,45:80,A2,A2,0.3195,P5,160,2/2,C Major
note,116880,78,52:80,E3,E3,0.5021,P4,160,2/2,C Major
note,116880,78,57:80,A3,A3,0.5021,m3,160,2/2,C Major
note,116880,239,60:80,C4,C4,0.5021,M3,160,2/2,C Major
note,116880,239,64:80,E4,E4,0.5021,m6,160,2/2,C Major
note,116880,479,72:80,C5,C5,0.5021,m7,160,2/2,C Major
note,117120,78,50:80,D3,D3,0.3195,m3,160,2/2,C Major
note,117360,78,53:80,F3,F3,0.5021,M3,160,2/2,C Major
note,117360,78,57:80,A3,A3,0.5021,P4,160,2/2,C Major
note,117360,239,62:80,D4,D4,0.5021,m3,160,2/2,C Major
note,117360,239,65:80,F4,F4,0.5021,P4,160,2/2,C Major
note,117360,479,70:80,A#4,Bb4,0.5021,m2,160,2/2,C Major
note,117600,78,45:80,A2,A2,0.3195,P5,160,2/2,C Major
tempo,117840,0,387097,155,,,,,,
note,117840,78,52:80,E3,E3,0.4564,P4,155,2/2,C Major
note,117840,78,57:80,A3,A3,0.4564,m3,155,2/2,C Major
note,117840,239,60:80,C4,C4,0.4564,M3,155,2/2,C Major
note,117840,239,64:80,E4,E4,0.4564,P4,155,2/2,C Major
note,117840,959,69:80,A4,A4,0.4564,P5,155,2/2,C Major
note,118080,78,50:80,D3,D3,0.2739,m3,155,2/2,C Major
note,118320,78,53:80,F3,F3,0.4564,M3,155,2/2,C Major
note,118320,78,57:80,A3,A3,0.4564,P4,155,2/2,C Major
note,118320,239,62:80,D4,D4,0.4564,m3,155,2/2,C Major
note,118320,239,65:80,F4,F4,0.4564,m6,155,2/2,C Major
note,118560,78,45:80,A2,A2,0.3195,P5,155,2/2,C Major
note,118800,78,52:80,E3,E3,0.5021,P4,155,2/2,C Major
note,118800,78,57:80,A3,A3,0.5021,m3,155,2/2,C Major
note,118800,239,60:80,C4,C4,0.5021,M3,155,2/2,C Major
note,118800,239,64:80,E4,E4,0.5021,m6,155,2/2,C Major
note,118800,479,72:80,C5,C5,0.5021,m3,155,2/2,C Major
note,119040,239,45:80,A2,A2,0.5021,P4,155,2/2,C Major
note,119280,239,50:80,D3,D3,0.6847,m6,155,2/2,C Major
note,119280,239,58:80,A#3,Bb3,0.6847,M3,155,2/2,C Major
note,119280,239,62:80,D4,D4,0.6847,m3,155,2/2,C Major
note,119280,239,65:80,F4,F4,0.6847,P4,155,2/2,C Major
note,119280,239,70:80,A#4,Bb4,0.6847,m2,155,2/2,C Major
tempo,119520,0,500000,120,,,,,,
note,119520,3839,45:80,A2,A2,0.4564,P4,120,2/2,C Major
note,119520,0,62:120,D4,D4,0.4564,P1,120,2/2,C Major
note,119520,0,62:120,D4,D4,0.4564,P1,120,2/2,C Major
note,119520,3839,62:80,D4,D4,0.4564,m3,120,2/2,C Major
note,119520,42,65:80,F4,F4,0.4564,P1,120,2/2,C Major
note,119562,3797,65:120,F4,F4,0.2282,m3,120,2/2,C Major
note,119583,1855,50:80,D3,D3,0.1826,m6,120,2/2,C Major
note,119604,2794,70:120,A#4,Bb4,0.1369,P4,120,2/2,C Major
note,119646,3712,53:80,F3,F3,0.0913,P4,120,2/2,C Major
note,119712,1727,58:80,A#3,Bb3,0.0456,M3,120,2/2,C Major
note,122400,479,74:80,D5,D5,0.0913,m2,120,2/2,C Major
note,122880,479,73:80,C#5,Db5,0.1369,M3,120,2/2,C Major
note,123360,1919,45:80,A2,A2,0.2739,M3,120,2/2,C Major
note,123360,1919,61:80,C#4,Db4,0.2739,M6,120,2/2,C Major
note,123423,1855,52:80,E3,E3,0.1826,P1,120,2/2,C Major
note,123423,1855,64:80,E4,E4,0.1826,P5,120,2/2,C Major
note,123486,1792,57:80,A3,A3,0.0913,P1,120,2/2,C Major
note,123486,1792,69:80,A4,A4,0.0913,,120,2/2,C Major