type,tickOffset,tickLength,valueRaw,valuePretty,canonical,density
ticksPerQuarter,0,0,480,480,,
keySignature,0,0,3:0,A Major,,
timeSignature,0,0,1:4,1/4,,
setTempo,0,0,705882,85.00004250002125,,
noteOn,0,359,73:70,C#5,Db5,0.3195
noteOn,360,119,74:70,D5,D5,0.3195
timeSignature,480,0,4:4,4/4,,
noteOn,480,959,76:70,E5,E5,0.3195
noteOn,480,959,61:70,C#4,Db4,0.3195
noteOn,480,959,69:70,A4,A4,0.3195
noteOn,480,0,45:70,A2,A2,0.3195
noteOn,480,959,45:70,A2,A2,0.3195
noteOn,720,239,49:70,C#3,Db3,0.1369
noteOn,960,239,52:70,E3,E3,0.3651
noteOn,1200,239,57:70,A3,A3,0.3651
noteOn,1440,359,74:70,D5,D5,0.4564
noteOn,1440,959,62:70,D4,D4,0.4564
noteOn,1440,959,64:70,E4,E4,0.4564
noteOn,1440,959,68:70,G#4,Ab4,0.4564
noteOn,1440,0,47:70,B2,B2,0.4564
noteOn,1440,959,47:70,B2,B2,0.4564
noteOn,1680,239,50:70,D3,D3,0.2739
noteOn,1800,119,73:70,C#5,Db5,0.2282
noteOn,1920,239,71:70,B4,B4,0.3195
noteOn,1920,239,52:70,E3,E3,0.3195
noteOn,2160,239,73:70,C#5,Db5,0.2739
noteOn,2160,239,56:70,G#3,Ab3,0.2739
noteOn,2400,1919,61:70,C#4,Db4,0.2282
noteOn,2400,1199,64:70,E4,E4,0.2282
noteOn,2400,239,49:70,C#3,Db3,0.2282
noteOn,2640,239,57:70,A3,A3,0.1369
noteOn,2880,239,52:70,E3,E3,0.1369
noteOn,3120,239,49:70,C#3,Db3,0.1826
noteOn,3360,239,45:70,A2,A2,0.2282
noteOn,3600,239,66:70,F#4,Gb4,0.2739
noteOn,3600,239,40:70,E2,E2,0.2739
noteOn,3840,239,68:70,G#4,Ab4,0.3651
noteOn,3840,239,37:70,C#2,Db2,0.3651
noteOn,4080,239,69:70,A4,A4,0.3195
noteOn,4080,239,33:70,A1,A1,0.3195
noteOn,4320,719,71:70,B4,B4,0.2739
noteOn,4320,959,62:70,D4,D4,0.2739
noteOn,4320,959,64:70,E4,E4,0.2739
noteOn,4320,119,32:70,G#1,Ab1,0.2739
noteOn,4560,239,47:70,B2,B2,0.1826
noteOn,4800,239,52:70,E3,E3,0.3195
noteOn,5040,239,73:70,C#5,Db5,0.3195
noteOn,5040,239,56:70,G#3,Ab3,0.3195
noteOn,5280,359,74:70,D5,D5,0.3651
noteOn,5280,959,62:70,D4,D4,0.3651
noteOn,5280,959,64:70,E4,E4,0.3651
noteOn,5280,119,40:70,E2,E2,0.3651
noteOn,5520,239,47:70,B2,B2,0.2739
noteOn,5640,119,78:70,F#5,Gb5,0.2282
noteOn,5760,239,71:70,B4,B4,0.3195
noteOn,5760,239,52:70,E3,E3,0.3195
noteOn,6000,239,76:70,E5,E5,0.2739
noteOn,6000,239,56:70,G#3,Ab3,0.2739
noteOn,6240,959,73:70,C#5,Db5,0.2282
noteOn,6240,959,64:70,E4,E4,0.2282
noteOn,6240,239,45:70,A2,A2,0.2282
noteOn,6480,239,49:70,C#3,Db3,0.1369
noteOn,6720,239,52:70,E3,E3,0.1369
noteOn,6960,239,57:70,A3,A3,0.1369
noteOn,7200,239,61:70,C#4,Db4,0.1826
noteOn,7440,239,57:70,A3,A3,0.1826
noteOn,7680,359,73:70,C#5,Db5,0.4108
noteOn,7680,239,52:70,E3,E3,0.4108
noteOn,7920,239,49:70,C#3,Db3,0.3651
noteOn,8040,119,74:70,D5,D5,0.3195
noteOn,8160,959,76:70,E5,E5,0.3195
noteOn,8160,959,64:70,E4,E4,0.3195
noteOn,8160,959,67:70,G4,G4,0.3195
noteOn,8160,0,46:70,A#2,Bb2,0.3195
noteOn,8160,959,46:70,A#2,Bb2,0.3195
noteOn,8400,239,52:73,E3,E3,0.1369
noteOn,8640,239,55:76,G3,G3,0.3195
noteOn,8880,239,61:80,C#4,Db4,0.3195
noteOn,9120,359,74:83,D5,D5,0.4108
noteOn,9120,959,62:83,D4,D4,0.4108
noteOn,9120,959,66:83,F#4,Gb4,0.4108
noteOn,9120,0,47:83,B2,B2,0.4108
noteOn,9120,959,47:83,B2,B2,0.4108
noteOn,9360,239,50:86,D3,D3,0.2739
noteOn,9480,119,73:88,C#5,Db5,0.2282
noteOn,9600,239,71:90,B4,B4,0.3195
noteOn,9600,239,54:90,F#3,Gb3,0.3195
noteOn,9840,239,73:90,C#5,Db5,0.2739
noteOn,9840,239,59:90,B3,B3,0.2739
setTempo,10080,0,705882,85.00004250002125,,
noteOn,10080,1199,66:90,F#4,Gb4,0.2282
noteOn,10080,959,64:90,E4,E4,0.2282
noteOn,10080,239,49:90,C#3,Db3,0.2282
noteOn,10320,239,54:90,F#3,Gb3,0.1369
noteOn,10560,239,58:90,A#3,Bb3,0.1826
noteOn,10800,239,61:90,C#4,Db4,0.2282
noteOn,11040,959,62:90,D4,D4,0.2739
noteOn,11040,239,59:90,B3,B3,0.2739
noteOn,11280,239,71:90,B4,B4,0.2739
noteOn,11280,239,54:90,F#3,Gb3,0.2739
noteOn,11520,239,73:90,C#5,Db5,0.3651
noteOn,11520,239,50:90,D3,D3,0.3651
noteOn,11760,239,74:90,D5,D5,0.3195
noteOn,11760,239,47:90,B2,B2,0.3195
noteOn,12000,479,74:90,D5,D5,0.3195
noteOn,12000,959,62:90,D4,D4,0.3195
noteOn,12000,480,68:90,G#4,Ab4,0.3195
noteOn,12000,119,40:90,E2,E2,0.3195
noteOn,12240,239,47:90,B2,B2,0.1826
noteOn,12480,479,68:90,G#4,Ab4,0.3195
noteOn,12480,239,52:90,E3,E3,0.3195
noteOn,12720,239,56:90,G#3,Ab3,0.2739
noteOn,12960,359,78:90,F#5,Gb5,0.3651
noteOn,12960,719,62:90,D4,D4,0.3651
noteOn,12960,719,68:90,G#4,Ab4,0.3651
noteOn,12960,119,40:90,E2,E2,0.3651
noteOn,13200,239,52:90,E3,E3,0.3195
noteOn,13320,119,75:90,D#5,Eb5,0.2739
noteOn,13440,239,76:90,E5,E5,0.3651
noteOn,13440,239,56:90,G#3,Ab3,0.3651
noteOn,13680,239,68:90,G#4,Ab4,0.3195
noteOn,13680,239,62:90,D4,D4,0.3195
noteOn,13680,239,59:90,B3,B3,0.3195
noteOn,13920,959,69:90,A4,A4,0.2282
noteOn,13920,959,61:90,C#4,Db4,0.2282
noteOn,13920,239,45:90,A2,A2,0.2282
noteOn,14160,239,49:90,C#3,Db3,0.1369
noteOn,14400,239,52:90,E3,E3,0.1369
noteOn,14640,239,57:90,A3,A3,0.1369
noteOn,14880,239,52:90,E3,E3,0.2282
noteOn,15120,239,49:90,C#3,Db3,0.2282
noteOn,15360,359,57:90,A3,A3,0.5021
noteOn,15360,359,69:90,A4,A4,0.5021
noteOn,15360,239,45:90,A2,A2,0.5021
noteOn,15600,239,42:90,F#2,Gb2,0.4108
noteOn,15720,119,59:90,B3,B3,0.3651
noteOn,15720,119,71:90,B4,B4,0.3651
noteOn,15840,959,73:90,C#5,Db5,0.3195
noteOn,15840,959,61:90,C#4,Db4,0.3195
noteOn,15840,959,68:90,G#4,Ab4,0.3195
noteOn,15840,0,41:90,F2,F2,0.3195
noteOn,15840,959,41:90,F2,F2,0.3195
noteOn,16080,239,49:90,C#3,Db3,0.1369
noteOn,16320,239,49:90,C#3,Db3,0.3195
noteOn,16560,239,49:90,C#3,Db3,0.2739
noteOn,16800,359,73:90,C#5,Db5,0.3195
noteOn,16800,959,61:90,C#4,Db4,0.3195
noteOn,16800,959,69:90,A4,A4,0.3195
noteOn,16800,1439,49:90,C#3,Db3,0.3195
noteOn,16800,959,42:90,F#2,Gb2,0.3195
noteOn,17160,119,74:90,D5,D5,0.1369
noteOn,17280,239,73:80,C#5,Db5,0.2739
noteOn,17520,239,72:60,C5,C5,0.3651
noteOn,17760,239,61:60,C#4,Db4,0.5021
noteOn,17760,239,68:60,G#4,Ab4,0.5021
noteOn,17760,239,73:60,C#5,Db5,0.5021
noteOn,17760,479,41:60,F2,F2,0.5021
noteOn,18000,239,68:60,G#4,Ab4,0.4564
noteOn,18000,239,77:60,F5,F5,0.4564
noteOn,18000,239,80:60,G#5,Ab5,0.4564
noteOn,18240,239,68:60,G#4,Ab4,0.5021
noteOn,18240,239,77:60,F5,F5,0.5021
noteOn,18240,239,80:60,G#5,Ab5,0.5021
noteOn,18240,479,37:60,C#2,Db2,0.5021
noteOn,18480,239,68:60,G#4,Ab4,0.3195
noteOn,18480,239,77:60,F5,F5,0.3195
noteOn,18480,239,80:60,G#5,Ab5,0.3195
noteOn,18720,1439,68:60,G#4,Ab4,0.2739
noteOn,18720,1079,78:60,F#5,Gb5,0.2739
noteOn,18720,1439,80:60,G#5,Ab5,0.2739
noteOn,18720,359,37:60,C#2,Db2,0.2739
noteOn,19080,119,38:60,D2,D2,0.1369
noteOn,19200,359,37:60,C#2,Db2,0.1826
noteOn,19560,119,36:60,C2,C2,0.1826
setTempo,19680,0,705882,85.00004250002125,,
noteOn,19680,479,77:90,F5,F5,0.3651
noteOn,19680,239,37:90,C#2,Db2,0.3651
noteOn,19920,239,49:90,C#3,Db3,0.3195
noteOn,20160,479,73:90,C#5,Db5,0.5021
noteOn,20160,479,61:90,C#4,Db4,0.5021
noteOn,20160,479,68:90,G#4,Ab4,0.5021
noteOn,20160,239,49:90,C#3,Db3,0.5021
noteOn,20160,479,41:90,F2,F2,0.5021
noteOn,20400,239,49:90,C#3,Db3,0.2739
noteOn,20640,359,73:90,C#5,Db5,0.3195
noteOn,20640,2879,61:90,C#4,Db4,0.3195
noteOn,20640,2879,69:90,A4,A4,0.3195
noteOn,20640,2879,49:90,C#3,Db3,0.3195
noteOn,20640,959,42:90,F#2,Gb2,0.3195
noteOn,21000,119,74:90,D5,D5,0.1369
noteOn,21120,239,73:90,C#5,Db5,0.1826
noteOn,21360,239,72:90,C5,C5,0.1369
noteOn,21600,359,73:90,C#5,Db5,0.1826
noteOn,21600,959,41:90,F2,F2,0.1826
noteOn,21960,119,74:90,D5,D5,0.1369
noteOn,22080,239,73:90,C#5,Db5,0.1826
noteOn,22320,239,72:90,C5,C5,0.1369
noteOn,22560,359,73:90,C#5,Db5,0.2282
noteOn,22560,479,40:90,E2,E2,0.2282
noteOn,22920,119,74:90,D5,D5,0.1826
noteOn,23040,359,73:90,C#5,Db5,0.3195
noteOn,23040,479,37:90,C#2,Db2,0.3195
noteOn,23400,119,74:90,D5,D5,0.3195
noteOn,23520,959,76:70,E5,E5,0.3195
noteOn,23520,959,61:70,C#4,Db4,0.3195
noteOn,23520,959,69:70,A4,A4,0.3195
noteOn,23520,239,33:70,A1,A1,0.3195
noteOn,23760,0,45:70,A2,A2,0.1826
noteOn,23760,719,45:70,A2,A2,0.1826
noteOn,24000,239,49:70,C#3,Db3,0.3651
noteOn,24240,239,52:70,E3,E3,0.3651
noteOn,24480,359,74:70,D5,D5,0.4564
noteOn,24480,959,62:70,D4,D4,0.4564
noteOn,24480,959,64:70,E4,E4,0.4564
noteOn,24480,959,68:70,G#4,Ab4,0.4564
noteOn,24480,0,47:70,B2,B2,0.4564
noteOn,24480,959,47:70,B2,B2,0.4564
noteOn,24720,239,50:70,D3,D3,0.2739
noteOn,24840,119,73:70,C#5,Db5,0.2282
noteOn,24960,239,71:70,B4,B4,0.3651
noteOn,24960,239,52:70,E3,E3,0.3651
noteOn,25200,239,73:70,C#5,Db5,0.3195
noteOn,25200,239,56:70,G#3,Ab3,0.3195
noteOn,25440,1919,61:70,C#4,Db4,0.2739
noteOn,25440,1199,64:70,E4,E4,0.2739
noteOn,25440,0,49:70,C#3,Db3,0.2739
noteOn,25440,720,49:70,C#3,Db3,0.2739
noteOn,25680,239,57:70,A3,A3,0.1369
noteOn,25920,239,52:70,E3,E3,0.1369
noteOn,26160,239,49:70,C#3,Db3,0.1826
noteOn,26400,239,45:70,A2,A2,0.2282
noteOn,26640,239,66:70,F#4,Gb4,0.2739
noteOn,26640,239,40:70,E2,E2,0.2739
noteOn,26880,239,68:70,G#4,Ab4,0.3651
noteOn,26880,239,37:70,C#2,Db2,0.3651
noteOn,27120,239,69:70,A4,A4,0.3195
noteOn,27120,239,33:70,A1,A1,0.3195
noteOn,27360,719,71:70,B4,B4,0.2739
noteOn,27360,959,62:70,D4,D4,0.2739
noteOn,27360,959,64:70,E4,E4,0.2739
noteOn,27360,119,32:70,G#1,Ab1,0.2739
noteOn,27600,239,47:70,B2,B2,0.1826
noteOn,27840,239,52:70,E3,E3,0.3195
noteOn,28080,239,73:70,C#5,Db5,0.3195
noteOn,28080,239,56:70,G#3,Ab3,0.3195
noteOn,28320,359,74:70,D5,D5,0.3195
noteOn,28320,959,62:70,D4,D4,0.3195
noteOn,28320,959,64:70,E4,E4,0.3195
noteOn,28320,119,40:70,E2,E2,0.3195
noteOn,28560,239,47:70,B2,B2,0.2282
noteOn,28800,239,71:70,B4,B4,0.3195
noteOn,28800,239,52:70,E3,E3,0.3195
noteOn,29040,239,76:70,E5,E5,0.2739
noteOn,29040,239,56:70,G#3,Ab3,0.2739
setTempo,29280,0,705882,85.00004250002125,,
noteOn,29280,959,73:70,C#5,Db5,0.2282
noteOn,29280,959,64:70,E4,E4,0.2282
noteOn,29280,239,45:70,A2,A2,0.2282
noteOn,29520,239,49:70,C#3,Db3,0.1369
noteOn,29760,239,52:70,E3,E3,0.1369
noteOn,30000,239,57:70,A3,A3,0.1369
noteOn,30240,239,61:70,C#4,Db4,0.1826
noteOn,30480,239,57:70,A3,A3,0.1826
noteOn,30720,359,73:70,C#5,Db5,0.4108
noteOn,30720,239,52:70,E3,E3,0.4108
noteOn,30960,239,49:70,C#3,Db3,0.3651
noteOn,31080,119,74:70,D5,D5,0.3195
noteOn,31200,959,76:70,E5,E5,0.3195
noteOn,31200,959,64:70,E4,E4,0.3195
noteOn,31200,959,67:70,G4,G4,0.3195
noteOn,31200,0,46:70,A#2,Bb2,0.3195
noteOn,31200,959,46:70,A#2,Bb2,0.3195
noteOn,31440,239,52:70,E3,E3,0.1369
noteOn,31680,239,55:70,G3,G3,0.3195
noteOn,31920,239,61:70,C#4,Db4,0.3195
noteOn,32160,359,74:70,D5,D5,0.4108
noteOn,32160,959,62:70,D4,D4,0.4108
noteOn,32160,720,66:70,F#4,Gb4,0.4108
noteOn,32160,0,47:70,B2,B2,0.4108
noteOn,32160,959,47:70,B2,B2,0.4108
noteOn,32400,239,50:70,D3,D3,0.2739
noteOn,32520,119,73:70,C#5,Db5,0.2282
noteOn,32640,239,71:70,B4,B4,0.4108
noteOn,32640,239,54:70,F#3,Gb3,0.4108
noteOn,32880,239,66:70,F#4,Gb4,0.3651
noteOn,32880,239,59:70,B3,B3,0.3651
noteOn,33120,959,76:70,E5,E5,0.3195
noteOn,33120,959,64:70,E4,E4,0.3195
noteOn,33120,959,66:70,F#4,Gb4,0.3195
noteOn,33120,0,49:70,C#3,Db3,0.3195
noteOn,33120,959,49:70,C#3,Db3,0.3195
noteOn,33360,239,54:69,F#3,Gb3,0.1369
noteOn,33600,239,58:67,A#3,Bb3,0.3195
noteOn,33840,239,61:65,C#4,Db4,0.3195
noteOn,34080,359,74:64,D5,D5,0.4108
noteOn,34080,720,62:64,D4,D4,0.4108
noteOn,34080,959,66:64,F#4,Gb4,0.4108
noteOn,34080,0,50:64,D3,D3,0.4108
noteOn,34080,959,50:64,D3,D3,0.4108
noteOn,34320,239,54:62,F#3,Gb3,0.2739
noteOn,34440,119,73:61,C#5,Db5,0.2282
noteOn,34560,239,71:60,B4,B4,0.3195
noteOn,34560,239,59:60,B3,B3,0.3195
noteOn,34800,239,78:60,F#5,Gb5,0.2739
noteOn,34800,239,62:60,D4,D4,0.2739
noteOn,35040,479,78:60,F#5,Gb5,0.2739
noteOn,35040,959,61:60,C#4,Db4,0.2739
noteOn,35040,119,40:60,E2,E2,0.2739
noteOn,35280,239,49:60,C#3,Db3,0.1826
noteOn,35520,239,69:60,A4,A4,0.3195
noteOn,35520,239,52:60,E3,E3,0.3195
noteOn,35760,239,57:60,A3,A3,0.2739
noteOn,36000,359,78:60,F#5,Gb5,0.3651
noteOn,36000,719,62:60,D4,D4,0.3651
noteOn,36000,719,68:60,G#4,Ab4,0.3651
noteOn,36000,119,40:60,E2,E2,0.3651
noteOn,36240,239,52:60,E3,E3,0.3195
noteOn,36360,119,75:60,D#5,Eb5,0.2739
noteOn,36480,239,76:60,E5,E5,0.4564
noteOn,36480,239,56:60,G#3,Ab3,0.4564
noteOn,36720,239,68:60,G#4,Ab4,0.4108
noteOn,36720,239,62:60,D4,D4,0.4108
noteOn,36720,239,59:60,B3,B3,0.4108
noteOn,36960,159,69:60,A4,A4,0.3651
noteOn,36960,479,61:60,C#4,Db4,0.3651
noteOn,36960,479,45:60,A2,A2,0.3651
noteOn,36960,479,52:60,E3,E3,0.3651
noteOn,36960,479,57:60,A3,A3,0.3651
noteOn,37120,159,71:60,B4,B4,0.1826
noteOn,37280,159,73:60,C#5,Db5,0.1826
noteOn,37440,159,74:60,D5,D5,0.1826
noteOn,37600,159,76:60,E5,E5,0.1826
noteOn,37760,159,78:60,F#5,Gb5,0.1826
noteOn,37920,159,80:60,G#5,Ab5,0.1826
noteOn,38080,159,81:60,A5,A5,0.1826
noteOn,38240,159,83:60,B5,B5,0.1826
noteOn,38400,159,85:60,C#6,Db6,0.2282
noteOn,38560,159,86:60,D6,D6,0.2282
noteOn,38720,159,87:60,D#6,Eb6,0.2282
setTempo,38880,0,705882,85.00004250002125,,
noteOn,38880,479,88:60,E6,E6,0.2739
noteOn,38880,159,69:60,A4,A4,0.2739
noteOn,39040,159,73:60,C#5,Db5,0.2282
noteOn,39200,159,69:60,A4,A4,0.2739
noteOn,39360,239,88:60,E6,E6,0.3195
noteOn,39360,159,76:60,E5,E5,0.3195
noteOn,39520,159,73:60,C#5,Db5,0.2739
noteOn,39600,239,88:60,E6,E6,0.2282
noteOn,39680,159,69:60,A4,A4,0.2282
noteOn,39840,479,88:60,E6,E6,0.2739
noteOn,39840,159,68:60,G#4,Ab4,0.2739
noteOn,40000,159,71:60,B4,B4,0.2282
noteOn,40160,159,68:60,G#4,Ab4,0.2282
noteOn,40320,239,83:60,B5,B5,0.2739
noteOn,40320,159,76:60,E5,E5,0.2739
noteOn,40480,159,71:60,B4,B4,0.2739
noteOn,40640,159,68:60,G#4,Ab4,0.3195
noteOn,40800,159,81:60,A5,A5,0.3651
noteOn,40800,159,66:60,F#4,Gb4,0.3651
noteOn,40960,159,83:60,B5,B5,0.3651
noteOn,40960,159,71:60,B4,B4,0.3651
noteOn,41120,159,81:60,A5,A5,0.3651
noteOn,41120,159,66:60,F#4,Gb4,0.3651
noteOn,41280,159,85:60,C#6,Db6,0.3651
noteOn,41280,159,75:60,D#5,Eb5,0.3651
noteOn,41440,159,83:60,B5,B5,0.3195
noteOn,41440,159,71:60,B4,B4,0.3195
noteOn,41600,159,81:60,A5,A5,0.2739
noteOn,41600,159,66:60,F#4,Gb4,0.2739
noteOn,41760,479,80:60,G#5,Ab5,0.2739
noteOn,41760,159,64:60,E4,E4,0.2739
noteOn,41920,159,71:60,B4,B4,0.2282
noteOn,42080,159,68:60,G#4,Ab4,0.2282
noteOn,42240,239,83:60,B5,B5,0.2739
noteOn,42240,159,76:60,E5,E5,0.2739
noteOn,42400,159,71:60,B4,B4,0.2282
noteOn,42560,159,68:60,G#4,Ab4,0.2282
noteOn,42720,479,88:60,E6,E6,0.2739
noteOn,42720,159,69:60,A4,A4,0.2739
noteOn,42880,159,72:60,C5,C5,0.2282
noteOn,43040,159,69:60,A4,A4,0.2739
noteOn,43200,239,88:60,E6,E6,0.3195
noteOn,43200,159,76:60,E5,E5,0.3195
noteOn,43360,159,72:60,C5,C5,0.2739
noteOn,43440,239,88:60,E6,E6,0.2282
noteOn,43520,159,69:60,A4,A4,0.2282
noteOn,43680,479,88:60,E6,E6,0.2739
noteOn,43680,159,67:60,G4,G4,0.2739
noteOn,43840,159,71:60,B4,B4,0.2282
noteOn,44000,159,67:60,G4,G4,0.2282
noteOn,44160,239,83:60,B5,B5,0.2739
noteOn,44160,159,76:60,E5,E5,0.2739
noteOn,44320,159,71:60,B4,B4,0.2739
noteOn,44480,159,67:60,G4,G4,0.3195
noteOn,44640,159,81:60,A5,A5,0.3651
noteOn,44640,159,65:60,F4,F4,0.3651
noteOn,44800,159,83:60,B5,B5,0.3651
noteOn,44800,159,69:60,A4,A4,0.3651
noteOn,44960,159,81:60,A5,A5,0.3651
noteOn,44960,159,65:60,F4,F4,0.3651
noteOn,45120,159,84:60,C6,C6,0.3651
noteOn,45120,159,75:60,D#5,Eb5,0.3651
noteOn,45280,159,83:60,B5,B5,0.3195
noteOn,45280,159,69:60,A4,A4,0.3195
noteOn,45440,159,81:60,A5,A5,0.2739
noteOn,45440,159,65:60,F4,F4,0.2739
noteOn,45600,479,80:60,G#5,Ab5,0.2739
noteOn,45600,159,64:60,E4,E4,0.2739
noteOn,45760,159,68:60,G#4,Ab4,0.2282
noteOn,45920,159,64:60,E4,E4,0.2282
noteOn,46080,239,83:60,B5,B5,0.3651
noteOn,46080,159,71:60,B4,B4,0.3651
noteOn,46240,159,68:60,G#4,Ab4,0.3195
noteOn,46400,159,64:60,E4,E4,0.3195
setTempo,46560,0,705882,85.00004250002125,,
noteOn,46560,479,68:60,G#4,Ab4,0.4108
noteOn,46560,479,80:60,G#5,Ab5,0.4108
noteOn,46560,159,52:60,E3,E3,0.4108
noteOn,46560,159,56:60,G#3,Ab3,0.4108
noteOn,46720,159,59:60,B3,B3,0.2739
noteOn,46880,159,56:60,G#3,Ab3,0.2739
noteOn,47040,239,71:60,B4,B4,0.4108
noteOn,47040,239,83:60,B5,B5,0.4108
noteOn,47040,159,64:60,E4,E4,0.4108
noteOn,47200,159,59:60,B3,B3,0.3195
noteOn,47360,159,56:60,G#3,Ab3,0.3195
noteOn,47520,479,71:60,B4,B4,0.4108
noteOn,47520,479,83:60,B5,B5,0.4108
noteOn,47520,159,52:60,E3,E3,0.4108
noteOn,47520,159,56:60,G#3,Ab3,0.4108
noteOn,47680,159,59:60,B3,B3,0.2739
noteOn,47840,159,56:60,G#3,Ab3,0.2739
noteOn,48000,239,76:60,E5,E5,0.3195
noteOn,48000,239,88:60,E6,E6,0.3195
noteOn,48000,159,64:60,E4,E4,0.3195
noteOn,48160,159,59:60,B3,B3,0.2739
noteOn,48320,159,56:60,G#3,Ab3,0.3195
noteOn,48480,159,47:60,B2,B2,0.3651
noteOn,48480,159,57:60,A3,A3,0.3651
noteOn,48640,159,78:60,F#5,Gb5,0.3651
noteOn,48640,159,59:60,B3,B3,0.3651
noteOn,48800,159,80:60,G#5,Ab5,0.3651
noteOn,48800,159,57:60,A3,A3,0.3651
noteOn,48960,159,81:60,A5,A5,0.4108
noteOn,48960,159,63:60,D#4,Eb4,0.4108
noteOn,49120,159,80:60,G#5,Ab5,0.3651
noteOn,49120,159,59:60,B3,B3,0.3651
noteOn,49280,159,78:60,F#5,Gb5,0.3195
noteOn,49280,159,57:60,A3,A3,0.3195
noteOn,49440,479,82:72,A#5,Bb5,0.3195
noteOn,49440,159,52:60,E3,E3,0.3195
noteOn,49440,159,56:60,G#3,Ab3,0.3195
noteOn,49600,159,59:60,B3,B3,0.2282
noteOn,49760,159,56:60,G#3,Ab3,0.2282
noteOn,49920,239,83:60,B5,B5,0.3651
noteOn,49920,159,64:60,E4,E4,0.3651
noteOn,50080,159,59:60,B3,B3,0.3195
noteOn,50240,159,56:60,G#3,Ab3,0.3195
noteOn,50400,479,68:60,G#4,Ab4,0.4108
noteOn,50400,479,80:60,G#5,Ab5,0.4108
noteOn,50400,159,52:60,E3,E3,0.4108
noteOn,50400,159,56:60,G#3,Ab3,0.4108
noteOn,50560,159,59:60,B3,B3,0.2739
noteOn,50720,159,56:60,G#3,Ab3,0.2739
noteOn,50880,239,71:60,B4,B4,0.4108
noteOn,50880,239,83:60,B5,B5,0.4108
noteOn,50880,159,64:60,E4,E4,0.4108
noteOn,51040,159,59:60,B3,B3,0.3195
noteOn,51200,159,56:60,G#3,Ab3,0.3195
noteOn,51360,479,76:60,E5,E5,0.4108
noteOn,51360,479,88:60,E6,E6,0.4108
noteOn,51360,159,49:60,C#3,Db3,0.4108
noteOn,51360,159,52:60,E3,E3,0.4108
noteOn,51520,159,56:60,G#3,Ab3,0.2739
noteOn,51680,159,52:60,E3,E3,0.2739
noteOn,51840,239,80:60,G#5,Ab5,0.2739
noteOn,51840,239,92:60,G#6,Ab6,0.2739
noteOn,51840,159,61:60,C#4,Db4,0.2739
noteOn,52000,159,56:60,G#3,Ab3,0.2282
noteOn,52160,159,52:60,E3,E3,0.2739
noteOn,52320,159,45:60,A2,A2,0.3195
noteOn,52480,159,78:60,F#5,Gb5,0.3651
noteOn,52480,159,57:60,A3,A3,0.3651
noteOn,52640,159,80:60,G#5,Ab5,0.3651
noteOn,52640,159,61:60,C#4,Db4,0.3651
noteOn,52800,159,81:60,A5,A5,0.4108
noteOn,52800,159,47:60,B2,B2,0.4108
noteOn,52960,159,80:60,G#5,Ab5,0.3651
noteOn,52960,159,57:60,A3,A3,0.3651
noteOn,53120,159,78:60,F#5,Gb5,0.3195
noteOn,53120,159,59:60,B3,B3,0.3195
noteOn,53280,959,76:60,E5,E5,0.2739
noteOn,53280,79,52:60,E3,E3,0.2739
noteOn,53280,79,56:60,G#3,Ab3,0.2739
noteOn,53440,159,68:60,G#4,Ab4,0.1826
noteOn,53600,159,71:60,B4,B4,0.1826
noteOn,53760,159,74:60,D5,D5,0.1826
noteOn,53920,159,71:60,B4,B4,0.1826
noteOn,54080,159,68:60,G#4,Ab4,0.1826
setTempo,54240,0,705882,85.00004250002125,,
noteOn,54240,959,69:60,A4,A4,0.1826
noteOn,54400,159,73:60,C#5,Db5,0.1826
noteOn,54560,159,76:60,E5,E5,0.1826
noteOn,54720,159,85:60,C#6,Db6,0.1826
noteOn,54880,159,76:60,E5,E5,0.1826
noteOn,55040,159,73:60,C#5,Db5,0.1826
noteOn,55200,959,76:60,E5,E5,0.1826
noteOn,55360,159,68:60,G#4,Ab4,0.1826
noteOn,55520,159,71:60,B4,B4,0.1826
noteOn,55680,159,74:60,D5,D5,0.1826
noteOn,55840,159,71:60,B4,B4,0.1826
noteOn,56000,159,68:60,G#4,Ab4,0.1826
noteOn,56160,959,69:60,A4,A4,0.1826
noteOn,56320,159,73:60,C#5,Db5,0.1826
noteOn,56480,159,76:60,E5,E5,0.1826
noteOn,56640,159,85:60,C#6,Db6,0.2739
noteOn,56800,159,76:60,E5,E5,0.2739
noteOn,56960,159,73:60,C#5,Db5,0.2739
noteOn,57120,159,85:60,C#6,Db6,0.3651
noteOn,57120,479,65:60,F4,F4,0.3651
noteOn,57120,479,68:60,G#4,Ab4,0.3651
noteOn,57280,159,80:60,G#5,Ab5,0.2739
noteOn,57440,159,73:60,C#5,Db5,0.3651
noteOn,57600,239,70:60,A#4,Bb4,0.4564
noteOn,57600,239,82:60,A#5,Bb5,0.4564
noteOn,57600,159,64:60,E4,E4,0.4564
noteOn,57760,159,66:60,F#4,Gb4,0.3651
noteOn,57840,239,70:60,A#4,Bb4,0.3195
noteOn,57840,239,82:60,A#5,Bb5,0.3195
noteOn,57920,159,73:60,C#5,Db5,0.2739
noteOn,58080,159,83:60,B5,B5,0.3651
noteOn,58080,479,63:60,D#4,Eb4,0.3651
noteOn,58080,479,66:60,F#4,Gb4,0.3651
noteOn,58240,159,78:60,F#5,Gb5,0.2739
noteOn,58400,159,71:60,B4,B4,0.3651
noteOn,58560,239,68:60,G#4,Ab4,0.4564
noteOn,58560,239,80:60,G#5,Ab5,0.4564
noteOn,58560,159,62:60,D4,D4,0.4564
noteOn,58720,159,64:60,E4,E4,0.3651
noteOn,58800,239,68:60,G#4,Ab4,0.3195
noteOn,58800,239,80:60,G#5,Ab5,0.3195
noteOn,58880,159,71:60,B4,B4,0.2739
noteOn,59040,159,81:60,A5,A5,0.4564
noteOn,59040,479,61:60,C#4,Db4,0.4564
noteOn,59040,479,64:60,E4,E4,0.4564
noteOn,59200,159,76:60,E5,E5,0.3195
noteOn,59360,159,69:60,A4,A4,0.5021
noteOn,59520,239,66:60,F#4,Gb4,0.6847
noteOn,59520,239,69:60,A4,A4,0.6847
noteOn,59520,239,78:60,F#5,Gb5,0.6847
noteOn,59520,239,60:60,C4,C4,0.6847
noteOn,59520,239,64:60,E4,E4,0.6847
noteOn,59760,239,66:60,F#4,Gb4,0.4564
noteOn,59760,239,69:60,A4,A4,0.4564
noteOn,59760,239,78:60,F#5,Gb5,0.4564
noteOn,59760,239,60:60,C4,C4,0.4564
noteOn,59760,239,64:60,E4,E4,0.4564
noteOn,60000,1439,71:60,B4,B4,0.2282
noteOn,60000,1439,83:60,B5,B5,0.2282
noteOn,60000,959,59:60,B3,B3,0.2282
noteOn,60000,959,64:60,E4,E4,0.2282
noteOn,60000,959,68:60,G#4,Ab4,0.2282
noteOn,60960,959,59:60,B3,B3,0.1826
noteOn,60960,959,66:60,F#4,Gb4,0.1826
noteOn,60960,959,69:60,A4,A4,0.1826
noteOn,61440,159,81:60,A5,A5,0.2739
noteOn,61600,159,71:60,B4,B4,0.2739
noteOn,61760,159,75:60,D#5,Eb5,0.2739
noteOn,61920,239,76:60,E5,E5,0.2739
noteOn,61920,159,64:60,E4,E4,0.2739
noteOn,61920,159,68:60,G#4,Ab4,0.2739
noteOn,62080,159,68:60,G#4,Ab4,0.1826
noteOn,62240,159,63:60,D#4,Eb4,0.1826
noteOn,62400,159,64:60,E4,E4,0.1826
noteOn,62560,159,59:60,B3,B3,0.1826
noteOn,62720,159,56:60,G#3,Ab3,0.1826
noteOn,62880,159,52:60,E3,E3,0.1826
noteOn,63040,159,56:60,G#3,Ab3,0.1826
noteOn,63200,159,51:60,D#3,Eb3,0.1826
noteOn,63360,159,52:60,E3,E3,0.2282
noteOn,63520,159,50:60,D3,D3,0.2282
noteOn,63680,159,47:60,B2,B2,0.2282
setTempo,63840,0,705882,85.00004250002125,,
noteOn,63840,79,60:90,C4,C4,0.2739
noteOn,63840,479,45:90,A2,A2,0.2739
noteOn,64000,159,64:90,E4,E4,0.2282
noteOn,64160,159,72:90,C5,C5,0.2739
noteOn,64320,159,76:90,E5,E5,0.3195
noteOn,64320,239,45:90,A2,A2,0.3195
noteOn,64480,159,72:90,C5,C5,0.2739
noteOn,64560,239,45:90,A2,A2,0.2282
noteOn,64640,159,64:90,E4,E4,0.2282
noteOn,64800,159,59:90,B3,B3,0.2739
noteOn,64800,239,45:90,A2,A2,0.2739
noteOn,64960,159,64:90,E4,E4,0.2282
noteOn,65120,159,71:90,B4,B4,0.2282
noteOn,65280,159,76:90,E5,E5,0.2282
noteOn,65280,239,43:90,G2,G2,0.2282
noteOn,65440,159,71:90,B4,B4,0.2282
noteOn,65600,159,64:90,E4,E4,0.2739
noteOn,65760,79,59:90,B3,B3,0.3195
noteOn,65920,159,69:90,A4,A4,0.3651
noteOn,65920,159,42:90,F#2,Gb2,0.3651
noteOn,66080,159,71:90,B4,B4,0.3651
noteOn,66080,159,43:90,G2,G2,0.3651
noteOn,66240,159,75:90,D#5,Eb5,0.3651
noteOn,66240,159,45:90,A2,A2,0.3651
noteOn,66400,159,71:90,B4,B4,0.3195
noteOn,66400,159,43:90,G2,G2,0.3195
noteOn,66560,159,69:90,A4,A4,0.2739
noteOn,66560,159,42:90,F#2,Gb2,0.2739
noteOn,66720,79,59:90,B3,B3,0.2739
noteOn,66720,479,40:90,E2,E2,0.2739
noteOn,66880,159,67:90,G4,G4,0.2282
noteOn,67040,159,71:90,B4,B4,0.2282
noteOn,67200,159,76:90,E5,E5,0.3195
noteOn,67200,239,43:90,G2,G2,0.3195
noteOn,67360,159,71:90,B4,B4,0.2739
noteOn,67520,159,67:90,G4,G4,0.2739
noteOn,67680,159,60:90,C4,C4,0.3651
noteOn,67680,239,45:90,A2,A2,0.3651
noteOn,67680,239,57:90,A3,A3,0.3651
noteOn,67840,159,64:90,E4,E4,0.2739
noteOn,68000,159,72:90,C5,C5,0.3651
noteOn,68160,159,76:90,E5,E5,0.4564
noteOn,68160,239,45:90,A2,A2,0.4564
noteOn,68160,239,57:90,A3,A3,0.4564
noteOn,68320,159,72:90,C5,C5,0.3651
noteOn,68400,239,45:90,A2,A2,0.3195
noteOn,68400,239,57:90,A3,A3,0.3195
noteOn,68480,159,64:90,E4,E4,0.2739
noteOn,68640,159,59:90,B3,B3,0.3651
noteOn,68640,239,45:90,A2,A2,0.3651
noteOn,68640,239,57:90,A3,A3,0.3651
noteOn,68800,159,64:90,E4,E4,0.2739
noteOn,68960,159,71:90,B4,B4,0.2739
noteOn,69120,159,76:90,E5,E5,0.2739
noteOn,69120,239,43:90,G2,G2,0.2739
noteOn,69120,239,55:90,G3,G3,0.2739
noteOn,69280,159,71:90,B4,B4,0.2282
noteOn,69440,159,64:90,E4,E4,0.2739
noteOn,69600,79,59:90,B3,B3,0.3195
noteOn,69760,159,62:90,D4,D4,0.3651
noteOn,69760,159,53:90,F3,F3,0.3651
noteOn,69920,159,71:90,B4,B4,0.3651
noteOn,69920,159,55:90,G3,G3,0.3651
noteOn,70080,159,74:90,D5,D5,0.4108
noteOn,70080,159,56:90,G#3,Ab3,0.4108
noteOn,70240,159,71:90,B4,B4,0.3651
noteOn,70240,159,55:90,G3,G3,0.3651
noteOn,70400,159,62:90,D4,D4,0.3195
noteOn,70400,159,53:90,F3,F3,0.3195
noteOn,70560,159,55:90,G3,G3,0.3651
noteOn,70560,239,41:90,F2,F2,0.3651
noteOn,70560,239,53:90,F3,F3,0.3651
noteOn,70720,159,60:90,C4,C4,0.2739
noteOn,70880,159,67:90,G4,G4,0.2739
noteOn,71040,159,72:90,C5,C5,0.3195
noteOn,71040,239,40:90,E2,E2,0.3195
noteOn,71040,239,52:90,E3,E3,0.3195
noteOn,71200,159,67:90,G4,G4,0.3195
noteOn,71360,159,60:90,C4,C4,0.4108
setTempo,71520,0,705882,85.00004250002125,,
noteOn,71520,479,39:108,D#2,Eb2,0.5934
noteOn,71520,479,51:108,D#3,Eb3,0.5934
noteOn,71680,159,71:90,B4,B4,0.639
noteOn,71680,159,78:90,F#5,Gb5,0.639
noteOn,71680,159,83:90,B5,B5,0.639
noteOn,71840,159,71:90,B4,B4,0.7303
noteOn,71840,159,78:90,F#5,Gb5,0.7303
noteOn,71840,159,83:90,B5,B5,0.7303
noteOn,72000,159,71:90,B4,B4,0.6847
noteOn,72000,159,78:90,F#5,Gb5,0.6847
noteOn,72000,159,83:90,B5,B5,0.6847
noteOn,72000,239,63:90,D#4,Eb4,0.6847
noteOn,72000,239,66:90,F#4,Gb4,0.6847
noteOn,72160,159,71:90,B4,B4,0.5934
noteOn,72160,159,78:90,F#5,Gb5,0.5934
noteOn,72160,159,83:90,B5,B5,0.5934
noteOn,72240,239,63:90,D#4,Eb4,0.4564
noteOn,72240,239,66:90,F#4,Gb4,0.4564
noteOn,72320,159,71:90,B4,B4,0.5021
noteOn,72320,159,78:90,F#5,Gb5,0.5021
noteOn,72320,159,83:90,B5,B5,0.5021
noteOn,72480,479,38:108,D2,D2,0.5934
noteOn,72480,479,50:108,D3,D3,0.5934
noteOn,72640,159,71:90,B4,B4,0.639
noteOn,72640,159,77:90,F5,F5,0.639
noteOn,72640,159,80:90,G#5,Ab5,0.639
noteOn,72800,159,71:90,B4,B4,0.7303
noteOn,72800,159,77:90,F5,F5,0.7303
noteOn,72800,159,80:90,G#5,Ab5,0.7303
noteOn,72960,159,71:90,B4,B4,0.6847
noteOn,72960,159,77:90,F5,F5,0.6847
noteOn,72960,159,80:90,G#5,Ab5,0.6847
noteOn,72960,239,62:90,D4,D4,0.6847
noteOn,72960,239,66:90,F#4,Gb4,0.6847
noteOn,73120,159,71:90,B4,B4,0.5934
noteOn,73120,159,77:90,F5,F5,0.5934
noteOn,73120,159,80:90,G#5,Ab5,0.5934
noteOn,73200,239,62:90,D4,D4,0.4564
noteOn,73200,239,66:90,F#4,Gb4,0.4564
noteOn,73280,159,71:90,B4,B4,0.5021
noteOn,73280,159,77:90,F5,F5,0.5021
noteOn,73280,159,80:90,G#5,Ab5,0.5021
noteOn,73440,479,37:108,C#2,Db2,0.5934
noteOn,73440,479,49:108,C#3,Db3,0.5934
noteOn,73600,159,69:90,A4,A4,0.639
noteOn,73600,159,76:90,E5,E5,0.639
noteOn,73600,159,81:90,A5,A5,0.639
noteOn,73760,159,69:90,A4,A4,0.7303
noteOn,73760,159,76:90,E5,E5,0.7303
noteOn,73760,159,81:90,A5,A5,0.7303
noteOn,73920,159,69:90,A4,A4,0.6847
noteOn,73920,159,76:90,E5,E5,0.6847
noteOn,73920,159,81:90,A5,A5,0.6847
noteOn,73920,239,61:90,C#4,Db4,0.6847
noteOn,73920,239,64:90,E4,E4,0.6847
noteOn,74080,159,69:90,A4,A4,0.5934
noteOn,74080,159,76:90,E5,E5,0.5934
noteOn,74080,159,81:90,A5,A5,0.5934
noteOn,74160,239,61:90,C#4,Db4,0.4564
noteOn,74160,239,64:90,E4,E4,0.4564
noteOn,74240,159,69:90,A4,A4,0.5021
noteOn,74240,159,76:90,E5,E5,0.5021
noteOn,74240,159,81:90,A5,A5,0.5021
noteOn,74400,479,36:108,C2,C2,0.639
noteOn,74400,479,48:108,C3,C3,0.639
noteOn,74560,159,69:90,A4,A4,0.6847
noteOn,74560,159,76:90,E5,E5,0.6847
noteOn,74560,159,78:90,F#5,Gb5,0.6847
noteOn,74720,159,69:90,A4,A4,0.8216
noteOn,74720,159,76:90,E5,E5,0.8216
noteOn,74720,159,78:90,F#5,Gb5,0.8216
noteOn,74880,159,69:90,A4,A4,0.9129
noteOn,74880,159,76:90,E5,E5,0.9129
noteOn,74880,159,78:90,F#5,Gb5,0.9129
noteOn,74880,239,60:90,C4,C4,0.9129
noteOn,74880,239,64:90,E4,E4,0.9129
noteOn,74880,239,66:90,F#4,Gb4,0.9129
noteOn,75040,159,69:90,A4,A4,0.639
noteOn,75040,159,76:90,E5,E5,0.639
noteOn,75040,159,78:90,F#5,Gb5,0.639
noteOn,75120,239,60:90,C4,C4,0.5021
noteOn,75120,239,64:90,E4,E4,0.5021
noteOn,75120,239,66:90,F#4,Gb4,0.5021
noteOn,75200,159,69:90,A4,A4,0.3651
noteOn,75200,159,76:90,E5,E5,0.3651
noteOn,75200,159,78:90,F#5,Gb5,0.3651
noteOn,75360,479,71:90,B4,B4,0.3651
noteOn,75360,479,83:90,B5,B5,0.3651
noteOn,75360,479,64:90,E4,E4,0.3651
noteOn,75360,479,68:90,G#4,Ab4,0.3651
noteOn,75360,959,59:90,B3,B3,0.3651
noteOn,75840,159,81:90,A5,A5,0.3651
noteOn,75840,479,66:90,F#4,Gb4,0.3651
noteOn,75840,479,69:90,A4,A4,0.3651
noteOn,76000,159,71:90,B4,B4,0.2739
noteOn,76160,159,75:90,D#5,Eb5,0.2739
noteOn,76320,159,76:90,E5,E5,0.2739
noteOn,76320,239,68:90,G#4,Ab4,0.2739
noteOn,76320,239,64:90,E4,E4,0.2739
noteOn,76480,159,80:90,G#5,Ab5,0.1826
noteOn,76640,159,83:90,B5,B5,0.1826
noteOn,76800,159,76:90,E5,E5,0.3195
noteOn,76960,159,80:90,G#5,Ab5,0.2739
noteOn,77120,159,81:90,A5,A5,0.2282
noteOn,77280,479,83:90,B5,B5,0.3195
noteOn,77280,479,52:90,E3,E3,0.3195
noteOn,77280,479,56:90,G#3,Ab3,0.3195
noteOn,77280,959,47:90,B2,B2,0.3195
noteOn,77760,159,81:90,A5,A5,0.3651
noteOn,77760,479,54:90,F#3,Gb3,0.3651
noteOn,77760,479,57:90,A3,A3,0.3651
noteOn,77920,159,71:90,B4,B4,0.2739
noteOn,78080,159,75:90,D#5,Eb5,0.2739
noteOn,78240,159,76:90,E5,E5,0.2739
noteOn,78240,239,56:90,G#3,Ab3,0.2739
noteOn,78240,239,52:90,E3,E3,0.2739
noteOn,78400,159,71:90,B4,B4,0.1826
noteOn,78560,159,80:90,G#5,Ab5,0.1826
noteOn,78720,159,76:90,E5,E5,0.2282
noteOn,78880,159,71:90,B4,B4,0.1826
noteOn,79040,159,68:90,G#4,Ab4,0.1369
setTempo,79200,0,705882,85.00004250002125,,
noteOn,79200,239,64:90,E4,E4,0.1369
noteOn,79200,239,52:90,E3,E3,0.1369
noteOn,79680,119,52:90,E3,E3,0.1826
noteOn,79920,119,52:90,E3,E3,0.1369
noteOn,80160,239,64:60,E4,E4,0.1826
noteOn,80160,239,52:60,E3,E3,0.1826
noteOn,80640,119,64:60,E4,E4,0.4564
noteOn,80640,119,52:60,E3,E3,0.4564
noteOn,80880,119,64:60,E4,E4,0.3651
noteOn,80880,119,52:60,E3,E3,0.3651
noteOn,81120,239,64:60,E4,E4,0.5477
noteOn,81120,239,68:60,G#4,Ab4,0.5477
noteOn,81120,239,71:60,B4,B4,0.5477
noteOn,81120,239,76:60,E5,E5,0.5477
noteOn,81120,239,52:60,E3,E3,0.5477
noteOn,81120,239,62:60,D4,D4,0.5477
noteOn,81600,119,64:54,E4,E4,0.7759
noteOn,81600,119,68:54,G#4,Ab4,0.7759
noteOn,81600,119,71:54,B4,B4,0.7759
noteOn,81600,119,76:54,E5,E5,0.7759
noteOn,81600,119,52:54,E3,E3,0.7759
noteOn,81600,119,62:54,D4,D4,0.7759
noteOn,81840,119,64:50,E4,E4,0.5021
noteOn,81840,119,68:50,G#4,Ab4,0.5021
noteOn,81840,119,71:50,B4,B4,0.5021
noteOn,81840,119,76:50,E5,E5,0.5021
noteOn,81840,119,52:50,E3,E3,0.5021
noteOn,81840,119,62:50,D4,D4,0.5021
noteOn,82080,239,64:50,E4,E4,0.4564
noteOn,82080,239,67:50,G4,G4,0.4564
noteOn,82080,239,70:50,A#4,Bb4,0.4564
noteOn,82080,239,52:50,E3,E3,0.4564
noteOn,82080,239,61:50,C#4,Db4,0.4564
noteOn,82560,119,64:50,E4,E4,0.7759
noteOn,82560,119,67:50,G4,G4,0.7759
noteOn,82560,119,70:50,A#4,Bb4,0.7759
noteOn,82560,119,52:50,E3,E3,0.7759
noteOn,82560,119,60:50,C4,C4,0.7759
noteOn,82800,119,64:50,E4,E4,0.5477
noteOn,82800,119,67:50,G4,G4,0.5477
noteOn,82800,119,70:50,A#4,Bb4,0.5477
noteOn,82800,119,52:50,E3,E3,0.5477
noteOn,82800,119,60:50,C4,C4,0.5477
noteOn,83040,479,64:60,E4,E4,0.4564
noteOn,83040,479,68:60,G#4,Ab4,0.4564
noteOn,83040,479,71:60,B4,B4,0.4564
noteOn,83040,479,52:50,E3,E3,0.4564
noteOn,83040,479,56:50,G#3,Ab3,0.4564
noteOn,83040,479,59:50,B3,B3,0.4564
noteOn,83040,959,47:50,B2,B2,0.4564
noteOn,83520,159,69:50,A4,A4,0.3651
noteOn,83520,479,54:50,F#3,Gb3,0.3651
noteOn,83520,479,57:50,A3,A3,0.3651
noteOn,83680,159,59:50,B3,B3,0.2739
noteOn,83840,159,63:50,D#4,Eb4,0.2739
noteOn,84000,79,64:50,E4,E4,0.2739
noteOn,84000,239,56:50,G#3,Ab3,0.2739
noteOn,84000,239,52:50,E3,E3,0.2739
noteOn,84160,159,71:50,B4,B4,0.1826
noteOn,84320,159,80:50,G#5,Ab5,0.1826
noteOn,84480,159,76:50,E5,E5,0.2282
noteOn,84640,159,71:50,B4,B4,0.1826
noteOn,84800,159,68:50,G#4,Ab4,0.1369
noteOn,84960,239,64:50,E4,E4,0.1369
noteOn,84960,239,40:50,E2,E2,0.1369
noteOn,85440,119,40:50,E2,E2,0.1826
noteOn,85680,119,40:50,E2,E2,0.1369
noteOn,85920,239,52:50,E3,E3,0.1826
noteOn,85920,239,40:50,E2,E2,0.1826
noteOn,86400,119,52:50,E3,E3,0.4564
noteOn,86400,119,40:50,E2,E2,0.4564
noteOn,86640,119,52:50,E3,E3,0.3651
noteOn,86640,119,40:50,E2,E2,0.3651
noteOn,86880,479,53:60,F3,F3,0.5477
noteOn,86880,479,56:60,G#3,Ab3,0.5477
noteOn,86880,479,59:60,B3,B3,0.5477
noteOn,86880,479,65:60,F4,F4,0.5477
noteOn,86880,239,40:50,E2,E2,0.5477
noteOn,86880,239,50:50,D3,D3,0.5477
noteOn,87360,119,52:50,E3,E3,0.7759
noteOn,87360,119,56:50,G#3,Ab3,0.7759
noteOn,87360,119,59:50,B3,B3,0.7759
noteOn,87360,119,64:50,E4,E4,0.7759
noteOn,87360,119,40:50,E2,E2,0.7759
noteOn,87360,119,50:50,D3,D3,0.7759
noteOn,87600,119,52:50,E3,E3,0.5021
noteOn,87600,119,56:50,G#3,Ab3,0.5021
noteOn,87600,119,59:50,B3,B3,0.5021
noteOn,87600,119,64:50,E4,E4,0.5021
noteOn,87600,119,40:50,E2,E2,0.5021
noteOn,87600,119,50:50,D3,D3,0.5021
noteOn,87840,239,52:50,E3,E3,0.4564
noteOn,87840,239,55:50,G3,G3,0.4564
noteOn,87840,239,58:50,A#3,Bb3,0.4564
noteOn,87840,239,40:50,E2,E2,0.4564
noteOn,87840,239,49:50,C#3,Db3,0.4564
noteOn,88320,239,52:50,E3,E3,0.6847
noteOn,88320,239,55:50,G3,G3,0.6847
noteOn,88320,239,58:50,A#3,Bb3,0.6847
noteOn,88320,119,40:50,E2,E2,0.6847
noteOn,88320,119,48:50,C3,C3,0.6847
noteOn,88560,239,52:50,E3,E3,0.4564
noteOn,88560,239,55:50,G3,G3,0.4564
noteOn,88560,239,58:50,A#3,Bb3,0.4564
noteOn,88560,119,40:50,E2,E2,0.4564
noteOn,88560,119,48:50,C3,C3,0.4564
timeSignature,88800,0,3:4,3/4,,
noteOn,88800,639,59:50,B3,B3,0.3195
noteOn,88800,479,52:60,E3,E3,0.3195
noteOn,88800,479,56:60,G#3,Ab3,0.3195
noteOn,88800,959,35:50,B1,B1,0.3195
noteOn,88800,959,47:50,B2,B2,0.3195
noteOn,89280,479,54:50,F#3,Gb3,0.4108
noteOn,89280,479,57:50,A3,A3,0.4108
noteOn,89440,159,61:50,C#4,Db4,0.3195
noteOn,89600,159,63:50,D#4,Eb4,0.2739
noteOn,89760,239,64:50,E4,E4,0.2739
noteOn,89760,239,56:50,G#3,Ab3,0.2739
noteOn,89760,239,40:50,E2,E2,0.2739
noteOn,89760,239,47:50,B2,B2,0.2739
noteOn,89760,239,52:50,E3,E3,0.2739
timeSignature,90240,0,1:4,1/4,,
setTempo,90240,0,705882,85.00004250002125,,
noteOn,90240,359,68:70,G#4,Ab4,0.2739
noteOn,90600,119,69:70,A4,A4,0.2282
timeSignature,90720,0,4:4,4/4,,
noteOn,90720,959,71:84,B4,B4,0.1826
noteOn,90720,959,59:70,B3,B3,0.1826
noteOn,90720,959,62:70,D4,D4,0.1826
noteOn,90720,959,53:70,F3,F3,0.1826
noteOn,91680,359,69:70,A4,A4,0.3651
noteOn,91680,959,57:70,A3,A3,0.3651
noteOn,91680,959,61:70,C#4,Db4,0.3651
noteOn,91680,239,54:70,F#3,Gb3,0.3651
noteOn,92040,119,68:70,G#4,Ab4,0.3195
noteOn,92160,239,66:70,F#4,Gb4,0.5021
noteOn,92160,359,33:70,A1,A1,0.5021
noteOn,92160,359,45:70,A2,A2,0.5021
noteOn,92400,239,68:70,G#4,Ab4,0.3651
noteOn,92520,119,35:70,B1,B1,0.3195
noteOn,92520,119,47:70,B2,B2,0.3195
noteOn,92640,959,56:70,G#3,Ab3,0.2282
noteOn,92640,959,61:70,C#4,Db4,0.2282
noteOn,92640,959,65:70,F4,F4,0.2282
noteOn,92640,959,37:70,C#2,Db2,0.2282
noteOn,92640,959,49:70,C#3,Db3,0.2282
noteOn,93600,239,57:70,A3,A3,0.4564
noteOn,93600,239,61:70,C#4,Db4,0.4564
noteOn,93600,239,66:70,F#4,Gb4,0.4564
noteOn,93600,359,35:70,B1,B1,0.4564
noteOn,93600,359,47:70,B2,B2,0.4564
noteOn,93960,119,33:70,A1,A1,0.3651
noteOn,93960,119,45:70,A2,A2,0.3651
noteOn,94080,359,66:70,F#4,Gb4,0.4564
noteOn,94080,239,32:70,G#1,Ab1,0.4564
noteOn,94080,239,44:70,G#2,Ab2,0.4564
noteOn,94320,239,33:70,A1,A1,0.3195
noteOn,94320,239,45:70,A2,A2,0.3195
noteOn,94440,119,68:70,G#4,Ab4,0.2282
noteOn,94560,959,69:84,A4,A4,0.1826
noteOn,94560,959,57:70,A3,A3,0.1826
noteOn,94560,959,60:70,C4,C4,0.1826
noteOn,94560,959,39:70,D#2,Eb2,0.1826
noteOn,95520,359,68:70,G#4,Ab4,0.3651
noteOn,95520,959,56:70,G#3,Ab3,0.3651
noteOn,95520,959,59:70,B3,B3,0.3651
noteOn,95520,239,40:70,E2,E2,0.3651
noteOn,95880,119,66:70,F#4,Gb4,0.3195
noteOn,96000,239,64:70,E4,E4,0.5021
noteOn,96000,359,32:70,G#1,Ab1,0.5021
noteOn,96000,359,44:70,G#2,Ab2,0.5021
noteOn,96240,239,66:70,F#4,Gb4,0.3651
noteOn,96360,119,33:70,A1,A1,0.3195
noteOn,96360,119,45:70,A2,A2,0.3195
noteOn,96480,959,54:70,F#3,Gb3,0.2282
noteOn,96480,959,59:70,B3,B3,0.2282
noteOn,96480,959,63:70,D#4,Eb4,0.2282
noteOn,96480,959,35:70,B1,B1,0.2282
noteOn,96480,959,47:70,B2,B2,0.2282
noteOn,97440,239,56:70,G#3,Ab3,0.4564
noteOn,97440,239,59:70,B3,B3,0.4564
noteOn,97440,239,64:70,E4,E4,0.4564
noteOn,97440,359,33:70,A1,A1,0.4564
noteOn,97440,359,45:70,A2,A2,0.4564
noteOn,97800,119,32:70,G#1,Ab1,0.3651
noteOn,97800,119,44:70,G#2,Ab2,0.3651
noteOn,97920,359,64:90,E4,E4,0.5021
noteOn,97920,239,30:90,F#1,Gb1,0.5021
noteOn,97920,239,42:90,F#2,Gb2,0.5021
noteOn,98160,239,32:90,G#1,Ab1,0.4108
noteOn,98160,239,44:90,G#2,Ab2,0.4108
noteOn,98280,119,66:90,F#4,Gb4,0.3195
noteOn,98400,959,56:90,G#3,Ab3,0.3195
noteOn,98400,959,63:90,D#4,Eb4,0.3195
noteOn,98400,959,68:90,G#4,Ab4,0.3195
noteOn,98400,0,36:90,C2,C2,0.3195
noteOn,98400,959,36:90,C2,C2,0.3195
noteOn,98640,239,44:90,G#2,Ab2,0.1369
noteOn,98880,239,44:90,G#2,Ab2,0.3195
noteOn,99120,239,44:90,G#2,Ab2,0.2739
noteOn,99360,359,68:90,G#4,Ab4,0.3195
noteOn,99360,959,56:90,G#3,Ab3,0.3195
noteOn,99360,959,64:90,E4,E4,0.3195
noteOn,99360,1199,44:90,G#2,Ab2,0.3195
noteOn,99360,959,37:90,C#2,Db2,0.3195
noteOn,99720,119,69:60,A4,A4,0.1369
noteOn,99840,239,68:60,G#4,Ab4,0.2739
noteOn,100080,239,67:60,G4,G4,0.3651
setTempo,100320,0,705882,85.00004250002125,,
noteOn,100320,239,56:60,G#3,Ab3,0.5021
noteOn,100320,239,63:60,D#4,Eb4,0.5021
noteOn,100320,239,68:60,G#4,Ab4,0.5021
noteOn,100320,239,36:60,C2,C2,0.5021
noteOn,100560,239,63:60,D#4,Eb4,0.4564
noteOn,100560,239,72:60,C5,C5,0.4564
noteOn,100560,239,75:60,D#5,Eb5,0.4564
noteOn,100800,239,63:60,D#4,Eb4,0.5021
noteOn,100800,239,72:60,C5,C5,0.5021
noteOn,100800,239,75:60,D#5,Eb5,0.5021
noteOn,100800,479,32:60,G#1,Ab1,0.5021
noteOn,101040,239,63:60,D#4,Eb4,0.3195
noteOn,101040,239,72:60,C5,C5,0.3195
noteOn,101040,239,75:60,D#5,Eb5,0.3195
noteOn,101280,1199,63:72,D#4,Eb4,0.2739
noteOn,101280,1439,73:72,C#5,Db5,0.2739
noteOn,101280,1199,75:72,D#5,Eb5,0.2739
noteOn,101280,359,32:60,G#1,Ab1,0.2739
noteOn,101640,119,33:60,A1,A1,0.1369
noteOn,101760,359,32:60,G#1,Ab1,0.2282
noteOn,102120,119,31:60,G1,G1,0.2282
noteOn,102240,239,72:60,C5,C5,0.4108
noteOn,102240,0,32:60,G#1,Ab1,0.4108
noteOn,102240,239,32:60,G#1,Ab1,0.4108
noteOn,102480,239,44:60,G#2,Ab2,0.3195
noteOn,102720,479,56:90,G#3,Ab3,0.5021
noteOn,102720,479,63:90,D#4,Eb4,0.5021
noteOn,102720,479,68:90,G#4,Ab4,0.5021
noteOn,102720,239,44:90,G#2,Ab2,0.5021
noteOn,102720,479,36:90,C2,C2,0.5021
noteOn,102960,239,44:90,G#2,Ab2,0.2739
noteOn,103200,359,68:108,G#4,Ab4,0.3195
noteOn,103200,2399,56:90,G#3,Ab3,0.3195
noteOn,103200,2399,64:90,E4,E4,0.3195
noteOn,103200,2399,44:90,G#2,Ab2,0.3195
noteOn,103200,959,37:90,C#2,Db2,0.3195
noteOn,103560,119,69:90,A4,A4,0.1369
noteOn,103680,239,68:90,G#4,Ab4,0.1826
noteOn,103920,239,67:90,G4,G4,0.1369
noteOn,104160,359,68:90,G#4,Ab4,0.1826
noteOn,104160,1119,36:90,C2,C2,0.1826
noteOn,104520,119,69:90,A4,A4,0.1369
noteOn,104640,239,68:90,G#4,Ab4,0.1826
noteOn,104880,239,67:90,G4,G4,0.1369
noteOn,105120,359,68:60,G#4,Ab4,0.3651
noteOn,105120,479,35:60,B1,B1,0.3651
noteOn,105480,119,69:75,A4,A4,0.3195
noteOn,105600,239,68:80,G#4,Ab4,0.5021
noteOn,105600,479,61:80,C#4,Db4,0.5021
noteOn,105600,479,64:80,E4,E4,0.5021
noteOn,105600,479,33:80,A1,A1,0.5021
noteOn,105600,479,45:80,A2,A2,0.5021
noteOn,105840,239,67:90,G4,G4,0.2739
noteOn,106080,959,61:100,C#4,Db4,0.2282
noteOn,106080,959,64:100,E4,E4,0.2282
noteOn,106080,959,68:100,G#4,Ab4,0.2282
noteOn,106080,959,32:100,G#1,Ab1,0.2282
noteOn,106080,959,44:100,G#2,Ab2,0.2282
noteOn,107040,959,66:100,F#4,Gb4,0.2739
noteOn,107040,959,72:100,C5,C5,0.2739
noteOn,107040,959,75:100,D#5,Eb5,0.2739
noteOn,107040,959,80:100,G#5,Ab5,0.2739
noteOn,107040,959,32:100,G#1,Ab1,0.2739
noteOn,107040,959,44:100,G#2,Ab2,0.2739
noteOn,108000,479,61:100,C#4,Db4,0.5021
noteOn,108000,479,64:100,E4,E4,0.5021
noteOn,108000,479,68:100,G#4,Ab4,0.5021
noteOn,108000,159,37:100,C#2,Db2,0.5021
noteOn,108000,159,49:100,C#3,Db3,0.5021
noteOn,108160,159,39:100,D#2,Eb2,0.3651
noteOn,108160,159,51:100,D#3,Eb3,0.3651
noteOn,108320,159,40:100,E2,E2,0.3651
noteOn,108320,159,52:100,E3,E3,0.3651
noteOn,108480,159,42:100,F#2,Gb2,0.3651
noteOn,108480,159,54:100,F#3,Gb3,0.3651
noteOn,108640,159,44:100,G#2,Ab2,0.3651
noteOn,108640,159,56:100,G#3,Ab3,0.3651
noteOn,108800,159,46:100,A#2,Bb2,0.3651
noteOn,108800,159,58:100,A#3,Bb3,0.3651
noteOn,108960,159,48:100,C3,C3,0.3651
noteOn,108960,159,60:100,C4,C4,0.3651
noteOn,109120,159,49:100,C#3,Db3,0.2739
noteOn,109120,159,61:100,C#4,Db4,0.2739
noteOn,109280,159,51:100,D#3,Eb3,0.2739
noteOn,109280,159,63:100,D#4,Eb4,0.2739
noteOn,109440,78,52:100,E3,E3,0.3651
noteOn,109440,78,64:100,E4,E4,0.3651
noteOn,109680,78,52:100,E3,E3,0.3651
noteOn,109680,78,64:100,E4,E4,0.3651
setTempo,109920,0,705882,85.00004250002125,,
noteOn,109920,0,64:100,E4,E4,0.4564
noteOn,109920,159,76:100,E5,E5,0.4564
noteOn,109920,1919,52:100,E3,E3,0.4564
noteOn,109920,1919,64:100,E4,E4,0.4564
noteOn,110080,159,66:100,F#4,Gb4,0.3651
noteOn,110080,159,78:100,F#5,Gb5,0.3651
noteOn,110240,159,68:100,G#4,Ab4,0.3651
noteOn,110240,159,80:100,G#5,Ab5,0.3651
noteOn,110400,159,70:100,A#4,Bb4,0.3651
noteOn,110400,159,82:100,A#5,Bb5,0.3651
noteOn,110560,159,72:100,C5,C5,0.3651
noteOn,110560,159,84:100,C6,C6,0.3651
noteOn,110720,159,73:100,C#5,Db5,0.3651
noteOn,110720,159,85:100,C#6,Db6,0.3651
noteOn,110880,159,75:100,D#5,Eb5,0.3651
noteOn,110880,159,87:100,D#6,Eb6,0.3651
noteOn,111040,159,76:100,E5,E5,0.2739
noteOn,111040,159,88:100,E6,E6,0.2739
noteOn,111200,159,78:100,F#5,Gb5,0.2739
noteOn,111200,159,90:100,F#6,Gb6,0.2739
noteOn,111360,78,80:100,G#5,Ab5,0.4564
noteOn,111360,78,92:100,G#6,Ab6,0.4564
noteOn,111600,78,80:100,G#5,Ab5,0.4564
noteOn,111600,78,92:100,G#6,Ab6,0.4564
noteOn,111840,1919,81:100,A5,A5,0.5477
noteOn,111840,1919,85:100,C#6,Db6,0.5477
noteOn,111840,1919,88:100,E6,E6,0.5477
noteOn,111840,1919,93:100,A6,A6,0.5477
noteOn,111840,159,31:100,G1,G1,0.5477
noteOn,111840,159,43:100,G2,G2,0.5477
noteOn,112000,159,33:100,A1,A1,0.3651
noteOn,112000,159,45:100,A2,A2,0.3651
noteOn,112160,159,35:100,B1,B1,0.3651
noteOn,112160,159,47:100,B2,B2,0.3651
noteOn,112320,159,37:100,C#2,Db2,0.3651
noteOn,112320,159,49:100,C#3,Db3,0.3651
noteOn,112480,159,38:100,D2,D2,0.3651
noteOn,112480,159,50:100,D3,D3,0.3651
noteOn,112640,159,40:100,E2,E2,0.3651
noteOn,112640,159,52:100,E3,E3,0.3651
noteOn,112800,159,42:100,F#2,Gb2,0.3651
noteOn,112800,159,54:100,F#3,Gb3,0.3651
noteOn,112960,159,43:100,G2,G2,0.2739
noteOn,112960,159,55:100,G3,G3,0.2739
noteOn,113120,159,45:100,A2,A2,0.2739
noteOn,113120,159,57:100,A3,A3,0.2739
noteOn,113280,78,43:100,G2,G2,0.4564
noteOn,113280,78,55:100,G3,G3,0.4564
noteOn,113520,78,43:100,G2,G2,0.4564
noteOn,113520,78,55:100,G3,G3,0.4564
noteOn,113760,159,69:100,A4,A4,0.5477
noteOn,113760,159,81:100,A5,A5,0.5477
noteOn,113760,1919,55:100,G3,G3,0.5477
noteOn,113760,1919,61:100,C#4,Db4,0.5477
noteOn,113760,1919,64:100,E4,E4,0.5477
noteOn,113760,1919,67:100,G4,G4,0.5477
noteOn,113920,159,71:100,B4,B4,0.3651
noteOn,113920,159,83:100,B5,B5,0.3651
noteOn,114080,159,73:100,C#5,Db5,0.3651
noteOn,114080,159,85:100,C#6,Db6,0.3651
noteOn,114240,159,74:100,D5,D5,0.3651
noteOn,114240,159,86:100,D6,D6,0.3651
noteOn,114400,159,76:100,E5,E5,0.3651
noteOn,114400,159,88:100,E6,E6,0.3651
noteOn,114560,159,78:100,F#5,Gb5,0.3651
noteOn,114560,159,90:100,F#6,Gb6,0.3651
noteOn,114720,159,80:100,G#5,Ab5,0.3651
noteOn,114720,159,92:100,G#6,Ab6,0.3651
noteOn,114880,159,81:100,A5,A5,0.2739
noteOn,114880,159,93:100,A6,A6,0.2739
noteOn,115040,159,83:100,B5,B5,0.2739
noteOn,115040,159,95:100,B6,B6,0.2739
noteOn,115200,78,81:100,A5,A5,0.4564
noteOn,115200,78,93:100,A6,A6,0.4564
noteOn,115440,78,81:100,A5,A5,0.4564
noteOn,115440,78,93:100,A6,A6,0.4564
noteOn,115680,1919,81:100,A5,A5,0.5477
noteOn,115680,1919,86:100,D6,D6,0.5477
noteOn,115680,1919,90:100,F#6,Gb6,0.5477
noteOn,115680,1919,93:100,A6,A6,0.5477
noteOn,115680,159,30:100,F#1,Gb1,0.5477
noteOn,115680,159,42:100,F#2,Gb2,0.5477
noteOn,115840,159,31:100,G1,G1,0.3651
noteOn,115840,159,43:100,G2,G2,0.3651
noteOn,116000,159,33:100,A1,A1,0.3651
noteOn,116000,159,45:100,A2,A2,0.3651
noteOn,116160,159,35:100,B1,B1,0.3651
noteOn,116160,159,47:100,B2,B2,0.3651
noteOn,116320,159,37:100,C#2,Db2,0.3651
noteOn,116320,159,49:100,C#3,Db3,0.3651
noteOn,116480,159,38:100,D2,D2,0.3651
noteOn,116480,159,50:100,D3,D3,0.3651
noteOn,116640,159,40:100,E2,E2,0.3651
noteOn,116640,159,52:100,E3,E3,0.3651
noteOn,116800,159,42:100,F#2,Gb2,0.2739
noteOn,116800,159,54:100,F#3,Gb3,0.2739
noteOn,116960,159,43:100,G2,G2,0.2739
noteOn,116960,159,55:100,G3,G3,0.2739
noteOn,117120,78,42:100,F#2,Gb2,0.4564
noteOn,117120,78,54:100,F#3,Gb3,0.4564
noteOn,117360,78,42:100,F#2,Gb2,0.4564
noteOn,117360,78,54:100,F#3,Gb3,0.4564
setTempo,117600,0,705882,85.00004250002125,,
noteOn,117600,159,69:100,A4,A4,0.5477
noteOn,117600,159,81:100,A5,A5,0.5477
noteOn,117600,1919,62:100,D4,D4,0.5477
noteOn,117600,1919,66:100,F#4,Gb4,0.5477
noteOn,117600,1919,54:100,F#3,Gb3,0.5477
noteOn,117600,1919,57:100,A3,A3,0.5477
noteOn,117760,159,71:100,B4,B4,0.3651
noteOn,117760,159,83:100,B5,B5,0.3651
noteOn,117920,159,73:100,C#5,Db5,0.3651
noteOn,117920,159,85:100,C#6,Db6,0.3651
noteOn,118080,159,74:100,D5,D5,0.3651
noteOn,118080,159,86:100,D6,D6,0.3651
noteOn,118240,159,76:100,E5,E5,0.3651
noteOn,118240,159,88:100,E6,E6,0.3651
noteOn,118400,159,78:100,F#5,Gb5,0.3651
noteOn,118400,159,90:100,F#6,Gb6,0.3651
noteOn,118560,159,80:100,G#5,Ab5,0.3651
noteOn,118560,159,92:100,G#6,Ab6,0.3651
noteOn,118720,159,81:100,A5,A5,0.2739
noteOn,118720,159,93:100,A6,A6,0.2739
noteOn,118880,159,83:100,B5,B5,0.2739
noteOn,118880,159,95:100,B6,B6,0.2739
noteOn,119040,239,81:100,A5,A5,0.4564
noteOn,119040,239,93:100,A6,A6,0.4564
noteOn,119280,239,81:100,A5,A5,0.4564
noteOn,119280,239,93:100,A6,A6,0.4564
noteOn,119520,1919,84:100,C6,C6,0.5477
noteOn,119520,1919,89:100,F6,F6,0.5477
noteOn,119520,1919,93:100,A6,A6,0.5477
noteOn,119520,1919,96:100,C7,C7,0.5477
noteOn,119520,159,29:100,F1,F1,0.5477
noteOn,119520,159,41:100,F2,F2,0.5477
noteOn,119680,159,30:100,F#1,Gb1,0.3195
noteOn,119680,159,43:100,G2,G2,0.3195
noteOn,119840,159,33:100,A1,A1,0.3195
noteOn,119840,159,45:100,A2,A2,0.3195
noteOn,120000,159,35:100,B1,B1,0.3195
noteOn,120000,159,47:100,B2,B2,0.3195
noteOn,120160,159,48:100,C3,C3,0.3195
noteOn,120320,159,38:100,D2,D2,0.3651
noteOn,120320,159,50:100,D3,D3,0.3651
noteOn,120480,159,40:100,E2,E2,0.3651
noteOn,120480,159,52:100,E3,E3,0.3651
noteOn,120640,159,41:100,F2,F2,0.2739
noteOn,120640,159,53:100,F3,F3,0.2739
noteOn,120800,159,43:100,G2,G2,0.2739
noteOn,120800,159,55:100,G3,G3,0.2739
noteOn,120960,239,41:100,F2,F2,0.4564
noteOn,120960,239,53:100,F3,F3,0.4564
noteOn,121200,239,41:100,F2,F2,0.4564
noteOn,121200,239,53:100,F3,F3,0.4564
noteOn,121440,159,69:100,A4,A4,0.5477
noteOn,121440,159,81:100,A5,A5,0.5477
noteOn,121440,1919,57:100,A3,A3,0.5477
noteOn,121440,1919,60:100,C4,C4,0.5477
noteOn,121440,1919,63:100,D#4,Eb4,0.5477
noteOn,121440,1919,53:100,F3,F3,0.5477
noteOn,121600,159,71:100,B4,B4,0.3651
noteOn,121600,159,83:100,B5,B5,0.3651
noteOn,121760,159,72:100,C5,C5,0.3651
noteOn,121760,159,84:100,C6,C6,0.3651
noteOn,121920,159,75:100,D#5,Eb5,0.3651
noteOn,121920,159,87:100,D#6,Eb6,0.3651
noteOn,122080,159,76:100,E5,E5,0.3651
noteOn,122080,159,88:100,E6,E6,0.3651
noteOn,122240,159,77:100,F5,F5,0.3651
noteOn,122240,159,89:100,F6,F6,0.3651
noteOn,122400,159,68:100,G#4,Ab4,0.3651
noteOn,122400,159,80:100,G#5,Ab5,0.3651
noteOn,122560,159,69:100,A4,A4,0.2739
noteOn,122560,159,81:100,A5,A5,0.2739
noteOn,122720,159,71:100,B4,B4,0.2739
noteOn,122720,159,83:100,B5,B5,0.2739
noteOn,122880,239,72:100,C5,C5,0.3651
noteOn,122880,239,84:100,C6,C6,0.3651
noteOn,123120,239,69:100,A4,A4,0.2739
noteOn,123120,239,81:100,A5,A5,0.2739
noteOn,123360,479,76:100,E5,E5,0.2282
noteOn,123360,479,88:100,E6,E6,0.2282
noteOn,123360,479,40:100,E2,E2,0.2282
noteOn,123360,479,52:100,E3,E3,0.2282
noteOn,123840,119,76:70,E5,E5,0.1369
noteOn,124080,119,76:70,E5,E5,0.0913
noteOn,124320,239,76:70,E5,E5,0.0913
noteOn,124800,119,76:70,E5,E5,0.2739
noteOn,125040,119,76:70,E5,E5,0.2282
noteOn,125280,239,76:70,E5,E5,0.3195
noteOn,125280,239,64:70,E4,E4,0.3195
noteOn,125280,479,52:70,E3,E3,0.3195
noteOn,125280,479,56:70,G#3,Ab3,0.3195
noteOn,125760,119,64:70,E4,E4,0.4564
noteOn,125760,239,52:70,E3,E3,0.4564
noteOn,125760,239,56:70,G#3,Ab3,0.4564
noteOn,126000,119,64:70,E4,E4,0.3195
noteOn,126000,239,52:70,E3,E3,0.3195
noteOn,126000,239,56:70,G#3,Ab3,0.3195
noteOn,126240,239,92:70,G#6,Ab6,0.2739
noteOn,126240,479,64:70,E4,E4,0.2739
noteOn,126240,959,52:70,E3,E3,0.2739
noteOn,126240,959,56:70,G#3,Ab3,0.2739
noteOn,126720,119,92:70,G#6,Ab6,0.3195
noteOn,126720,239,59:70,B3,B3,0.3195
noteOn,126960,119,92:70,G#6,Ab6,0.2282
setTempo,127200,0,705882,85.00004250002125,,
noteOn,127200,479,92:70,G#6,Ab6,0.3651
noteOn,127200,239,52:70,E3,E3,0.3651
noteOn,127200,239,56:70,G#3,Ab3,0.3651
noteOn,127200,239,60:70,C4,C4,0.3651
noteOn,127680,239,87:70,D#6,Eb6,0.5021
noteOn,127680,119,52:70,E3,E3,0.5021
noteOn,127680,119,56:70,G#3,Ab3,0.5021
noteOn,127680,119,60:70,C4,C4,0.5021
noteOn,127920,119,52:70,E3,E3,0.3195
noteOn,127920,119,56:70,G#3,Ab3,0.3195
noteOn,127920,119,60:70,C4,C4,0.3195
noteOn,128160,479,88:70,E6,E6,0.2739
noteOn,128160,719,52:70,E3,E3,0.2739
noteOn,128160,719,56:70,G#3,Ab3,0.2739
noteOn,128160,959,61:70,C#4,Db4,0.2739
noteOn,128640,239,83:70,B5,B5,0.3195
noteOn,128640,239,62:70,D4,D4,0.3195
noteOn,129120,479,73:70,C#5,Db5,0.4564
noteOn,129120,479,85:70,C#6,Db6,0.4564
noteOn,129120,479,52:70,E3,E3,0.4564
noteOn,129120,479,57:70,A3,A3,0.4564
noteOn,129120,479,64:70,E4,E4,0.4564
noteOn,129600,239,68:70,G#4,Ab4,0.4108
noteOn,129600,239,80:70,G#5,Ab5,0.4108
noteOn,129600,239,53:70,F3,F3,0.4108
noteOn,129600,239,59:70,B3,B3,0.4108
noteOn,129600,239,62:70,D4,D4,0.4108
noteOn,130080,479,69:70,A4,A4,0.4108
noteOn,130080,479,81:70,A5,A5,0.4108
noteOn,130080,479,54:70,F#3,Gb3,0.4108
noteOn,130080,479,57:70,A3,A3,0.4108
noteOn,130560,239,66:70,F#4,Gb4,0.4564
noteOn,130560,239,78:70,F#5,Gb5,0.4564
noteOn,130560,239,51:70,D#3,Eb3,0.4564
noteOn,130560,239,57:70,A3,A3,0.4564
noteOn,130560,239,60:70,C4,C4,0.4564
noteOn,131040,359,73:70,C#5,Db5,0.3195
noteOn,131040,1919,64:70,E4,E4,0.3195
noteOn,131040,959,52:70,E3,E3,0.3195
noteOn,131040,959,57:70,A3,A3,0.3195
noteOn,131040,959,61:70,C#4,Db4,0.3195
noteOn,131400,119,74:70,D5,D5,0.1369
noteOn,131520,239,73:70,C#5,Db5,0.2739
noteOn,131760,239,74:70,D5,D5,0.2282
noteOn,132000,959,76:70,E5,E5,0.2739
noteOn,132000,959,57:70,A3,A3,0.2739
noteOn,132000,959,61:70,C#4,Db4,0.2739
noteOn,132000,359,49:70,C#3,Db3,0.2739
noteOn,132360,119,50:70,D3,D3,0.1369
noteOn,132480,239,49:70,C#3,Db3,0.3195
noteOn,132720,239,50:70,D3,D3,0.2739
noteOn,132960,359,71:70,B4,B4,0.3195
noteOn,132960,959,64:70,E4,E4,0.3195
noteOn,132960,959,52:70,E3,E3,0.3195
noteOn,132960,959,57:70,A3,A3,0.3195
noteOn,132960,959,59:70,B3,B3,0.3195
noteOn,133320,119,73:70,C#5,Db5,0.1369
noteOn,133440,239,71:70,B4,B4,0.3195
noteOn,133680,239,73:70,C#5,Db5,0.2739
noteOn,133920,719,74:70,D5,D5,0.3195
noteOn,133920,719,64:70,E4,E4,0.3195
noteOn,133920,719,56:70,G#3,Ab3,0.3195
noteOn,133920,719,59:70,B3,B3,0.3195
noteOn,133920,359,47:70,B2,B2,0.3195
noteOn,134280,119,49:70,C#3,Db3,0.2739
noteOn,134400,239,50:70,D3,D3,0.4564
noteOn,134640,239,68:70,G#4,Ab4,0.4108
noteOn,134640,239,62:70,D4,D4,0.4108
noteOn,134640,239,59:70,B3,B3,0.4108
noteOn,134640,239,52:70,E3,E3,0.4108
noteOn,134880,239,69:70,A4,A4,0.2739
noteOn,134880,239,61:70,C#4,Db4,0.2739
noteOn,134880,479,45:70,A2,A2,0.2739
noteOn,134880,479,52:70,E3,E3,0.2739
noteOn,134880,479,57:70,A3,A3,0.2739
noteOn,135360,119,52:70,E3,E3,0.1369
noteOn,135600,119,52:70,E3,E3,0.0913
noteOn,135840,239,52:70,E3,E3,0.0913
noteOn,136320,119,52:70,E3,E3,0.2282
noteOn,136560,119,52:70,E3,E3,0.1826
noteOn,136800,239,64:70,E4,E4,0.2739
noteOn,136800,479,52:70,E3,E3,0.2739
noteOn,136800,479,56:70,G#3,Ab3,0.2739
noteOn,137280,119,64:70,E4,E4,0.4564
noteOn,137280,239,52:70,E3,E3,0.4564
noteOn,137280,239,56:70,G#3,Ab3,0.4564
noteOn,137520,119,64:70,E4,E4,0.3195
noteOn,137520,239,52:70,E3,E3,0.3195
noteOn,137520,239,56:70,G#3,Ab3,0.3195
noteOn,137760,239,80:70,G#5,Ab5,0.2739
noteOn,137760,479,64:70,E4,E4,0.2739
noteOn,137760,959,52:70,E3,E3,0.2739
noteOn,137760,959,56:70,G#3,Ab3,0.2739
noteOn,138240,119,80:60,G#5,Ab5,0.3195
noteOn,138240,239,59:60,B3,B3,0.3195
noteOn,138480,119,80:60,G#5,Ab5,0.2282
setTempo,138720,0,705882,85.00004250002125,,
noteOn,138720,479,80:60,G#5,Ab5,0.3651
noteOn,138720,239,60:60,C4,C4,0.3651
noteOn,138720,479,52:60,E3,E3,0.3651
noteOn,138720,479,56:60,G#3,Ab3,0.3651
noteOn,139200,119,75:60,D#5,Eb5,0.5021
noteOn,139200,119,60:60,C4,C4,0.5021
noteOn,139200,239,52:60,E3,E3,0.5021
noteOn,139200,239,56:60,G#3,Ab3,0.5021
noteOn,139440,119,60:60,C4,C4,0.3195
noteOn,139440,239,52:60,E3,E3,0.3195
noteOn,139440,239,56:60,G#3,Ab3,0.3195
noteOn,139680,479,76:60,E5,E5,0.2739
noteOn,139680,479,61:60,C#4,Db4,0.2739
noteOn,139680,959,52:60,E3,E3,0.2739
noteOn,139680,959,56:60,G#3,Ab3,0.2739
noteOn,140160,239,71:60,B4,B4,0.3195
noteOn,140160,239,62:60,D4,D4,0.3195
noteOn,140640,479,73:60,C#5,Db5,0.4564
noteOn,140640,479,85:60,C#6,Db6,0.4564
noteOn,140640,479,52:60,E3,E3,0.4564
noteOn,140640,479,57:60,A3,A3,0.4564
noteOn,140640,479,64:60,E4,E4,0.4564
noteOn,141120,239,68:60,G#4,Ab4,0.4564
noteOn,141120,239,80:60,G#5,Ab5,0.4564
noteOn,141120,239,53:60,F3,F3,0.4564
noteOn,141120,239,59:60,B3,B3,0.4564
noteOn,141120,239,62:60,D4,D4,0.4564
noteOn,141600,479,69:60,A4,A4,0.4564
noteOn,141600,479,81:60,A5,A5,0.4564
noteOn,141600,479,54:60,F#3,Gb3,0.4564
noteOn,141600,479,57:60,A3,A3,0.4564
noteOn,141600,479,61:60,C#4,Db4,0.4564
noteOn,142080,239,66:60,F#4,Gb4,0.4564
noteOn,142080,239,78:60,F#5,Gb5,0.4564
noteOn,142080,239,50:60,D3,D3,0.4564
noteOn,142080,239,57:60,A3,A3,0.4564
noteOn,142080,239,60:60,C4,C4,0.4564
noteOn,142560,359,73:60,C#5,Db5,0.3195
noteOn,142560,1919,64:60,E4,E4,0.3195
noteOn,142560,959,57:60,A3,A3,0.3195
noteOn,142560,959,61:60,C#4,Db4,0.3195
noteOn,142560,959,52:60,E3,E3,0.3195
noteOn,142920,119,74:60,D5,D5,0.1369
noteOn,143040,239,73:60,C#5,Db5,0.2739
noteOn,143280,239,74:60,D5,D5,0.2282
noteOn,143520,959,76:60,E5,E5,0.2739
noteOn,143520,959,57:60,A3,A3,0.2739
noteOn,143520,959,61:60,C#4,Db4,0.2739
noteOn,143520,359,49:60,C#3,Db3,0.2739
noteOn,143880,119,50:60,D3,D3,0.1369
noteOn,144000,239,49:60,C#3,Db3,0.3195
noteOn,144240,239,50:60,D3,D3,0.2739
noteOn,144480,359,71:60,B4,B4,0.3195
noteOn,144480,1919,64:60,E4,E4,0.3195
noteOn,144480,959,59:60,B3,B3,0.3195
noteOn,144480,959,52:60,E3,E3,0.3195
noteOn,144480,959,57:60,A3,A3,0.3195
noteOn,144840,119,73:60,C#5,Db5,0.1369
noteOn,144960,239,71:60,B4,B4,0.2739
noteOn,145200,239,73:60,C#5,Db5,0.2282
noteOn,145440,959,74:60,D5,D5,0.2739
noteOn,145440,959,56:60,G#3,Ab3,0.2739
noteOn,145440,959,59:60,B3,B3,0.2739
noteOn,145440,359,47:60,B2,B2,0.2739
noteOn,145800,119,49:60,C#3,Db3,0.1369
noteOn,145920,239,50:60,D3,D3,0.3195
noteOn,146160,239,42:60,F#2,Gb2,0.2739
noteOn,146400,959,73:90,C#5,Db5,0.2739
noteOn,146400,959,61:90,C#4,Db4,0.2739
noteOn,146400,959,68:90,G#4,Ab4,0.2739
noteOn,146400,479,49:90,C#3,Db3,0.2739
noteOn,146400,959,41:90,F2,F2,0.2739
noteOn,146880,239,49:90,C#3,Db3,0.3195
noteOn,147120,239,49:90,C#3,Db3,0.2739
noteOn,147360,359,73:108,C#5,Db5,0.3195
noteOn,147360,959,61:90,C#4,Db4,0.3195
noteOn,147360,959,69:90,A4,A4,0.3195
noteOn,147360,959,49:90,C#3,Db3,0.3195
noteOn,147360,959,42:90,F#2,Gb2,0.3195
noteOn,147720,119,74:90,D5,D5,0.1369
noteOn,147840,239,73:90,C#5,Db5,0.3195
noteOn,148080,239,72:90,C5,C5,0.2739
noteOn,148320,959,73:90,C#5,Db5,0.2739
noteOn,148320,959,61:90,C#4,Db4,0.2739
noteOn,148320,959,68:90,G#4,Ab4,0.2739
noteOn,148320,479,49:90,C#3,Db3,0.2739
noteOn,148320,959,41:90,F2,F2,0.2739
noteOn,148800,239,49:90,C#3,Db3,0.3195
noteOn,149040,239,49:90,C#3,Db3,0.2739
noteOn,149280,359,73:108,C#5,Db5,0.3195
noteOn,149280,2879,61:90,C#4,Db4,0.3195
noteOn,149280,2879,69:90,A4,A4,0.3195
noteOn,149280,2399,49:90,C#3,Db3,0.3195
noteOn,149280,2399,42:90,F#2,Gb2,0.3195
noteOn,149640,119,74:90,D5,D5,0.1369
noteOn,149760,239,73:90,C#5,Db5,0.1826
noteOn,150000,239,72:90,C5,C5,0.1369
setTempo,150240,0,705882,85.00004250002125,,
noteOn,150240,359,73:90,C#5,Db5,0.1826
noteOn,150240,959,41:90,F2,F2,0.1826
noteOn,150600,119,74:90,D5,D5,0.1369
noteOn,150720,239,73:90,C#5,Db5,0.1826
noteOn,150960,239,72:90,C5,C5,0.1369
noteOn,151200,359,73:90,C#5,Db5,0.2282
noteOn,151200,479,40:90,E2,E2,0.2282
noteOn,151560,119,74:90,D5,D5,0.1826
noteOn,151680,359,73:90,C#5,Db5,0.3195
noteOn,151680,479,37:90,C#2,Db2,0.3195
noteOn,152040,119,74:90,D5,D5,0.3195
noteOn,152160,959,69:70,A4,A4,0.3195
noteOn,152160,959,76:70,E5,E5,0.3195
noteOn,152160,959,61:70,C#4,Db4,0.3195
noteOn,152160,239,33:70,A1,A1,0.3195
noteOn,152400,0,45:70,A2,A2,0.1826
noteOn,152400,719,45:70,A2,A2,0.1826
noteOn,152640,239,49:70,C#3,Db3,0.3651
noteOn,152880,239,52:70,E3,E3,0.3651
noteOn,153120,359,74:70,D5,D5,0.4564
noteOn,153120,959,62:70,D4,D4,0.4564
noteOn,153120,959,64:70,E4,E4,0.4564
noteOn,153120,959,68:70,G#4,Ab4,0.4564
noteOn,153120,0,47:70,B2,B2,0.4564
noteOn,153120,959,47:70,B2,B2,0.4564
noteOn,153360,239,50:70,D3,D3,0.2739
noteOn,153480,119,73:70,C#5,Db5,0.2282
noteOn,153600,239,71:70,B4,B4,0.3651
noteOn,153600,239,52:70,E3,E3,0.3651
noteOn,153840,239,73:70,C#5,Db5,0.3195
noteOn,153840,239,56:70,G#3,Ab3,0.3195
noteOn,154080,0,64:70,E4,E4,0.2739
noteOn,154080,959,61:70,C#4,Db4,0.2739
noteOn,154080,1199,64:70,E4,E4,0.2739
noteOn,154080,239,49:70,C#3,Db3,0.2739
noteOn,154320,239,57:70,A3,A3,0.1369
noteOn,154560,239,52:70,E3,E3,0.1369
noteOn,154800,239,49:70,C#3,Db3,0.1826
noteOn,155040,239,45:70,A2,A2,0.2282
noteOn,155280,239,66:70,F#4,Gb4,0.2739
noteOn,155280,239,40:70,E2,E2,0.2739
noteOn,155520,239,68:70,G#4,Ab4,0.3651
noteOn,155520,239,37:70,C#2,Db2,0.3651
noteOn,155760,239,69:70,A4,A4,0.3195
noteOn,155760,239,33:70,A1,A1,0.3195
noteOn,156000,719,71:70,B4,B4,0.2739
noteOn,156000,959,62:70,D4,D4,0.2739
noteOn,156000,959,64:70,E4,E4,0.2739
noteOn,156000,119,32:70,G#1,Ab1,0.2739
noteOn,156240,239,47:70,B2,B2,0.1826
noteOn,156480,239,52:70,E3,E3,0.3195
noteOn,156720,239,73:70,C#5,Db5,0.3195
noteOn,156720,239,56:70,G#3,Ab3,0.3195
noteOn,156960,359,74:70,D5,D5,0.3651
noteOn,156960,959,62:70,D4,D4,0.3651
noteOn,156960,959,64:70,E4,E4,0.3651
noteOn,156960,119,40:70,E2,E2,0.3651
noteOn,157200,239,52:70,E3,E3,0.2739
noteOn,157320,119,78:70,F#5,Gb5,0.2282
noteOn,157440,239,71:70,B4,B4,0.3651
noteOn,157440,239,56:70,G#3,Ab3,0.3651
noteOn,157680,239,76:70,E5,E5,0.3195
noteOn,157680,239,59:70,B3,B3,0.3195
noteOn,157920,959,73:70,C#5,Db5,0.2739
noteOn,157920,959,61:70,C#4,Db4,0.2739
noteOn,157920,959,64:70,E4,E4,0.2739
noteOn,157920,239,45:70,A2,A2,0.2739
noteOn,158160,239,49:70,C#3,Db3,0.1369
noteOn,158400,239,52:70,E3,E3,0.1369
noteOn,158640,239,57:70,A3,A3,0.1369
noteOn,158880,239,61:70,C#4,Db4,0.2282
noteOn,159120,239,57:70,A3,A3,0.2282
noteOn,159360,359,73:70,C#5,Db5,0.4108
noteOn,159360,359,85:70,C#6,Db6,0.4108
noteOn,159360,239,52:70,E3,E3,0.4108
noteOn,159600,239,49:70,C#3,Db3,0.3195
noteOn,159720,119,74:70,D5,D5,0.2739
noteOn,159720,119,86:70,D6,D6,0.2739
setTempo,159840,0,705882,85.00004250002125,,
noteOn,159840,959,76:84,E5,E5,0.2282
noteOn,159840,959,88:84,E6,E6,0.2282
noteOn,159840,239,46:70,A#2,Bb2,0.2282
noteOn,160080,239,52:70,E3,E3,0.1369
noteOn,160320,239,55:70,G3,G3,0.2282
noteOn,160560,239,61:70,C#4,Db4,0.2282
noteOn,160800,359,74:70,D5,D5,0.4108
noteOn,160800,359,86:70,D6,D6,0.4108
noteOn,160800,239,47:70,B2,B2,0.4108
noteOn,161040,239,50:70,D3,D3,0.4108
noteOn,161160,119,73:70,C#5,Db5,0.3651
noteOn,161160,119,85:70,C#6,Db6,0.3651
noteOn,161280,239,71:70,B4,B4,0.4108
noteOn,161280,239,83:70,B5,B5,0.4108
noteOn,161280,239,54:70,F#3,Gb3,0.4108
noteOn,161520,239,73:70,C#5,Db5,0.3195
noteOn,161520,239,85:70,C#6,Db6,0.3195
noteOn,161520,239,62:70,D4,D4,0.3195
noteOn,161760,1199,66:70,F#4,Gb4,0.2282
noteOn,161760,1199,78:70,F#5,Gb5,0.2282
noteOn,161760,239,49:70,C#3,Db3,0.2282
noteOn,162000,239,54:70,F#3,Gb3,0.1369
noteOn,162240,239,58:70,A#3,Bb3,0.1369
noteOn,162480,239,64:70,E4,E4,0.2282
noteOn,162720,239,50:70,D3,D3,0.3195
noteOn,162960,239,71:70,B4,B4,0.4108
noteOn,162960,239,83:70,B5,B5,0.4108
noteOn,162960,239,66:70,F#4,Gb4,0.4108
noteOn,163200,239,73:70,C#5,Db5,0.4108
noteOn,163200,239,85:70,C#6,Db6,0.4108
noteOn,163200,239,62:70,D4,D4,0.4108
noteOn,163440,239,74:70,D5,D5,0.3195
noteOn,163440,239,86:70,D6,D6,0.3195
noteOn,163440,239,59:70,B3,B3,0.3195
noteOn,163680,479,74:70,D5,D5,0.3195
noteOn,163680,479,86:70,D6,D6,0.3195
noteOn,163680,119,40:70,E2,E2,0.3195
noteOn,163920,239,52:70,E3,E3,0.2282
noteOn,164160,239,68:70,G#4,Ab4,0.3195
noteOn,164160,239,80:70,G#5,Ab5,0.3195
noteOn,164160,239,56:70,G#3,Ab3,0.3195
noteOn,164400,239,59:70,B3,B3,0.2282
noteOn,164640,359,78:70,F#5,Gb5,0.4108
noteOn,164640,359,90:70,F#6,Gb6,0.4108
noteOn,164640,119,40:70,E2,E2,0.4108
noteOn,164880,239,52:70,E3,E3,0.4108
noteOn,165000,119,75:70,D#5,Eb5,0.3651
noteOn,165000,119,87:70,D#6,Eb6,0.3651
noteOn,165120,239,76:70,E5,E5,0.4108
noteOn,165120,239,88:70,E6,E6,0.4108
noteOn,165120,239,59:70,B3,B3,0.4108
noteOn,165360,239,68:70,G#4,Ab4,0.3195
noteOn,165360,239,80:70,G#5,Ab5,0.3195
noteOn,165360,239,62:70,D4,D4,0.3195
noteOn,165600,959,69:70,A4,A4,0.2282
noteOn,165600,959,81:70,A5,A5,0.2282
noteOn,165600,239,45:70,A2,A2,0.2282
noteOn,165840,239,52:70,E3,E3,0.1369
noteOn,166080,239,61:70,C#4,Db4,0.1369
noteOn,166320,239,57:70,A3,A3,0.1369
noteOn,166560,239,52:70,E3,E3,0.1826
noteOn,166800,239,49:70,C#3,Db3,0.1369
noteOn,167040,359,33:70,A1,A1,0.2739
noteOn,167040,359,45:70,A2,A2,0.2739
noteOn,167400,119,35:70,B1,B1,0.3195
noteOn,167400,119,47:70,B2,B2,0.3195
noteOn,167520,959,37:70,C#2,Db2,0.3651
noteOn,167520,959,49:70,C#3,Db3,0.3651
noteOn,167760,239,68:70,G#4,Ab4,0.4108
noteOn,167760,239,77:70,F5,F5,0.4108
noteOn,167760,239,80:70,G#5,Ab5,0.4108
noteOn,168000,239,68:70,G#4,Ab4,0.4564
noteOn,168000,239,77:70,F5,F5,0.4564
noteOn,168000,239,80:70,G#5,Ab5,0.4564
noteOn,168240,239,68:70,G#4,Ab4,0.3195
noteOn,168240,239,77:70,F5,F5,0.3195
noteOn,168240,239,80:70,G#5,Ab5,0.3195
noteOn,168480,1199,68:84,G#4,Ab4,0.2739
noteOn,168480,2039,78:84,F#5,Gb5,0.2739
noteOn,168480,1199,80:84,G#5,Ab5,0.2739
noteOn,168480,359,37:70,C#2,Db2,0.2739
noteOn,168840,119,38:70,D2,D2,0.1369
noteOn,168960,239,37:70,C#2,Db2,0.2282
noteOn,169200,239,36:70,C2,C2,0.2282
noteOn,169440,239,77:70,F5,F5,0.4108
noteOn,169440,0,37:70,C#2,Db2,0.4108
noteOn,169440,239,37:70,C#2,Db2,0.4108
noteOn,169680,239,49:70,C#3,Db3,0.3195
noteOn,169920,479,61:60,C#4,Db4,0.5021
noteOn,169920,479,68:60,G#4,Ab4,0.5021
noteOn,169920,479,73:60,C#5,Db5,0.5021
noteOn,169920,239,49:60,C#3,Db3,0.5021
noteOn,169920,479,41:60,F2,F2,0.5021
noteOn,170160,239,49:60,C#3,Db3,0.2739
noteOn,170400,359,73:72,C#5,Db5,0.3195
noteOn,170400,1199,61:60,C#4,Db4,0.3195
noteOn,170400,1919,69:60,A4,A4,0.3195
noteOn,170400,1199,49:60,C#3,Db3,0.3195
noteOn,170400,1199,52:60,E3,E3,0.3195
noteOn,170760,119,74:60,D5,D5,0.1369
noteOn,170880,239,73:60,C#5,Db5,0.2282
noteOn,171120,239,72:60,C5,C5,0.3195
setTempo,171360,0,705882,85.00004250002125,,
noteOn,171360,239,68:60,G#4,Ab4,0.4564
noteOn,171360,239,73:60,C#5,Db5,0.4564
noteOn,171360,239,41:60,F2,F2,0.4564
noteOn,171600,239,68:90,G#4,Ab4,0.4564
noteOn,171600,239,77:90,F5,F5,0.4564
noteOn,171600,239,80:90,G#5,Ab5,0.4564
noteOn,171840,239,68:90,G#4,Ab4,0.4564
noteOn,171840,239,77:90,F5,F5,0.4564
noteOn,171840,239,80:90,G#5,Ab5,0.4564
noteOn,171840,479,37:90,C#2,Db2,0.4564
noteOn,172080,239,68:90,G#4,Ab4,0.2739
noteOn,172080,239,77:90,F5,F5,0.2739
noteOn,172080,239,80:90,G#5,Ab5,0.2739
noteOn,172320,2879,68:108,G#4,Ab4,0.2282
noteOn,172320,2879,80:108,G#5,Ab5,0.2282
noteOn,172320,359,37:90,C#2,Db2,0.2282
noteOn,172680,119,38:90,D2,D2,0.1369
noteOn,172800,359,37:90,C#2,Db2,0.1826
noteOn,173160,119,36:90,C2,C2,0.1826
noteOn,173280,959,77:90,F5,F5,0.1826
noteOn,173280,359,37:90,C#2,Db2,0.1826
noteOn,173640,119,38:90,D2,D2,0.1369
noteOn,173760,359,37:90,C#2,Db2,0.1826
noteOn,174120,119,36:90,C2,C2,0.1826
noteOn,174240,479,76:90,E5,E5,0.2282
noteOn,174240,359,37:90,C#2,Db2,0.2282
noteOn,174600,119,38:90,D2,D2,0.2282
noteOn,174720,359,73:90,C#5,Db5,0.3651
noteOn,174720,239,37:90,C#2,Db2,0.3651
noteOn,174960,239,35:90,B1,B1,0.3651
noteOn,175080,119,74:90,D5,D5,0.3195
noteOn,175200,959,76:70,E5,E5,0.3195
noteOn,175200,959,81:70,A5,A5,0.3195
noteOn,175200,959,73:70,C#5,Db5,0.3195
noteOn,175200,239,33:70,A1,A1,0.3195
noteOn,175440,0,45:70,A2,A2,0.1369
noteOn,175440,719,45:70,A2,A2,0.1369
noteOn,175680,239,49:70,C#3,Db3,0.3195
noteOn,176160,359,74:70,D5,D5,0.4564
noteOn,176160,959,62:70,D4,D4,0.4564
noteOn,176160,959,64:70,E4,E4,0.4564
noteOn,176160,959,68:70,G#4,Ab4,0.4564
noteOn,176160,0,47:70,B2,B2,0.4564
noteOn,176160,959,47:70,B2,B2,0.4564
noteOn,176400,239,50:70,D3,D3,0.2739
noteOn,176520,119,73:70,C#5,Db5,0.2282
noteOn,176640,239,71:70,B4,B4,0.3195
noteOn,176640,239,52:70,E3,E3,0.3195
noteOn,176880,239,73:70,C#5,Db5,0.2739
noteOn,176880,239,56:70,G#3,Ab3,0.2739
noteOn,177120,1919,61:70,C#4,Db4,0.2282
noteOn,177120,1199,64:70,E4,E4,0.2282
noteOn,177120,239,49:70,C#3,Db3,0.2282
noteOn,177360,239,57:70,A3,A3,0.1369
noteOn,177600,239,52:70,E3,E3,0.1369
noteOn,177840,239,49:70,C#3,Db3,0.1826
noteOn,178080,239,45:70,A2,A2,0.2282
noteOn,178320,239,66:70,F#4,Gb4,0.2739
noteOn,178320,239,40:70,E2,E2,0.2739
noteOn,178560,239,68:70,G#4,Ab4,0.3651
noteOn,178560,239,37:70,C#2,Db2,0.3651
noteOn,178800,239,69:70,A4,A4,0.3195
noteOn,178800,239,33:70,A1,A1,0.3195
noteOn,179040,719,71:70,B4,B4,0.2739
noteOn,179040,959,62:70,D4,D4,0.2739
noteOn,179040,959,64:70,E4,E4,0.2739
noteOn,179040,119,32:70,G#1,Ab1,0.2739
noteOn,179280,239,47:70,B2,B2,0.1826
noteOn,179520,239,52:70,E3,E3,0.3195
noteOn,179760,239,73:70,C#5,Db5,0.3195
noteOn,179760,239,56:70,G#3,Ab3,0.3195
noteOn,180000,359,74:70,D5,D5,0.3195
noteOn,180000,959,62:70,D4,D4,0.3195
noteOn,180000,959,64:70,E4,E4,0.3195
noteOn,180000,119,40:70,E2,E2,0.3195
noteOn,180240,239,47:70,B2,B2,0.2282
noteOn,180480,239,71:70,B4,B4,0.3195
noteOn,180480,239,52:70,E3,E3,0.3195
noteOn,180720,239,76:70,E5,E5,0.2739
noteOn,180720,239,56:70,G#3,Ab3,0.2739
setTempo,180960,0,705882,85.00004250002125,,
noteOn,180960,959,73:70,C#5,Db5,0.2282
noteOn,180960,959,64:70,E4,E4,0.2282
noteOn,180960,239,45:70,A2,A2,0.2282
noteOn,181200,239,49:70,C#3,Db3,0.1369
noteOn,181440,239,52:70,E3,E3,0.1369
noteOn,181680,239,57:70,A3,A3,0.1369
noteOn,181920,239,61:70,C#4,Db4,0.2282
noteOn,182160,239,57:70,A3,A3,0.2282
noteOn,182400,359,73:70,C#5,Db5,0.4108
noteOn,182400,359,85:70,C#6,Db6,0.4108
noteOn,182400,239,52:70,E3,E3,0.4108
noteOn,182640,239,49:70,C#3,Db3,0.3195
noteOn,182760,119,74:70,D5,D5,0.2739
noteOn,182760,119,86:70,D6,D6,0.2739
noteOn,182880,959,76:84,E5,E5,0.2282
noteOn,182880,959,88:84,E6,E6,0.2282
noteOn,182880,239,46:70,A#2,Bb2,0.2282
noteOn,183120,239,52:70,E3,E3,0.1369
noteOn,183360,239,55:70,G3,G3,0.2282
noteOn,183600,239,61:70,C#4,Db4,0.2282
noteOn,183840,359,74:70,D5,D5,0.4108
noteOn,183840,359,86:70,D6,D6,0.4108
noteOn,183840,239,47:70,B2,B2,0.4108
noteOn,184080,239,50:70,D3,D3,0.4108
noteOn,184200,119,73:70,C#5,Db5,0.3651
noteOn,184200,119,85:70,C#6,Db6,0.3651
noteOn,184320,239,71:70,B4,B4,0.4108
noteOn,184320,239,83:70,B5,B5,0.4108
noteOn,184320,239,54:70,F#3,Gb3,0.4108
noteOn,184560,239,66:70,F#4,Gb4,0.3195
noteOn,184560,239,78:70,F#5,Gb5,0.3195
noteOn,184560,239,59:70,B3,B3,0.3195
noteOn,184800,959,76:84,E5,E5,0.2282
noteOn,184800,959,88:84,E6,E6,0.2282
noteOn,184800,239,49:70,C#3,Db3,0.2282
noteOn,185040,239,54:70,F#3,Gb3,0.1369
noteOn,185280,239,58:70,A#3,Bb3,0.2282
noteOn,185520,239,64:70,E4,E4,0.2282
noteOn,185760,359,74:70,D5,D5,0.4108
noteOn,185760,359,86:70,D6,D6,0.4108
noteOn,185760,239,50:70,D3,D3,0.4108
noteOn,186000,239,54:70,F#3,Gb3,0.4108
noteOn,186120,119,73:70,C#5,Db5,0.3651
noteOn,186120,119,85:70,C#6,Db6,0.3651
noteOn,186240,239,71:70,B4,B4,0.4108
noteOn,186240,239,83:70,B5,B5,0.4108
noteOn,186240,239,59:70,B3,B3,0.4108
noteOn,186480,239,78:70,F#5,Gb5,0.3195
noteOn,186480,239,90:70,F#6,Gb6,0.3195
noteOn,186480,239,62:70,D4,D4,0.3195
noteOn,186720,479,78:70,F#5,Gb5,0.3195
noteOn,186720,479,90:70,F#6,Gb6,0.3195
noteOn,186720,119,40:70,E2,E2,0.3195
noteOn,186960,239,49:70,C#3,Db3,0.2282
noteOn,187200,239,69:70,A4,A4,0.3195
noteOn,187200,239,81:70,A5,A5,0.3195
noteOn,187200,239,52:70,E3,E3,0.3195
noteOn,187440,239,57:70,A3,A3,0.2282
noteOn,187680,359,78:70,F#5,Gb5,0.4108
noteOn,187680,359,90:70,F#6,Gb6,0.4108
noteOn,187680,119,40:70,E2,E2,0.4108
noteOn,187920,239,50:70,D3,D3,0.4108
noteOn,188040,119,75:70,D#5,Eb5,0.3651
noteOn,188040,119,87:70,D#6,Eb6,0.3651
noteOn,188160,239,76:70,E5,E5,0.5021
noteOn,188160,239,88:70,E6,E6,0.5021
noteOn,188160,239,52:70,E3,E3,0.5021
noteOn,188400,239,68:70,G#4,Ab4,0.4108
noteOn,188400,239,80:70,G#5,Ab5,0.4108
noteOn,188400,119,59:70,B3,B3,0.4108
noteOn,188640,159,69:70,A4,A4,0.3651
noteOn,188640,159,81:70,A5,A5,0.3651
noteOn,188640,479,45:70,A2,A2,0.3651
noteOn,188640,479,49:70,C#3,Db3,0.3651
noteOn,188640,479,57:70,A3,A3,0.3651
noteOn,188800,159,71:70,B4,B4,0.1826
noteOn,188960,159,73:70,C#5,Db5,0.1826
noteOn,189120,159,74:70,D5,D5,0.1826
noteOn,189280,159,76:70,E5,E5,0.1826
noteOn,189440,159,78:70,F#5,Gb5,0.1826
noteOn,189600,159,80:70,G#5,Ab5,0.1826
noteOn,189760,159,81:70,A5,A5,0.1826
noteOn,189920,159,83:70,B5,B5,0.1826
noteOn,190080,159,85:70,C#6,Db6,0.2282
noteOn,190240,159,86:70,D6,D6,0.2282
noteOn,190400,159,87:70,D#6,Eb6,0.2282
setTempo,190560,0,705882,85.00004250002125,,
noteOn,190560,479,88:70,E6,E6,0.2739
noteOn,190560,159,69:70,A4,A4,0.2739
noteOn,190720,159,73:70,C#5,Db5,0.2282
noteOn,190880,159,69:70,A4,A4,0.2739
noteOn,191040,239,88:70,E6,E6,0.3195
noteOn,191040,159,76:70,E5,E5,0.3195
noteOn,191200,159,73:70,C#5,Db5,0.2739
noteOn,191280,239,88:70,E6,E6,0.2282
noteOn,191360,159,69:70,A4,A4,0.2282
noteOn,191520,479,88:70,E6,E6,0.2739
noteOn,191520,159,68:70,G#4,Ab4,0.2739
noteOn,191680,159,71:70,B4,B4,0.2282
noteOn,191840,159,68:70,G#4,Ab4,0.2282
noteOn,192000,239,83:70,B5,B5,0.2739
noteOn,192000,159,76:70,E5,E5,0.2739
noteOn,192160,159,71:70,B4,B4,0.2739
noteOn,192320,159,68:70,G#4,Ab4,0.3195
noteOn,192480,159,81:70,A5,A5,0.3651
noteOn,192480,159,66:70,F#4,Gb4,0.3651
noteOn,192640,159,83:70,B5,B5,0.3651
noteOn,192640,159,71:70,B4,B4,0.3651
noteOn,192800,159,81:70,A5,A5,0.3651
noteOn,192800,159,66:70,F#4,Gb4,0.3651
noteOn,192960,159,85:70,C#6,Db6,0.3651
noteOn,192960,159,75:70,D#5,Eb5,0.3651
noteOn,193120,159,83:70,B5,B5,0.3195
noteOn,193120,159,71:70,B4,B4,0.3195
noteOn,193280,159,81:70,A5,A5,0.2739
noteOn,193280,159,66:70,F#4,Gb4,0.2739
noteOn,193440,479,80:70,G#5,Ab5,0.2739
noteOn,193440,159,64:70,E4,E4,0.2739
noteOn,193600,159,68:70,G#4,Ab4,0.2282
noteOn,193760,159,64:70,E4,E4,0.2282
noteOn,193920,239,83:70,B5,B5,0.2739
noteOn,193920,159,71:70,B4,B4,0.2739
noteOn,194080,159,68:70,G#4,Ab4,0.2282
noteOn,194240,159,64:70,E4,E4,0.2739
noteOn,194400,239,78:70,F#5,Gb5,0.3195
noteOn,194400,159,62:70,D4,D4,0.3195
noteOn,194560,159,66:70,F#4,Gb4,0.2739
noteOn,194640,239,81:70,A5,A5,0.2739
noteOn,194720,159,62:70,D4,D4,0.2739
noteOn,194880,119,81:70,A5,A5,0.3195
noteOn,194880,159,69:70,A4,A4,0.3195
noteOn,195040,159,66:70,F#4,Gb4,0.2739
noteOn,195120,119,81:70,A5,A5,0.2282
noteOn,195200,159,62:70,D4,D4,0.2282
noteOn,195360,479,81:70,A5,A5,0.2739
noteOn,195360,159,61:70,C#4,Db4,0.2739
noteOn,195520,159,64:70,E4,E4,0.2282
noteOn,195680,159,61:70,C#4,Db4,0.2282
noteOn,195840,239,76:70,E5,E5,0.2739
noteOn,195840,159,69:70,A4,A4,0.2739
noteOn,196000,159,64:70,E4,E4,0.2739
noteOn,196160,159,61:70,C#4,Db4,0.3195
noteOn,196320,159,74:70,D5,D5,0.3651
noteOn,196320,159,59:70,B3,B3,0.3651
noteOn,196480,159,76:70,E5,E5,0.3651
noteOn,196480,159,64:70,E4,E4,0.3651
noteOn,196640,159,74:70,D5,D5,0.3651
noteOn,196640,159,59:70,B3,B3,0.3651
noteOn,196800,159,78:70,F#5,Gb5,0.3651
noteOn,196800,159,68:70,G#4,Ab4,0.3651
noteOn,196960,159,76:70,E5,E5,0.3195
noteOn,196960,159,64:70,E4,E4,0.3195
noteOn,197120,159,74:70,D5,D5,0.2739
noteOn,197120,159,59:70,B3,B3,0.2739
noteOn,197280,479,73:70,C#5,Db5,0.2739
noteOn,197280,159,57:70,A3,A3,0.2739
noteOn,197440,159,61:70,C#4,Db4,0.2282
noteOn,197600,159,57:70,A3,A3,0.2282
noteOn,197760,239,76:70,E5,E5,0.3651
noteOn,197760,159,64:70,E4,E4,0.3651
noteOn,197920,159,61:70,C#4,Db4,0.3195
noteOn,198080,159,57:70,A3,A3,0.3195
setTempo,198240,0,705882,85.00004250002125,,
noteOn,198240,479,61:70,C#4,Db4,0.4108
noteOn,198240,479,73:70,C#5,Db5,0.4108
noteOn,198240,159,49:70,C#3,Db3,0.4108
noteOn,198240,479,45:70,A2,A2,0.4108
noteOn,198400,159,52:70,E3,E3,0.2739
noteOn,198560,159,49:70,C#3,Db3,0.2739
noteOn,198720,239,64:70,E4,E4,0.4108
noteOn,198720,239,76:70,E5,E5,0.4108
noteOn,198720,159,57:70,A3,A3,0.4108
noteOn,198880,159,52:70,E3,E3,0.3195
noteOn,199040,159,49:70,C#3,Db3,0.3195
noteOn,199200,479,64:70,E4,E4,0.4108
noteOn,199200,479,76:70,E5,E5,0.4108
noteOn,199200,159,49:70,C#3,Db3,0.4108
noteOn,199200,479,45:70,A2,A2,0.4108
noteOn,199360,159,52:70,E3,E3,0.2739
noteOn,199520,159,49:70,C#3,Db3,0.2739
noteOn,199680,239,69:70,A4,A4,0.3195
noteOn,199680,239,81:70,A5,A5,0.3195
noteOn,199680,159,57:70,A3,A3,0.3195
noteOn,199840,159,52:70,E3,E3,0.2739
noteOn,200000,159,49:70,C#3,Db3,0.3195
noteOn,200160,159,50:70,D3,D3,0.3651
noteOn,200160,479,40:70,E2,E2,0.3651
noteOn,200320,159,71:70,B4,B4,0.3651
noteOn,200320,159,52:70,E3,E3,0.3651
noteOn,200480,159,73:70,C#5,Db5,0.3651
noteOn,200480,159,50:70,D3,D3,0.3651
noteOn,200640,159,74:70,D5,D5,0.4108
noteOn,200640,159,56:70,G#3,Ab3,0.4108
noteOn,200800,159,73:70,C#5,Db5,0.3651
noteOn,200800,159,52:70,E3,E3,0.3651
noteOn,200960,159,71:70,B4,B4,0.3195
noteOn,200960,159,50:70,D3,D3,0.3195
noteOn,201120,479,75:84,D#5,Eb5,0.3195
noteOn,201120,159,49:70,C#3,Db3,0.3195
noteOn,201120,479,45:70,A2,A2,0.3195
noteOn,201280,159,52:70,E3,E3,0.2282
noteOn,201440,159,49:70,C#3,Db3,0.2282
noteOn,201600,239,76:70,E5,E5,0.3651
noteOn,201600,159,57:70,A3,A3,0.3651
noteOn,201760,159,52:70,E3,E3,0.3195
noteOn,201920,159,49:70,C#3,Db3,0.3195
noteOn,202080,479,73:70,C#5,Db5,0.4108
noteOn,202080,479,85:70,C#6,Db6,0.4108
noteOn,202080,159,61:70,C#4,Db4,0.4108
noteOn,202080,479,57:70,A3,A3,0.4108
noteOn,202240,159,64:70,E4,E4,0.2739
noteOn,202400,159,61:70,C#4,Db4,0.2739
noteOn,202560,239,76:70,E5,E5,0.4108
noteOn,202560,239,88:70,E6,E6,0.4108
noteOn,202560,159,69:70,A4,A4,0.4108
noteOn,202720,159,64:70,E4,E4,0.3195
noteOn,202880,159,61:70,C#4,Db4,0.3195
noteOn,203040,479,81:70,A5,A5,0.4108
noteOn,203040,479,93:70,A6,A6,0.4108
noteOn,203040,159,57:70,A3,A3,0.4108
noteOn,203040,479,54:70,F#3,Gb3,0.4108
noteOn,203200,159,61:70,C#4,Db4,0.2739
noteOn,203360,159,57:70,A3,A3,0.2739
noteOn,203520,239,85:70,C#6,Db6,0.2739
noteOn,203520,239,97:70,C#7,Db7,0.2739
noteOn,203520,159,66:70,F#4,Gb4,0.2739
noteOn,203680,159,61:70,C#4,Db4,0.2282
noteOn,203840,159,57:70,A3,A3,0.2739
noteOn,204000,159,50:70,D3,D3,0.3195
noteOn,204160,159,83:70,B5,B5,0.3651
noteOn,204160,159,62:70,D4,D4,0.3651
noteOn,204320,159,85:70,C#6,Db6,0.3651
noteOn,204320,159,66:70,F#4,Gb4,0.3651
noteOn,204480,159,86:70,D6,D6,0.4108
noteOn,204480,159,52:70,E3,E3,0.4108
noteOn,204640,159,85:70,C#6,Db6,0.3651
noteOn,204640,159,62:70,D4,D4,0.3651
noteOn,204800,159,83:70,B5,B5,0.3195
noteOn,204800,159,64:70,E4,E4,0.3195
noteOn,204960,959,81:70,A5,A5,0.2739
noteOn,204960,79,57:70,A3,A3,0.2739
noteOn,204960,79,61:70,C#4,Db4,0.2739
noteOn,205120,159,73:70,C#5,Db5,0.1826
noteOn,205280,159,76:70,E5,E5,0.1826
noteOn,205440,159,79:70,G5,G5,0.1826
noteOn,205600,159,76:70,E5,E5,0.1826
noteOn,205760,159,73:70,C#5,Db5,0.1826
setTempo,205920,0,705882,85.00004250002125,,
noteOn,205920,959,74:70,D5,D5,0.1826
noteOn,206080,159,78:70,F#5,Gb5,0.1826
noteOn,206240,159,81:70,A5,A5,0.1826
noteOn,206400,159,90:70,F#6,Gb6,0.1826
noteOn,206560,159,81:70,A5,A5,0.1826
noteOn,206720,159,78:70,F#5,Gb5,0.1826
noteOn,206880,959,81:70,A5,A5,0.1826
noteOn,207040,159,73:70,C#5,Db5,0.1826
noteOn,207200,159,76:70,E5,E5,0.1826
noteOn,207360,159,79:70,G5,G5,0.1826
noteOn,207520,159,76:70,E5,E5,0.1826
noteOn,207680,159,73:70,C#5,Db5,0.1826
noteOn,207840,959,74:70,D5,D5,0.1826
noteOn,208000,159,78:70,F#5,Gb5,0.1826
noteOn,208160,159,81:70,A5,A5,0.1826
noteOn,208320,159,90:70,F#6,Gb6,0.2739
noteOn,208480,159,81:70,A5,A5,0.2739
noteOn,208640,159,78:70,F#5,Gb5,0.2739
noteOn,208800,159,90:70,F#6,Gb6,0.3651
noteOn,208800,479,70:70,A#4,Bb4,0.3651
noteOn,208800,479,73:70,C#5,Db5,0.3651
noteOn,208960,159,85:70,C#6,Db6,0.2739
noteOn,209120,159,78:70,F#5,Gb5,0.3651
noteOn,209280,239,75:70,D#5,Eb5,0.4564
noteOn,209280,239,87:70,D#6,Eb6,0.4564
noteOn,209280,159,69:70,A4,A4,0.4564
noteOn,209440,159,71:70,B4,B4,0.3651
noteOn,209520,239,75:70,D#5,Eb5,0.3195
noteOn,209520,239,87:70,D#6,Eb6,0.3195
noteOn,209600,159,78:70,F#5,Gb5,0.2739
noteOn,209760,159,88:70,E6,E6,0.3651
noteOn,209760,479,68:70,G#4,Ab4,0.3651
noteOn,209760,479,71:70,B4,B4,0.3651
noteOn,209920,159,83:71,B5,B5,0.2739
noteOn,210080,159,76:73,E5,E5,0.3651
noteOn,210240,239,73:75,C#5,Db5,0.4564
noteOn,210240,239,85:75,C#6,Db6,0.4564
noteOn,210240,159,67:75,G4,G4,0.4564
noteOn,210400,159,69:76,A4,A4,0.3651
noteOn,210480,239,73:77,C#5,Db5,0.3195
noteOn,210480,239,85:77,C#6,Db6,0.3195
noteOn,210560,159,76:78,E5,E5,0.2739
noteOn,210720,159,86:80,D6,D6,0.4564
noteOn,210720,479,66:80,F#4,Gb4,0.4564
noteOn,210720,479,69:80,A4,A4,0.4564
noteOn,210880,159,81:81,A5,A5,0.3195
noteOn,211040,159,74:83,D5,D5,0.5021
noteOn,211200,239,71:85,B4,B4,0.6847
noteOn,211200,239,74:85,D5,D5,0.6847
noteOn,211200,239,83:85,B5,B5,0.6847
noteOn,211200,239,65:85,F4,F4,0.6847
noteOn,211200,239,69:85,A4,A4,0.6847
noteOn,211440,239,71:87,B4,B4,0.4564
noteOn,211440,239,74:87,D5,D5,0.4564
noteOn,211440,239,83:87,B5,B5,0.4564
noteOn,211440,239,65:87,F4,F4,0.4564
noteOn,211440,239,69:87,A4,A4,0.4564
noteOn,211680,1439,76:90,E5,E5,0.2282
noteOn,211680,1439,88:90,E6,E6,0.2282
noteOn,211680,959,69:90,A4,A4,0.2282
noteOn,211680,959,73:90,C#5,Db5,0.2282
noteOn,211680,1919,64:90,E4,E4,0.2282
noteOn,212640,959,71:90,B4,B4,0.1369
noteOn,212640,959,74:90,D5,D5,0.1369
noteOn,213120,159,86:90,D6,D6,0.2739
noteOn,213280,159,76:90,E5,E5,0.2739
noteOn,213440,159,80:90,G#5,Ab5,0.2739
noteOn,213600,479,81:90,A5,A5,0.2739
noteOn,213600,159,69:90,A4,A4,0.2739
noteOn,213600,159,73:90,C#5,Db5,0.2739
noteOn,213760,159,73:90,C#5,Db5,0.1826
noteOn,213920,159,68:90,G#4,Ab4,0.1826
noteOn,214080,159,69:90,A4,A4,0.1826
noteOn,214240,159,64:90,E4,E4,0.1826
noteOn,214400,159,61:90,C#4,Db4,0.1826
noteOn,214560,159,57:90,A3,A3,0.1826
noteOn,214720,159,61:90,C#4,Db4,0.1826
noteOn,214880,159,56:90,G#3,Ab3,0.1826
noteOn,215040,159,57:90,A3,A3,0.2282
noteOn,215200,159,55:90,G3,G3,0.2282
noteOn,215360,159,52:90,E3,E3,0.2282
setTempo,215520,0,705882,85.00004250002125,,
noteOn,215520,79,53:90,F3,F3,0.2739
noteOn,215520,479,50:90,D3,D3,0.2739
noteOn,215680,159,57:90,A3,A3,0.2282
noteOn,215840,159,65:90,F4,F4,0.2739
noteOn,216000,159,69:90,A4,A4,0.3195
noteOn,216000,239,50:90,D3,D3,0.3195
noteOn,216160,159,65:90,F4,F4,0.2739
noteOn,216240,239,50:90,D3,D3,0.2282
noteOn,216320,159,57:90,A3,A3,0.2282
noteOn,216480,79,52:90,E3,E3,0.2739
noteOn,216480,479,50:90,D3,D3,0.2739
noteOn,216640,159,57:90,A3,A3,0.2282
noteOn,216800,159,64:90,E4,E4,0.2282
noteOn,216960,159,69:90,A4,A4,0.2282
noteOn,216960,239,48:90,C3,C3,0.2282
noteOn,217120,159,64:90,E4,E4,0.2282
noteOn,217280,159,57:90,A3,A3,0.2739
noteOn,217440,79,52:90,E3,E3,0.3195
noteOn,217600,159,62:90,D4,D4,0.3651
noteOn,217600,159,47:90,B2,B2,0.3651
noteOn,217760,159,64:90,E4,E4,0.3651
noteOn,217760,159,48:90,C3,C3,0.3651
noteOn,217920,159,68:90,G#4,Ab4,0.3651
noteOn,217920,159,50:90,D3,D3,0.3651
noteOn,218080,159,64:90,E4,E4,0.3195
noteOn,218080,159,48:90,C3,C3,0.3195
noteOn,218240,159,62:90,D4,D4,0.2739
noteOn,218240,159,47:90,B2,B2,0.2739
noteOn,218400,79,52:90,E3,E3,0.2739
noteOn,218400,479,47:90,B2,B2,0.2739
noteOn,218560,159,60:90,C4,C4,0.2282
noteOn,218720,159,64:90,E4,E4,0.2282
noteOn,218880,159,69:90,A4,A4,0.3195
noteOn,218880,239,45:90,A2,A2,0.3195
noteOn,219040,159,64:90,E4,E4,0.2739
noteOn,219200,159,60:90,C4,C4,0.2739
noteOn,219360,79,53:100,F3,F3,0.3651
noteOn,219360,479,38:100,D2,D2,0.3651
noteOn,219360,479,50:100,D3,D3,0.3651
noteOn,219520,159,57:100,A3,A3,0.2739
noteOn,219680,159,65:100,F4,F4,0.3651
noteOn,219840,159,69:100,A4,A4,0.4564
noteOn,219840,239,38:100,D2,D2,0.4564
noteOn,219840,239,50:100,D3,D3,0.4564
noteOn,220000,159,65:100,F4,F4,0.3651
noteOn,220080,239,38:100,D2,D2,0.3195
noteOn,220080,239,50:100,D3,D3,0.3195
noteOn,220160,159,57:100,A3,A3,0.2739
noteOn,220320,79,52:100,E3,E3,0.3651
noteOn,220320,479,38:100,D2,D2,0.3651
noteOn,220320,479,50:100,D3,D3,0.3651
noteOn,220480,159,57:100,A3,A3,0.2739
noteOn,220640,159,64:100,E4,E4,0.2739
noteOn,220800,159,69:100,A4,A4,0.2739
noteOn,220800,239,36:100,C2,C2,0.2739
noteOn,220800,239,48:100,C3,C3,0.2739
noteOn,220960,159,64:100,E4,E4,0.2282
noteOn,221120,159,57:100,A3,A3,0.2739
noteOn,221280,79,52:100,E3,E3,0.3195
noteOn,221440,159,55:100,G3,G3,0.3651
noteOn,221440,159,46:100,A#2,Bb2,0.3651
noteOn,221600,159,64:100,E4,E4,0.3651
noteOn,221600,159,48:100,C3,C3,0.3651
noteOn,221760,159,67:100,G4,G4,0.4108
noteOn,221760,159,49:100,C#3,Db3,0.4108
noteOn,221920,159,64:100,E4,E4,0.3651
noteOn,221920,159,48:100,C3,C3,0.3651
noteOn,222080,159,55:100,G3,G3,0.3195
noteOn,222080,159,46:100,A#2,Bb2,0.3195
noteOn,222240,79,48:100,C3,C3,0.3651
noteOn,222240,479,34:100,A#1,Bb1,0.3651
noteOn,222240,479,46:100,A#2,Bb2,0.3651
noteOn,222400,159,53:100,F3,F3,0.2739
noteOn,222560,159,60:100,C4,C4,0.2739
noteOn,222720,159,65:100,F4,F4,0.3195
noteOn,222720,239,33:100,A1,A1,0.3195
noteOn,222720,239,45:100,A2,A2,0.3195
noteOn,222880,159,60:100,C4,C4,0.3195
noteOn,223040,159,53:100,F3,F3,0.4108
setTempo,223200,0,705882,85.00004250002125,,
noteOn,223200,479,32:120,G#1,Ab1,0.5934
noteOn,223200,479,44:120,G#2,Ab2,0.5934
noteOn,223360,159,64:100,E4,E4,0.639
noteOn,223360,159,71:100,B4,B4,0.639
noteOn,223360,159,76:100,E5,E5,0.639
noteOn,223520,159,64:100,E4,E4,0.7303
noteOn,223520,159,71:100,B4,B4,0.7303
noteOn,223520,159,76:100,E5,E5,0.7303
noteOn,223680,159,64:100,E4,E4,0.6847
noteOn,223680,159,71:100,B4,B4,0.6847
noteOn,223680,159,76:100,E5,E5,0.6847
noteOn,223680,239,56:100,G#3,Ab3,0.6847
noteOn,223680,239,59:100,B3,B3,0.6847
noteOn,223840,159,64:100,E4,E4,0.5934
noteOn,223840,159,71:100,B4,B4,0.5934
noteOn,223840,159,76:100,E5,E5,0.5934
noteOn,223920,239,56:100,G#3,Ab3,0.4564
noteOn,223920,239,59:100,B3,B3,0.4564
noteOn,224000,159,64:100,E4,E4,0.5021
noteOn,224000,159,71:100,B4,B4,0.5021
noteOn,224000,159,76:100,E5,E5,0.5021
noteOn,224160,479,31:120,G1,G1,0.5934
noteOn,224160,479,43:120,G2,G2,0.5934
noteOn,224320,159,64:100,E4,E4,0.639
noteOn,224320,159,70:100,A#4,Bb4,0.639
noteOn,224320,159,73:100,C#5,Db5,0.639
noteOn,224480,159,64:100,E4,E4,0.7303
noteOn,224480,159,70:100,A#4,Bb4,0.7303
noteOn,224480,159,73:100,C#5,Db5,0.7303
noteOn,224640,159,64:100,E4,E4,0.639
noteOn,224640,159,70:100,A#4,Bb4,0.639
noteOn,224640,159,73:100,C#5,Db5,0.639
noteOn,224640,239,55:100,G3,G3,0.639
noteOn,224640,239,58:100,A#3,Bb3,0.639
noteOn,224800,159,64:100,E4,E4,0.5477
noteOn,224800,159,70:100,A#4,Bb4,0.5477
noteOn,224800,159,73:100,C#5,Db5,0.5477
noteOn,224880,239,55:100,G3,G3,0.4108
noteOn,224880,239,58:100,A#3,Bb3,0.4108
noteOn,224960,159,64:100,E4,E4,0.4564
noteOn,224960,159,70:100,A#4,Bb4,0.4564
noteOn,224960,159,73:100,C#5,Db5,0.4564
noteOn,225120,479,30:120,F#1,Gb1,0.5477
noteOn,225280,159,62:100,D4,D4,0.639
noteOn,225280,159,69:100,A4,A4,0.639
noteOn,225280,159,74:100,D5,D5,0.639
noteOn,225440,159,62:100,D4,D4,0.7303
noteOn,225440,159,69:100,A4,A4,0.7303
noteOn,225440,159,74:100,D5,D5,0.7303
noteOn,225600,159,62:100,D4,D4,0.6847
noteOn,225600,159,69:100,A4,A4,0.6847
noteOn,225600,159,74:100,D5,D5,0.6847
noteOn,225600,239,54:100,F#3,Gb3,0.6847
noteOn,225600,239,57:100,A3,A3,0.6847
noteOn,225760,159,62:100,D4,D4,0.5934
noteOn,225760,159,69:100,A4,A4,0.5934
noteOn,225760,159,74:100,D5,D5,0.5934
noteOn,225840,239,54:100,F#3,Gb3,0.4564
noteOn,225840,239,57:100,A3,A3,0.4564
noteOn,225920,159,62:100,D4,D4,0.5021
noteOn,225920,159,69:100,A4,A4,0.5021
noteOn,225920,159,74:100,D5,D5,0.5021
noteOn,226080,479,29:120,F1,F1,0.639
noteOn,226080,479,41:120,F2,F2,0.639
noteOn,226240,159,62:100,D4,D4,0.6847
noteOn,226240,159,69:100,A4,A4,0.6847
noteOn,226240,159,71:100,B4,B4,0.6847
noteOn,226400,159,62:100,D4,D4,0.8216
noteOn,226400,159,69:100,A4,A4,0.8216
noteOn,226400,159,71:100,B4,B4,0.8216
noteOn,226560,159,62:100,D4,D4,0.9129
noteOn,226560,159,69:100,A4,A4,0.9129
noteOn,226560,159,71:100,B4,B4,0.9129
noteOn,226560,239,53:100,F3,F3,0.9129
noteOn,226560,239,57:100,A3,A3,0.9129
noteOn,226560,239,59:100,B3,B3,0.9129
noteOn,226720,159,62:100,D4,D4,0.639
noteOn,226720,159,69:100,A4,A4,0.639
noteOn,226720,159,71:100,B4,B4,0.639
noteOn,226800,239,53:100,F3,F3,0.5021
noteOn,226800,239,57:100,A3,A3,0.5021
noteOn,226800,239,59:100,B3,B3,0.5021
noteOn,226880,159,62:100,D4,D4,0.3651
noteOn,226880,159,69:100,A4,A4,0.3651
noteOn,226880,159,71:100,B4,B4,0.3651
noteOn,227040,479,64:70,E4,E4,0.3651
noteOn,227040,479,76:70,E5,E5,0.3651
noteOn,227040,479,57:70,A3,A3,0.3651
noteOn,227040,479,61:70,C#4,Db4,0.3651
noteOn,227040,959,52:70,E3,E3,0.3651
noteOn,227520,159,74:70,D5,D5,0.3651
noteOn,227520,479,59:70,B3,B3,0.3651
noteOn,227520,479,62:70,D4,D4,0.3651
noteOn,227680,159,64:70,E4,E4,0.2739
noteOn,227840,159,68:70,G#4,Ab4,0.2739
noteOn,228000,159,69:70,A4,A4,0.2739
noteOn,228000,239,57:70,A3,A3,0.2739
noteOn,228000,239,61:70,C#4,Db4,0.2739
noteOn,228160,159,73:70,C#5,Db5,0.1826
noteOn,228320,159,76:70,E5,E5,0.1826
noteOn,228480,159,81:70,A5,A5,0.3651
noteOn,228640,159,85:70,C#6,Db6,0.3195
noteOn,228800,159,86:70,D6,D6,0.2739
noteOn,228960,479,76:70,E5,E5,0.3651
noteOn,228960,479,88:70,E6,E6,0.3651
noteOn,228960,479,69:70,A4,A4,0.3651
noteOn,228960,479,73:70,C#5,Db5,0.3651
noteOn,228960,959,64:70,E4,E4,0.3651
noteOn,229440,159,86:70,D6,D6,0.3651
noteOn,229440,479,71:70,B4,B4,0.3651
noteOn,229440,479,74:70,D5,D5,0.3651
noteOn,229600,159,76:70,E5,E5,0.2739
noteOn,229760,159,80:70,G#5,Ab5,0.2739
noteOn,229920,159,81:70,A5,A5,0.2739
noteOn,229920,239,69:70,A4,A4,0.2739
noteOn,229920,239,73:70,C#5,Db5,0.2739
noteOn,230080,159,88:70,E6,E6,0.1826
noteOn,230240,159,97:70,C#7,Db7,0.1826
noteOn,230400,159,93:70,A6,A6,0.2282
noteOn,230560,159,88:70,E6,E6,0.1826
noteOn,230720,159,85:70,C#6,Db6,0.1369
setTempo,230880,0,705882,85.00004250002125,,
noteOn,230880,239,81:60,A5,A5,0.1369
noteOn,230880,239,57:60,A3,A3,0.1369
noteOn,231360,119,57:60,A3,A3,0.1826
noteOn,231600,119,57:60,A3,A3,0.1369
noteOn,231840,239,69:60,A4,A4,0.1826
noteOn,231840,239,57:60,A3,A3,0.1826
noteOn,232320,119,69:60,A4,A4,0.4564
noteOn,232320,119,57:60,A3,A3,0.4564
noteOn,232560,119,69:60,A4,A4,0.3651
noteOn,232560,119,57:60,A3,A3,0.3651
noteOn,232800,479,69:72,A4,A4,0.5477
noteOn,232800,479,73:72,C#5,Db5,0.5477
noteOn,232800,479,76:72,E5,E5,0.5477
noteOn,232800,479,81:72,A5,A5,0.5477
noteOn,232800,239,57:60,A3,A3,0.5477
noteOn,232800,239,67:60,G4,G4,0.5477
noteOn,233280,119,69:60,A4,A4,0.7759
noteOn,233280,119,73:60,C#5,Db5,0.7759
noteOn,233280,119,76:60,E5,E5,0.7759
noteOn,233280,119,81:60,A5,A5,0.7759
noteOn,233280,119,57:60,A3,A3,0.7759
noteOn,233280,119,67:60,G4,G4,0.7759
noteOn,233520,119,69:60,A4,A4,0.5021
noteOn,233520,119,73:60,C#5,Db5,0.5021
noteOn,233520,119,76:60,E5,E5,0.5021
noteOn,233520,119,81:60,A5,A5,0.5021
noteOn,233520,119,57:60,A3,A3,0.5021
noteOn,233520,119,67:60,G4,G4,0.5021
noteOn,233760,479,69:72,A4,A4,0.4564
noteOn,233760,479,72:72,C5,C5,0.4564
noteOn,233760,479,75:72,D#5,Eb5,0.4564
noteOn,233760,239,57:60,A3,A3,0.4564
noteOn,233760,239,66:60,F#4,Gb4,0.4564
noteOn,234240,119,69:60,A4,A4,0.7759
noteOn,234240,119,72:60,C5,C5,0.7759
noteOn,234240,119,75:60,D#5,Eb5,0.7759
noteOn,234240,119,57:60,A3,A3,0.7759
noteOn,234240,119,65:60,F4,F4,0.7759
noteOn,234480,119,69:60,A4,A4,0.5477
noteOn,234480,119,72:60,C5,C5,0.5477
noteOn,234480,119,75:60,D#5,Eb5,0.5477
noteOn,234480,119,57:60,A3,A3,0.5477
noteOn,234480,119,65:60,F4,F4,0.5477
noteOn,234720,479,69:72,A4,A4,0.4564
noteOn,234720,479,73:72,C#5,Db5,0.4564
noteOn,234720,479,76:72,E5,E5,0.4564
noteOn,234720,479,57:60,A3,A3,0.4564
noteOn,234720,479,61:60,C#4,Db4,0.4564
noteOn,234720,479,64:60,E4,E4,0.4564
noteOn,234720,959,52:60,E3,E3,0.4564
noteOn,235200,159,74:60,D5,D5,0.3651
noteOn,235200,479,59:60,B3,B3,0.3651
noteOn,235200,479,62:60,D4,D4,0.3651
noteOn,235360,159,64:60,E4,E4,0.2739
noteOn,235520,159,68:60,G#4,Ab4,0.2739
noteOn,235680,79,69:60,A4,A4,0.2739
noteOn,235680,239,61:60,C#4,Db4,0.2739
noteOn,235680,239,57:60,A3,A3,0.2739
noteOn,235840,159,76:60,E5,E5,0.1826
noteOn,236000,159,85:60,C#6,Db6,0.1826
noteOn,236160,159,81:60,A5,A5,0.2282
noteOn,236320,159,76:60,E5,E5,0.1826
noteOn,236480,159,73:60,C#5,Db5,0.1369
noteOn,236640,239,69:60,A4,A4,0.1369
noteOn,236640,239,45:60,A2,A2,0.1369
noteOn,237120,119,45:50,A2,A2,0.1826
noteOn,237360,119,45:50,A2,A2,0.1369
noteOn,237600,239,57:50,A3,A3,0.1826
noteOn,237600,239,45:50,A2,A2,0.1826
noteOn,238080,119,57:50,A3,A3,0.4564
noteOn,238080,119,45:50,A2,A2,0.4564
noteOn,238320,119,57:50,A3,A3,0.3651
noteOn,238320,119,45:50,A2,A2,0.3651
noteOn,238560,239,58:50,A#3,Bb3,0.5477
noteOn,238560,239,61:50,C#4,Db4,0.5477
noteOn,238560,239,64:50,E4,E4,0.5477
noteOn,238560,239,70:50,A#4,Bb4,0.5477
noteOn,238560,239,45:50,A2,A2,0.5477
noteOn,238560,239,55:50,G3,G3,0.5477
noteOn,239040,119,57:50,A3,A3,0.7759
noteOn,239040,119,61:50,C#4,Db4,0.7759
noteOn,239040,119,64:50,E4,E4,0.7759
noteOn,239040,119,69:50,A4,A4,0.7759
noteOn,239040,119,45:50,A2,A2,0.7759
noteOn,239040,119,55:50,G3,G3,0.7759
noteOn,239280,119,57:50,A3,A3,0.5021
noteOn,239280,119,61:50,C#4,Db4,0.5021
noteOn,239280,119,64:50,E4,E4,0.5021
noteOn,239280,119,69:50,A4,A4,0.5021
noteOn,239280,119,45:50,A2,A2,0.5021
noteOn,239280,119,55:50,G3,G3,0.5021
noteOn,239520,239,57:50,A3,A3,0.4564
noteOn,239520,239,60:50,C4,C4,0.4564
noteOn,239520,239,63:50,D#4,Eb4,0.4564
noteOn,239520,239,45:50,A2,A2,0.4564
noteOn,239520,239,54:50,F#3,Gb3,0.4564
noteOn,240000,239,57:50,A3,A3,0.6847
noteOn,240000,239,60:50,C4,C4,0.6847
noteOn,240000,239,63:50,D#4,Eb4,0.6847
noteOn,240000,119,45:50,A2,A2,0.6847
noteOn,240000,119,53:50,F3,F3,0.6847
noteOn,240240,119,57:50,A3,A3,0.4564
noteOn,240240,119,60:50,C4,C4,0.4564
noteOn,240240,119,63:50,D#4,Eb4,0.4564
noteOn,240240,119,45:50,A2,A2,0.4564
noteOn,240240,119,53:50,F3,F3,0.4564
timeSignature,240480,0,3:4,3/4,,
noteOn,240480,719,57:60,A3,A3,0.3195
noteOn,240480,719,61:60,C#4,Db4,0.3195
noteOn,240480,639,64:60,E4,E4,0.3195
noteOn,240480,1919,40:50,E2,E2,0.3195
noteOn,240480,1199,52:50,E3,E3,0.3195
noteOn,240960,479,59:50,B3,B3,0.2739
noteOn,240960,479,62:50,D4,D4,0.2739
noteOn,241120,159,66:50,F#4,Gb4,0.1826
noteOn,241280,159,68:50,G#4,Ab4,0.1369
noteOn,241440,239,69:50,A4,A4,0.0913
noteOn,241440,239,45:50,A2,A2,0.0913
timeSignature,241920,0,1:4,1/4,,
setTempo,241920,0,705882,85.00004250002125,,
timeSignature,242400,0,4:4,4/4,,
noteOn,243840,359,73:60,C#5,Db5,0.4108
noteOn,244200,119,74:60,D5,D5,0.3651
noteOn,244320,959,76:72,E5,E5,0.3195
noteOn,244320,959,64:60,E4,E4,0.3195
noteOn,244320,959,67:60,G4,G4,0.3195
noteOn,244320,959,46:60,A#2,Bb2,0.3195
noteOn,244320,959,52:60,E3,E3,0.3195
noteOn,244320,959,55:60,G3,G3,0.3195
noteOn,244320,959,61:60,C#4,Db4,0.3195
noteOn,245280,359,74:60,D5,D5,0.5477
noteOn,245280,959,62:60,D4,D4,0.5477
noteOn,245280,959,66:60,F#4,Gb4,0.5477
noteOn,245280,479,47:60,B2,B2,0.5477
noteOn,245280,479,50:60,D3,D3,0.5477
noteOn,245280,479,54:60,F#3,Gb3,0.5477
noteOn,245280,479,59:60,B3,B3,0.5477
noteOn,245640,119,73:60,C#5,Db5,0.2739
noteOn,245760,239,71:60,B4,B4,0.4564
noteOn,245760,479,50:60,D3,D3,0.4564
noteOn,245760,479,54:60,F#3,Gb3,0.4564
noteOn,245760,479,59:60,B3,B3,0.4564
noteOn,246000,239,73:60,C#5,Db5,0.2739
noteOn,246240,1199,61:60,C#4,Db4,0.2282
noteOn,246240,1199,64:60,E4,E4,0.2282
noteOn,246240,1919,52:60,E3,E3,0.2282
noteOn,246240,959,56:60,G#3,Ab3,0.2282
noteOn,246240,1919,59:60,B3,B3,0.2282
noteOn,247200,959,62:60,D4,D4,0.1369
noteOn,247440,239,64:60,E4,E4,0.1369
noteOn,247680,239,66:60,F#4,Gb4,0.2739
noteOn,247920,239,68:60,G#4,Ab4,0.2282
noteOn,248160,959,68:60,G#4,Ab4,0.1826
noteOn,248160,959,62:60,D4,D4,0.1826
noteOn,248160,959,59:60,B3,B3,0.1826
noteOn,248160,1199,54:60,F#3,Gb3,0.1826
noteOn,249120,239,69:60,A4,A4,0.1369
noteOn,249120,239,57:60,A3,A3,0.1369
noteOn,249600,359,61:60,C#4,Db4,0.3195
noteOn,249960,119,62:60,D4,D4,0.2739
noteOn,250080,959,64:72,E4,E4,0.2282
noteOn,250080,959,52:60,E3,E3,0.2282
noteOn,250080,959,55:60,G3,G3,0.2282
noteOn,250080,959,34:60,A#1,Bb1,0.2282
noteOn,250080,959,43:60,G2,G2,0.2282
noteOn,251040,359,62:60,D4,D4,0.5021
noteOn,251040,959,50:60,D3,D3,0.5021
noteOn,251040,959,54:60,F#3,Gb3,0.5021
noteOn,251040,479,35:60,B1,B1,0.5021
noteOn,251040,479,38:60,D2,D2,0.5021
noteOn,251040,479,42:60,F#2,Gb2,0.5021
noteOn,251400,119,61:60,C#4,Db4,0.2739
noteOn,251520,239,59:60,B3,B3,0.4108
noteOn,251520,479,38:60,D2,D2,0.4108
noteOn,251520,479,42:60,F#2,Gb2,0.4108
noteOn,251520,479,47:60,B2,B2,0.4108
noteOn,251760,239,61:60,C#4,Db4,0.2282
noteOn,252000,1199,52:60,E3,E3,0.1826
noteOn,252000,959,45:60,A2,A2,0.1826
noteOn,252000,959,49:60,C#3,Db3,0.1826
noteOn,252000,1919,40:60,E2,E2,0.1826
noteOn,252960,959,47:60,B2,B2,0.1826
noteOn,252960,959,50:60,D3,D3,0.1826
noteOn,253200,239,52:60,E3,E3,0.1369
noteOn,253440,239,54:60,F#3,Gb3,0.4108
noteOn,253680,239,56:60,G#3,Ab3,0.3651
noteOn,253920,959,50:60,D3,D3,0.3651
noteOn,253920,959,52:60,E3,E3,0.3651
noteOn,253920,959,56:60,G#3,Ab3,0.3651
noteOn,253920,959,59:60,B3,B3,0.3651
noteOn,253920,1439,33:60,A1,A1,0.3651
noteOn,253920,0,45:60,A2,A2,0.3651
noteOn,253920,1439,45:60,A2,A2,0.3651
noteOn,254400,479,40:60,E2,E2,0.1826
noteOn,254880,479,49:60,C#3,Db3,0.1369
noteOn,254880,479,52:60,E3,E3,0.1369
noteOn,254880,479,57:60,A3,A3,0.1369